Copyright 1986-2022 Xilinx, Inc. All Rights Reserved. Copyright 2022-2025 Advanced Micro Devices, Inc. All Rights Reserved.
-----------------------------------------------------------------------------------------------------------------------------------------------------------------------------------------------------------------------------
| Tool Version : Vivado v.2025.2 (win64) Build 6299465 Fri Nov 14 19:35:11 GMT 2025
| Date         : Tue Apr 21 21:58:57 2026
| Host         : DESKTOP-5V676FB running 64-bit major release  (build 9200)
| Command      : report_timing_summary -max_paths 10 -routable_nets -report_unconstrained -file nexys_a7_top_timing_summary_routed.rpt -pb nexys_a7_top_timing_summary_routed.pb -rpx nexys_a7_top_timing_summary_routed.rpx
| Design       : nexys_a7_top
| Device       : 7a100t-csg324
| Speed File   : -1  PRODUCTION 1.23 2018-06-13
| Design State : Routed
-----------------------------------------------------------------------------------------------------------------------------------------------------------------------------------------------------------------------------

Timing Summary Report

------------------------------------------------------------------------------------------------
| Timer Settings
| --------------
------------------------------------------------------------------------------------------------

  Enable Multi Corner Analysis               :  Yes
  Enable Pessimism Removal                   :  Yes
  Pessimism Removal Resolution               :  Nearest Common Node
  Enable Input Delay Default Clock           :  No
  Enable Preset / Clear Arcs                 :  No
  Disable Flight Delays                      :  No
  Ignore I/O Paths                           :  No
  Timing Early Launch at Borrowing Latches   :  No
  Borrow Time for Max Delay Exceptions       :  Yes
  Merge Timing Exceptions                    :  Yes
  Inter-SLR Compensation                     :  Conservative

  Corner  Analyze    Analyze    
  Name    Max Paths  Min Paths  
  ------  ---------  ---------  
  Slow    Yes        Yes        
  Fast    Yes        Yes        


------------------------------------------------------------------------------------------------
| Report Methodology
| ------------------
------------------------------------------------------------------------------------------------

Rule       Severity          Description                                 Violations  
---------  ----------------  ------------------------------------------  ----------  
TIMING-17  Critical Warning  Non-clocked sequential cell                 258         
SYNTH-6    Warning           Timing of a RAM block might be sub-optimal  1           
TIMING-18  Warning           Missing input or output delay               15          

Note: This report is based on the most recent report_methodology run and may not be up-to-date. Run report_methodology on the current design for the latest report.



check_timing report

Table of Contents
-----------------
1. checking no_clock (258)
2. checking constant_clock (0)
3. checking pulse_width_clock (0)
4. checking unconstrained_internal_endpoints (791)
5. checking no_input_delay (1)
6. checking no_output_delay (28)
7. checking multiple_clock (0)
8. checking generated_clocks (0)
9. checking loops (0)
10. checking partial_input_delay (0)
11. checking partial_output_delay (0)
12. checking latch_loops (0)

1. checking no_clock (258)
--------------------------
 There are 258 register/latch pins with no clock driven by root clock pin: SW[15] (HIGH)


2. checking constant_clock (0)
------------------------------
 There are 0 register/latch pins with constant_clock.


3. checking pulse_width_clock (0)
---------------------------------
 There are 0 register/latch pins which need pulse_width check


4. checking unconstrained_internal_endpoints (791)
--------------------------------------------------
 There are 791 pins that are not constrained for maximum delay. (HIGH)

 There are 0 pins that are not constrained for maximum delay due to constant clock.


5. checking no_input_delay (1)
------------------------------
 There is 1 input port with no input delay specified. (HIGH)

 There are 0 input ports with no input delay but user has a false path constraint.


6. checking no_output_delay (28)
--------------------------------
 There are 28 ports with no output delay specified. (HIGH)

 There are 0 ports with no output delay but user has a false path constraint

 There are 0 ports with no output delay but with a timing clock defined on it or propagating through it


7. checking multiple_clock (0)
------------------------------
 There are 0 register/latch pins with multiple clocks.


8. checking generated_clocks (0)
--------------------------------
 There are 0 generated clocks that are not connected to a clock source.


9. checking loops (0)
---------------------
 There are 0 combinational loops in the design.


10. checking partial_input_delay (0)
------------------------------------
 There are 0 input ports with partial input delay specified.


11. checking partial_output_delay (0)
-------------------------------------
 There are 0 ports with partial output delay specified.


12. checking latch_loops (0)
----------------------------
 There are 0 combinational latch loops in the design through latch input



------------------------------------------------------------------------------------------------
| Design Timing Summary
| ---------------------
------------------------------------------------------------------------------------------------

    WNS(ns)      TNS(ns)  TNS Failing Endpoints  TNS Total Endpoints      WHS(ns)      THS(ns)  THS Failing Endpoints  THS Total Endpoints     WPWS(ns)     TPWS(ns)  TPWS Failing Endpoints  TPWS Total Endpoints  
    -------      -------  ---------------------  -------------------      -------      -------  ---------------------  -------------------     --------     --------  ----------------------  --------------------  
      7.350        0.000                      0                   19        0.171        0.000                      0                   19        4.500        0.000                       0                    20  


All user specified timing constraints are met.


------------------------------------------------------------------------------------------------
| Clock Summary
| -------------
------------------------------------------------------------------------------------------------

Clock        Waveform(ns)       Period(ns)      Frequency(MHz)
-----        ------------       ----------      --------------
sys_clk_pin  {0.000 5.000}      10.000          100.000         


------------------------------------------------------------------------------------------------
| Intra Clock Table
| -----------------
------------------------------------------------------------------------------------------------

Clock             WNS(ns)      TNS(ns)  TNS Failing Endpoints  TNS Total Endpoints      WHS(ns)      THS(ns)  THS Failing Endpoints  THS Total Endpoints     WPWS(ns)     TPWS(ns)  TPWS Failing Endpoints  TPWS Total Endpoints  
-----             -------      -------  ---------------------  -------------------      -------      -------  ---------------------  -------------------     --------     --------  ----------------------  --------------------  
sys_clk_pin         7.350        0.000                      0                   19        0.171        0.000                      0                   19        4.500        0.000                       0                    20  


------------------------------------------------------------------------------------------------
| Inter Clock Table
| -----------------
------------------------------------------------------------------------------------------------

From Clock    To Clock          WNS(ns)      TNS(ns)  TNS Failing Endpoints  TNS Total Endpoints      WHS(ns)      THS(ns)  THS Failing Endpoints  THS Total Endpoints  
----------    --------          -------      -------  ---------------------  -------------------      -------      -------  ---------------------  -------------------  


------------------------------------------------------------------------------------------------
| Other Path Groups Table
| -----------------------
------------------------------------------------------------------------------------------------

Path Group    From Clock    To Clock          WNS(ns)      TNS(ns)  TNS Failing Endpoints  TNS Total Endpoints      WHS(ns)      THS(ns)  THS Failing Endpoints  THS Total Endpoints  
----------    ----------    --------          -------      -------  ---------------------  -------------------      -------      -------  ---------------------  -------------------  


------------------------------------------------------------------------------------------------
| User Ignored Path Table
| -----------------------
------------------------------------------------------------------------------------------------

Path Group    From Clock    To Clock    
----------    ----------    --------    


------------------------------------------------------------------------------------------------
| Unconstrained Path Table
| ------------------------
------------------------------------------------------------------------------------------------

Path Group    From Clock    To Clock    
----------    ----------    --------    
(none)                                    
(none)        sys_clk_pin                 


------------------------------------------------------------------------------------------------
| Timing Details
| --------------
------------------------------------------------------------------------------------------------


---------------------------------------------------------------------------------------------------
From Clock:  sys_clk_pin
  To Clock:  sys_clk_pin

Setup :            0  Failing Endpoints,  Worst Slack        7.350ns,  Total Violation        0.000ns
Hold  :            0  Failing Endpoints,  Worst Slack        0.171ns,  Total Violation        0.000ns
PW    :            0  Failing Endpoints,  Worst Slack        4.500ns,  Total Violation        0.000ns
---------------------------------------------------------------------------------------------------


Max Delay Paths
--------------------------------------------------------------------------------------
Slack (MET) :             7.350ns  (required time - arrival time)
  Source:                 pc_display/refresh_counter_reg[2]/C
                            (rising edge-triggered cell FDRE clocked by sys_clk_pin  {rise@0.000ns fall@5.000ns period=10.000ns})
  Destination:            pc_display/refresh_counter_reg[18]/D
                            (rising edge-triggered cell FDRE clocked by sys_clk_pin  {rise@0.000ns fall@5.000ns period=10.000ns})
  Path Group:             sys_clk_pin
  Path Type:              Setup (Max at Slow Process Corner)
  Requirement:            10.000ns  (sys_clk_pin rise@10.000ns - sys_clk_pin rise@0.000ns)
  Data Path Delay:        2.390ns  (logic 1.806ns (75.562%)  route 0.584ns (24.438%))
  Logic Levels:           5  (CARRY4=5)
  Clock Path Skew:        -0.287ns (DCD - SCD + CPR)
    Destination Clock Delay (DCD):    5.029ns = ( 15.029 - 10.000 ) 
    Source Clock Delay      (SCD):    5.503ns
    Clock Pessimism Removal (CPR):    0.187ns
  Clock Uncertainty:      0.035ns  ((TSJ^2 + TIJ^2)^1/2 + DJ) / 2 + PE
    Total System Jitter     (TSJ):    0.071ns
    Total Input Jitter      (TIJ):    0.000ns
    Discrete Jitter          (DJ):    0.000ns
    Phase Error              (PE):    0.000ns

    Location             Delay type                Incr(ns)  Path(ns)    Netlist Resource(s)
  -------------------------------------------------------------------    -------------------
                         (clock sys_clk_pin rise edge)
                                                      0.000     0.000 r  
    E3                                                0.000     0.000 r  CLK100MHZ (IN)
                         net (fo=0)                   0.000     0.000    CLK100MHZ
    E3                   IBUF (Prop_ibuf_I_O)         1.482     1.482 r  CLK100MHZ_IBUF_inst/O
                         net (fo=1, routed)           2.025     3.506    CLK100MHZ_IBUF
    BUFGCTRL_X0Y16       BUFG (Prop_bufg_I_O)         0.096     3.602 r  CLK100MHZ_IBUF_BUFG_inst/O
                         net (fo=19, routed)          1.900     5.503    pc_display/CLK100MHZ_IBUF_BUFG
    SLICE_X0Y48          FDRE                                         r  pc_display/refresh_counter_reg[2]/C
  -------------------------------------------------------------------    -------------------
    SLICE_X0Y48          FDRE (Prop_fdre_C_Q)         0.456     5.959 r  pc_display/refresh_counter_reg[2]/Q
                         net (fo=1, routed)           0.583     6.542    pc_display/refresh_counter_reg_n_0_[2]
    SLICE_X0Y48          CARRY4 (Prop_carry4_S[1]_CO[3])
                                                      0.674     7.216 r  pc_display/refresh_counter0_carry/CO[3]
                         net (fo=1, routed)           0.000     7.216    pc_display/refresh_counter0_carry_n_0
    SLICE_X0Y49          CARRY4 (Prop_carry4_CI_CO[3])
                                                      0.114     7.330 r  pc_display/refresh_counter0_carry__0/CO[3]
                         net (fo=1, routed)           0.001     7.331    pc_display/refresh_counter0_carry__0_n_0
    SLICE_X0Y50          CARRY4 (Prop_carry4_CI_CO[3])
                                                      0.114     7.445 r  pc_display/refresh_counter0_carry__1/CO[3]
                         net (fo=1, routed)           0.000     7.445    pc_display/refresh_counter0_carry__1_n_0
    SLICE_X0Y51          CARRY4 (Prop_carry4_CI_CO[3])
                                                      0.114     7.559 r  pc_display/refresh_counter0_carry__2/CO[3]
                         net (fo=1, routed)           0.000     7.559    pc_display/refresh_counter0_carry__2_n_0
    SLICE_X0Y52          CARRY4 (Prop_carry4_CI_O[1])
                                                      0.334     7.893 r  pc_display/refresh_counter0_carry__3/O[1]
                         net (fo=1, routed)           0.000     7.893    pc_display/p_0_in[18]
    SLICE_X0Y52          FDRE                                         r  pc_display/refresh_counter_reg[18]/D
  -------------------------------------------------------------------    -------------------

                         (clock sys_clk_pin rise edge)
                                                     10.000    10.000 r  
    E3                                                0.000    10.000 r  CLK100MHZ (IN)
                         net (fo=0)                   0.000    10.000    CLK100MHZ
    E3                   IBUF (Prop_ibuf_I_O)         1.411    11.411 r  CLK100MHZ_IBUF_inst/O
                         net (fo=1, routed)           1.920    13.331    CLK100MHZ_IBUF
    BUFGCTRL_X0Y16       BUFG (Prop_bufg_I_O)         0.091    13.422 r  CLK100MHZ_IBUF_BUFG_inst/O
                         net (fo=19, routed)          1.606    15.029    pc_display/CLK100MHZ_IBUF_BUFG
    SLICE_X0Y52          FDRE                                         r  pc_display/refresh_counter_reg[18]/C
                         clock pessimism              0.187    15.216    
                         clock uncertainty           -0.035    15.180    
    SLICE_X0Y52          FDRE (Setup_fdre_C_D)        0.062    15.242    pc_display/refresh_counter_reg[18]
  -------------------------------------------------------------------
                         required time                         15.242    
                         arrival time                          -7.893    
  -------------------------------------------------------------------
                         slack                                  7.350    

Slack (MET) :             7.461ns  (required time - arrival time)
  Source:                 pc_display/refresh_counter_reg[2]/C
                            (rising edge-triggered cell FDRE clocked by sys_clk_pin  {rise@0.000ns fall@5.000ns period=10.000ns})
  Destination:            pc_display/refresh_counter_reg[17]/D
                            (rising edge-triggered cell FDRE clocked by sys_clk_pin  {rise@0.000ns fall@5.000ns period=10.000ns})
  Path Group:             sys_clk_pin
  Path Type:              Setup (Max at Slow Process Corner)
  Requirement:            10.000ns  (sys_clk_pin rise@10.000ns - sys_clk_pin rise@0.000ns)
  Data Path Delay:        2.279ns  (logic 1.695ns (74.372%)  route 0.584ns (25.628%))
  Logic Levels:           5  (CARRY4=5)
  Clock Path Skew:        -0.287ns (DCD - SCD + CPR)
    Destination Clock Delay (DCD):    5.029ns = ( 15.029 - 10.000 ) 
    Source Clock Delay      (SCD):    5.503ns
    Clock Pessimism Removal (CPR):    0.187ns
  Clock Uncertainty:      0.035ns  ((TSJ^2 + TIJ^2)^1/2 + DJ) / 2 + PE
    Total System Jitter     (TSJ):    0.071ns
    Total Input Jitter      (TIJ):    0.000ns
    Discrete Jitter          (DJ):    0.000ns
    Phase Error              (PE):    0.000ns

    Location             Delay type                Incr(ns)  Path(ns)    Netlist Resource(s)
  -------------------------------------------------------------------    -------------------
                         (clock sys_clk_pin rise edge)
                                                      0.000     0.000 r  
    E3                                                0.000     0.000 r  CLK100MHZ (IN)
                         net (fo=0)                   0.000     0.000    CLK100MHZ
    E3                   IBUF (Prop_ibuf_I_O)         1.482     1.482 r  CLK100MHZ_IBUF_inst/O
                         net (fo=1, routed)           2.025     3.506    CLK100MHZ_IBUF
    BUFGCTRL_X0Y16       BUFG (Prop_bufg_I_O)         0.096     3.602 r  CLK100MHZ_IBUF_BUFG_inst/O
                         net (fo=19, routed)          1.900     5.503    pc_display/CLK100MHZ_IBUF_BUFG
    SLICE_X0Y48          FDRE                                         r  pc_display/refresh_counter_reg[2]/C
  -------------------------------------------------------------------    -------------------
    SLICE_X0Y48          FDRE (Prop_fdre_C_Q)         0.456     5.959 r  pc_display/refresh_counter_reg[2]/Q
                         net (fo=1, routed)           0.583     6.542    pc_display/refresh_counter_reg_n_0_[2]
    SLICE_X0Y48          CARRY4 (Prop_carry4_S[1]_CO[3])
                                                      0.674     7.216 r  pc_display/refresh_counter0_carry/CO[3]
                         net (fo=1, routed)           0.000     7.216    pc_display/refresh_counter0_carry_n_0
    SLICE_X0Y49          CARRY4 (Prop_carry4_CI_CO[3])
                                                      0.114     7.330 r  pc_display/refresh_counter0_carry__0/CO[3]
                         net (fo=1, routed)           0.001     7.331    pc_display/refresh_counter0_carry__0_n_0
    SLICE_X0Y50          CARRY4 (Prop_carry4_CI_CO[3])
                                                      0.114     7.445 r  pc_display/refresh_counter0_carry__1/CO[3]
                         net (fo=1, routed)           0.000     7.445    pc_display/refresh_counter0_carry__1_n_0
    SLICE_X0Y51          CARRY4 (Prop_carry4_CI_CO[3])
                                                      0.114     7.559 r  pc_display/refresh_counter0_carry__2/CO[3]
                         net (fo=1, routed)           0.000     7.559    pc_display/refresh_counter0_carry__2_n_0
    SLICE_X0Y52          CARRY4 (Prop_carry4_CI_O[0])
                                                      0.223     7.782 r  pc_display/refresh_counter0_carry__3/O[0]
                         net (fo=1, routed)           0.000     7.782    pc_display/p_0_in[17]
    SLICE_X0Y52          FDRE                                         r  pc_display/refresh_counter_reg[17]/D
  -------------------------------------------------------------------    -------------------

                         (clock sys_clk_pin rise edge)
                                                     10.000    10.000 r  
    E3                                                0.000    10.000 r  CLK100MHZ (IN)
                         net (fo=0)                   0.000    10.000    CLK100MHZ
    E3                   IBUF (Prop_ibuf_I_O)         1.411    11.411 r  CLK100MHZ_IBUF_inst/O
                         net (fo=1, routed)           1.920    13.331    CLK100MHZ_IBUF
    BUFGCTRL_X0Y16       BUFG (Prop_bufg_I_O)         0.091    13.422 r  CLK100MHZ_IBUF_BUFG_inst/O
                         net (fo=19, routed)          1.606    15.029    pc_display/CLK100MHZ_IBUF_BUFG
    SLICE_X0Y52          FDRE                                         r  pc_display/refresh_counter_reg[17]/C
                         clock pessimism              0.187    15.216    
                         clock uncertainty           -0.035    15.180    
    SLICE_X0Y52          FDRE (Setup_fdre_C_D)        0.062    15.242    pc_display/refresh_counter_reg[17]
  -------------------------------------------------------------------
                         required time                         15.242    
                         arrival time                          -7.782    
  -------------------------------------------------------------------
                         slack                                  7.461    

Slack (MET) :             7.464ns  (required time - arrival time)
  Source:                 pc_display/refresh_counter_reg[2]/C
                            (rising edge-triggered cell FDRE clocked by sys_clk_pin  {rise@0.000ns fall@5.000ns period=10.000ns})
  Destination:            pc_display/refresh_counter_reg[14]/D
                            (rising edge-triggered cell FDRE clocked by sys_clk_pin  {rise@0.000ns fall@5.000ns period=10.000ns})
  Path Group:             sys_clk_pin
  Path Type:              Setup (Max at Slow Process Corner)
  Requirement:            10.000ns  (sys_clk_pin rise@10.000ns - sys_clk_pin rise@0.000ns)
  Data Path Delay:        2.276ns  (logic 1.692ns (74.338%)  route 0.584ns (25.662%))
  Logic Levels:           4  (CARRY4=4)
  Clock Path Skew:        -0.287ns (DCD - SCD + CPR)
    Destination Clock Delay (DCD):    5.029ns = ( 15.029 - 10.000 ) 
    Source Clock Delay      (SCD):    5.503ns
    Clock Pessimism Removal (CPR):    0.187ns
  Clock Uncertainty:      0.035ns  ((TSJ^2 + TIJ^2)^1/2 + DJ) / 2 + PE
    Total System Jitter     (TSJ):    0.071ns
    Total Input Jitter      (TIJ):    0.000ns
    Discrete Jitter          (DJ):    0.000ns
    Phase Error              (PE):    0.000ns

    Location             Delay type                Incr(ns)  Path(ns)    Netlist Resource(s)
  -------------------------------------------------------------------    -------------------
                         (clock sys_clk_pin rise edge)
                                                      0.000     0.000 r  
    E3                                                0.000     0.000 r  CLK100MHZ (IN)
                         net (fo=0)                   0.000     0.000    CLK100MHZ
    E3                   IBUF (Prop_ibuf_I_O)         1.482     1.482 r  CLK100MHZ_IBUF_inst/O
                         net (fo=1, routed)           2.025     3.506    CLK100MHZ_IBUF
    BUFGCTRL_X0Y16       BUFG (Prop_bufg_I_O)         0.096     3.602 r  CLK100MHZ_IBUF_BUFG_inst/O
                         net (fo=19, routed)          1.900     5.503    pc_display/CLK100MHZ_IBUF_BUFG
    SLICE_X0Y48          FDRE                                         r  pc_display/refresh_counter_reg[2]/C
  -------------------------------------------------------------------    -------------------
    SLICE_X0Y48          FDRE (Prop_fdre_C_Q)         0.456     5.959 r  pc_display/refresh_counter_reg[2]/Q
                         net (fo=1, routed)           0.583     6.542    pc_display/refresh_counter_reg_n_0_[2]
    SLICE_X0Y48          CARRY4 (Prop_carry4_S[1]_CO[3])
                                                      0.674     7.216 r  pc_display/refresh_counter0_carry/CO[3]
                         net (fo=1, routed)           0.000     7.216    pc_display/refresh_counter0_carry_n_0
    SLICE_X0Y49          CARRY4 (Prop_carry4_CI_CO[3])
                                                      0.114     7.330 r  pc_display/refresh_counter0_carry__0/CO[3]
                         net (fo=1, routed)           0.001     7.331    pc_display/refresh_counter0_carry__0_n_0
    SLICE_X0Y50          CARRY4 (Prop_carry4_CI_CO[3])
                                                      0.114     7.445 r  pc_display/refresh_counter0_carry__1/CO[3]
                         net (fo=1, routed)           0.000     7.445    pc_display/refresh_counter0_carry__1_n_0
    SLICE_X0Y51          CARRY4 (Prop_carry4_CI_O[1])
                                                      0.334     7.779 r  pc_display/refresh_counter0_carry__2/O[1]
                         net (fo=1, routed)           0.000     7.779    pc_display/p_0_in[14]
    SLICE_X0Y51          FDRE                                         r  pc_display/refresh_counter_reg[14]/D
  -------------------------------------------------------------------    -------------------

                         (clock sys_clk_pin rise edge)
                                                     10.000    10.000 r  
    E3                                                0.000    10.000 r  CLK100MHZ (IN)
                         net (fo=0)                   0.000    10.000    CLK100MHZ
    E3                   IBUF (Prop_ibuf_I_O)         1.411    11.411 r  CLK100MHZ_IBUF_inst/O
                         net (fo=1, routed)           1.920    13.331    CLK100MHZ_IBUF
    BUFGCTRL_X0Y16       BUFG (Prop_bufg_I_O)         0.091    13.422 r  CLK100MHZ_IBUF_BUFG_inst/O
                         net (fo=19, routed)          1.606    15.029    pc_display/CLK100MHZ_IBUF_BUFG
    SLICE_X0Y51          FDRE                                         r  pc_display/refresh_counter_reg[14]/C
                         clock pessimism              0.187    15.216    
                         clock uncertainty           -0.035    15.180    
    SLICE_X0Y51          FDRE (Setup_fdre_C_D)        0.062    15.242    pc_display/refresh_counter_reg[14]
  -------------------------------------------------------------------
                         required time                         15.242    
                         arrival time                          -7.779    
  -------------------------------------------------------------------
                         slack                                  7.464    

Slack (MET) :             7.485ns  (required time - arrival time)
  Source:                 pc_display/refresh_counter_reg[2]/C
                            (rising edge-triggered cell FDRE clocked by sys_clk_pin  {rise@0.000ns fall@5.000ns period=10.000ns})
  Destination:            pc_display/refresh_counter_reg[16]/D
                            (rising edge-triggered cell FDRE clocked by sys_clk_pin  {rise@0.000ns fall@5.000ns period=10.000ns})
  Path Group:             sys_clk_pin
  Path Type:              Setup (Max at Slow Process Corner)
  Requirement:            10.000ns  (sys_clk_pin rise@10.000ns - sys_clk_pin rise@0.000ns)
  Data Path Delay:        2.255ns  (logic 1.671ns (74.099%)  route 0.584ns (25.901%))
  Logic Levels:           4  (CARRY4=4)
  Clock Path Skew:        -0.287ns (DCD - SCD + CPR)
    Destination Clock Delay (DCD):    5.029ns = ( 15.029 - 10.000 ) 
    Source Clock Delay      (SCD):    5.503ns
    Clock Pessimism Removal (CPR):    0.187ns
  Clock Uncertainty:      0.035ns  ((TSJ^2 + TIJ^2)^1/2 + DJ) / 2 + PE
    Total System Jitter     (TSJ):    0.071ns
    Total Input Jitter      (TIJ):    0.000ns
    Discrete Jitter          (DJ):    0.000ns
    Phase Error              (PE):    0.000ns

    Location             Delay type                Incr(ns)  Path(ns)    Netlist Resource(s)
  -------------------------------------------------------------------    -------------------
                         (clock sys_clk_pin rise edge)
                                                      0.000     0.000 r  
    E3                                                0.000     0.000 r  CLK100MHZ (IN)
                         net (fo=0)                   0.000     0.000    CLK100MHZ
    E3                   IBUF (Prop_ibuf_I_O)         1.482     1.482 r  CLK100MHZ_IBUF_inst/O
                         net (fo=1, routed)           2.025     3.506    CLK100MHZ_IBUF
    BUFGCTRL_X0Y16       BUFG (Prop_bufg_I_O)         0.096     3.602 r  CLK100MHZ_IBUF_BUFG_inst/O
                         net (fo=19, routed)          1.900     5.503    pc_display/CLK100MHZ_IBUF_BUFG
    SLICE_X0Y48          FDRE                                         r  pc_display/refresh_counter_reg[2]/C
  -------------------------------------------------------------------    -------------------
    SLICE_X0Y48          FDRE (Prop_fdre_C_Q)         0.456     5.959 r  pc_display/refresh_counter_reg[2]/Q
                         net (fo=1, routed)           0.583     6.542    pc_display/refresh_counter_reg_n_0_[2]
    SLICE_X0Y48          CARRY4 (Prop_carry4_S[1]_CO[3])
                                                      0.674     7.216 r  pc_display/refresh_counter0_carry/CO[3]
                         net (fo=1, routed)           0.000     7.216    pc_display/refresh_counter0_carry_n_0
    SLICE_X0Y49          CARRY4 (Prop_carry4_CI_CO[3])
                                                      0.114     7.330 r  pc_display/refresh_counter0_carry__0/CO[3]
                         net (fo=1, routed)           0.001     7.331    pc_display/refresh_counter0_carry__0_n_0
    SLICE_X0Y50          CARRY4 (Prop_carry4_CI_CO[3])
                                                      0.114     7.445 r  pc_display/refresh_counter0_carry__1/CO[3]
                         net (fo=1, routed)           0.000     7.445    pc_display/refresh_counter0_carry__1_n_0
    SLICE_X0Y51          CARRY4 (Prop_carry4_CI_O[3])
                                                      0.313     7.758 r  pc_display/refresh_counter0_carry__2/O[3]
                         net (fo=1, routed)           0.000     7.758    pc_display/p_0_in[16]
    SLICE_X0Y51          FDRE                                         r  pc_display/refresh_counter_reg[16]/D
  -------------------------------------------------------------------    -------------------

                         (clock sys_clk_pin rise edge)
                                                     10.000    10.000 r  
    E3                                                0.000    10.000 r  CLK100MHZ (IN)
                         net (fo=0)                   0.000    10.000    CLK100MHZ
    E3                   IBUF (Prop_ibuf_I_O)         1.411    11.411 r  CLK100MHZ_IBUF_inst/O
                         net (fo=1, routed)           1.920    13.331    CLK100MHZ_IBUF
    BUFGCTRL_X0Y16       BUFG (Prop_bufg_I_O)         0.091    13.422 r  CLK100MHZ_IBUF_BUFG_inst/O
                         net (fo=19, routed)          1.606    15.029    pc_display/CLK100MHZ_IBUF_BUFG
    SLICE_X0Y51          FDRE                                         r  pc_display/refresh_counter_reg[16]/C
                         clock pessimism              0.187    15.216    
                         clock uncertainty           -0.035    15.180    
    SLICE_X0Y51          FDRE (Setup_fdre_C_D)        0.062    15.242    pc_display/refresh_counter_reg[16]
  -------------------------------------------------------------------
                         required time                         15.242    
                         arrival time                          -7.758    
  -------------------------------------------------------------------
                         slack                                  7.485    

Slack (MET) :             7.559ns  (required time - arrival time)
  Source:                 pc_display/refresh_counter_reg[2]/C
                            (rising edge-triggered cell FDRE clocked by sys_clk_pin  {rise@0.000ns fall@5.000ns period=10.000ns})
  Destination:            pc_display/refresh_counter_reg[15]/D
                            (rising edge-triggered cell FDRE clocked by sys_clk_pin  {rise@0.000ns fall@5.000ns period=10.000ns})
  Path Group:             sys_clk_pin
  Path Type:              Setup (Max at Slow Process Corner)
  Requirement:            10.000ns  (sys_clk_pin rise@10.000ns - sys_clk_pin rise@0.000ns)
  Data Path Delay:        2.181ns  (logic 1.597ns (73.221%)  route 0.584ns (26.779%))
  Logic Levels:           4  (CARRY4=4)
  Clock Path Skew:        -0.287ns (DCD - SCD + CPR)
    Destination Clock Delay (DCD):    5.029ns = ( 15.029 - 10.000 ) 
    Source Clock Delay      (SCD):    5.503ns
    Clock Pessimism Removal (CPR):    0.187ns
  Clock Uncertainty:      0.035ns  ((TSJ^2 + TIJ^2)^1/2 + DJ) / 2 + PE
    Total System Jitter     (TSJ):    0.071ns
    Total Input Jitter      (TIJ):    0.000ns
    Discrete Jitter          (DJ):    0.000ns
    Phase Error              (PE):    0.000ns

    Location             Delay type                Incr(ns)  Path(ns)    Netlist Resource(s)
  -------------------------------------------------------------------    -------------------
                         (clock sys_clk_pin rise edge)
                                                      0.000     0.000 r  
    E3                                                0.000     0.000 r  CLK100MHZ (IN)
                         net (fo=0)                   0.000     0.000    CLK100MHZ
    E3                   IBUF (Prop_ibuf_I_O)         1.482     1.482 r  CLK100MHZ_IBUF_inst/O
                         net (fo=1, routed)           2.025     3.506    CLK100MHZ_IBUF
    BUFGCTRL_X0Y16       BUFG (Prop_bufg_I_O)         0.096     3.602 r  CLK100MHZ_IBUF_BUFG_inst/O
                         net (fo=19, routed)          1.900     5.503    pc_display/CLK100MHZ_IBUF_BUFG
    SLICE_X0Y48          FDRE                                         r  pc_display/refresh_counter_reg[2]/C
  -------------------------------------------------------------------    -------------------
    SLICE_X0Y48          FDRE (Prop_fdre_C_Q)         0.456     5.959 r  pc_display/refresh_counter_reg[2]/Q
                         net (fo=1, routed)           0.583     6.542    pc_display/refresh_counter_reg_n_0_[2]
    SLICE_X0Y48          CARRY4 (Prop_carry4_S[1]_CO[3])
                                                      0.674     7.216 r  pc_display/refresh_counter0_carry/CO[3]
                         net (fo=1, routed)           0.000     7.216    pc_display/refresh_counter0_carry_n_0
    SLICE_X0Y49          CARRY4 (Prop_carry4_CI_CO[3])
                                                      0.114     7.330 r  pc_display/refresh_counter0_carry__0/CO[3]
                         net (fo=1, routed)           0.001     7.331    pc_display/refresh_counter0_carry__0_n_0
    SLICE_X0Y50          CARRY4 (Prop_carry4_CI_CO[3])
                                                      0.114     7.445 r  pc_display/refresh_counter0_carry__1/CO[3]
                         net (fo=1, routed)           0.000     7.445    pc_display/refresh_counter0_carry__1_n_0
    SLICE_X0Y51          CARRY4 (Prop_carry4_CI_O[2])
                                                      0.239     7.684 r  pc_display/refresh_counter0_carry__2/O[2]
                         net (fo=1, routed)           0.000     7.684    pc_display/p_0_in[15]
    SLICE_X0Y51          FDRE                                         r  pc_display/refresh_counter_reg[15]/D
  -------------------------------------------------------------------    -------------------

                         (clock sys_clk_pin rise edge)
                                                     10.000    10.000 r  
    E3                                                0.000    10.000 r  CLK100MHZ (IN)
                         net (fo=0)                   0.000    10.000    CLK100MHZ
    E3                   IBUF (Prop_ibuf_I_O)         1.411    11.411 r  CLK100MHZ_IBUF_inst/O
                         net (fo=1, routed)           1.920    13.331    CLK100MHZ_IBUF
    BUFGCTRL_X0Y16       BUFG (Prop_bufg_I_O)         0.091    13.422 r  CLK100MHZ_IBUF_BUFG_inst/O
                         net (fo=19, routed)          1.606    15.029    pc_display/CLK100MHZ_IBUF_BUFG
    SLICE_X0Y51          FDRE                                         r  pc_display/refresh_counter_reg[15]/C
                         clock pessimism              0.187    15.216    
                         clock uncertainty           -0.035    15.180    
    SLICE_X0Y51          FDRE (Setup_fdre_C_D)        0.062    15.242    pc_display/refresh_counter_reg[15]
  -------------------------------------------------------------------
                         required time                         15.242    
                         arrival time                          -7.684    
  -------------------------------------------------------------------
                         slack                                  7.559    

Slack (MET) :             7.575ns  (required time - arrival time)
  Source:                 pc_display/refresh_counter_reg[2]/C
                            (rising edge-triggered cell FDRE clocked by sys_clk_pin  {rise@0.000ns fall@5.000ns period=10.000ns})
  Destination:            pc_display/refresh_counter_reg[13]/D
                            (rising edge-triggered cell FDRE clocked by sys_clk_pin  {rise@0.000ns fall@5.000ns period=10.000ns})
  Path Group:             sys_clk_pin
  Path Type:              Setup (Max at Slow Process Corner)
  Requirement:            10.000ns  (sys_clk_pin rise@10.000ns - sys_clk_pin rise@0.000ns)
  Data Path Delay:        2.165ns  (logic 1.581ns (73.023%)  route 0.584ns (26.977%))
  Logic Levels:           4  (CARRY4=4)
  Clock Path Skew:        -0.287ns (DCD - SCD + CPR)
    Destination Clock Delay (DCD):    5.029ns = ( 15.029 - 10.000 ) 
    Source Clock Delay      (SCD):    5.503ns
    Clock Pessimism Removal (CPR):    0.187ns
  Clock Uncertainty:      0.035ns  ((TSJ^2 + TIJ^2)^1/2 + DJ) / 2 + PE
    Total System Jitter     (TSJ):    0.071ns
    Total Input Jitter      (TIJ):    0.000ns
    Discrete Jitter          (DJ):    0.000ns
    Phase Error              (PE):    0.000ns

    Location             Delay type                Incr(ns)  Path(ns)    Netlist Resource(s)
  -------------------------------------------------------------------    -------------------
                         (clock sys_clk_pin rise edge)
                                                      0.000     0.000 r  
    E3                                                0.000     0.000 r  CLK100MHZ (IN)
                         net (fo=0)                   0.000     0.000    CLK100MHZ
    E3                   IBUF (Prop_ibuf_I_O)         1.482     1.482 r  CLK100MHZ_IBUF_inst/O
                         net (fo=1, routed)           2.025     3.506    CLK100MHZ_IBUF
    BUFGCTRL_X0Y16       BUFG (Prop_bufg_I_O)         0.096     3.602 r  CLK100MHZ_IBUF_BUFG_inst/O
                         net (fo=19, routed)          1.900     5.503    pc_display/CLK100MHZ_IBUF_BUFG
    SLICE_X0Y48          FDRE                                         r  pc_display/refresh_counter_reg[2]/C
  -------------------------------------------------------------------    -------------------
    SLICE_X0Y48          FDRE (Prop_fdre_C_Q)         0.456     5.959 r  pc_display/refresh_counter_reg[2]/Q
                         net (fo=1, routed)           0.583     6.542    pc_display/refresh_counter_reg_n_0_[2]
    SLICE_X0Y48          CARRY4 (Prop_carry4_S[1]_CO[3])
                                                      0.674     7.216 r  pc_display/refresh_counter0_carry/CO[3]
                         net (fo=1, routed)           0.000     7.216    pc_display/refresh_counter0_carry_n_0
    SLICE_X0Y49          CARRY4 (Prop_carry4_CI_CO[3])
                                                      0.114     7.330 r  pc_display/refresh_counter0_carry__0/CO[3]
                         net (fo=1, routed)           0.001     7.331    pc_display/refresh_counter0_carry__0_n_0
    SLICE_X0Y50          CARRY4 (Prop_carry4_CI_CO[3])
                                                      0.114     7.445 r  pc_display/refresh_counter0_carry__1/CO[3]
                         net (fo=1, routed)           0.000     7.445    pc_display/refresh_counter0_carry__1_n_0
    SLICE_X0Y51          CARRY4 (Prop_carry4_CI_O[0])
                                                      0.223     7.668 r  pc_display/refresh_counter0_carry__2/O[0]
                         net (fo=1, routed)           0.000     7.668    pc_display/p_0_in[13]
    SLICE_X0Y51          FDRE                                         r  pc_display/refresh_counter_reg[13]/D
  -------------------------------------------------------------------    -------------------

                         (clock sys_clk_pin rise edge)
                                                     10.000    10.000 r  
    E3                                                0.000    10.000 r  CLK100MHZ (IN)
                         net (fo=0)                   0.000    10.000    CLK100MHZ
    E3                   IBUF (Prop_ibuf_I_O)         1.411    11.411 r  CLK100MHZ_IBUF_inst/O
                         net (fo=1, routed)           1.920    13.331    CLK100MHZ_IBUF
    BUFGCTRL_X0Y16       BUFG (Prop_bufg_I_O)         0.091    13.422 r  CLK100MHZ_IBUF_BUFG_inst/O
                         net (fo=19, routed)          1.606    15.029    pc_display/CLK100MHZ_IBUF_BUFG
    SLICE_X0Y51          FDRE                                         r  pc_display/refresh_counter_reg[13]/C
                         clock pessimism              0.187    15.216    
                         clock uncertainty           -0.035    15.180    
    SLICE_X0Y51          FDRE (Setup_fdre_C_D)        0.062    15.242    pc_display/refresh_counter_reg[13]
  -------------------------------------------------------------------
                         required time                         15.242    
                         arrival time                          -7.668    
  -------------------------------------------------------------------
                         slack                                  7.575    

Slack (MET) :             7.578ns  (required time - arrival time)
  Source:                 pc_display/refresh_counter_reg[2]/C
                            (rising edge-triggered cell FDRE clocked by sys_clk_pin  {rise@0.000ns fall@5.000ns period=10.000ns})
  Destination:            pc_display/refresh_counter_reg[10]/D
                            (rising edge-triggered cell FDRE clocked by sys_clk_pin  {rise@0.000ns fall@5.000ns period=10.000ns})
  Path Group:             sys_clk_pin
  Path Type:              Setup (Max at Slow Process Corner)
  Requirement:            10.000ns  (sys_clk_pin rise@10.000ns - sys_clk_pin rise@0.000ns)
  Data Path Delay:        2.162ns  (logic 1.578ns (72.985%)  route 0.584ns (27.015%))
  Logic Levels:           3  (CARRY4=3)
  Clock Path Skew:        -0.287ns (DCD - SCD + CPR)
    Destination Clock Delay (DCD):    5.029ns = ( 15.029 - 10.000 ) 
    Source Clock Delay      (SCD):    5.503ns
    Clock Pessimism Removal (CPR):    0.187ns
  Clock Uncertainty:      0.035ns  ((TSJ^2 + TIJ^2)^1/2 + DJ) / 2 + PE
    Total System Jitter     (TSJ):    0.071ns
    Total Input Jitter      (TIJ):    0.000ns
    Discrete Jitter          (DJ):    0.000ns
    Phase Error              (PE):    0.000ns

    Location             Delay type                Incr(ns)  Path(ns)    Netlist Resource(s)
  -------------------------------------------------------------------    -------------------
                         (clock sys_clk_pin rise edge)
                                                      0.000     0.000 r  
    E3                                                0.000     0.000 r  CLK100MHZ (IN)
                         net (fo=0)                   0.000     0.000    CLK100MHZ
    E3                   IBUF (Prop_ibuf_I_O)         1.482     1.482 r  CLK100MHZ_IBUF_inst/O
                         net (fo=1, routed)           2.025     3.506    CLK100MHZ_IBUF
    BUFGCTRL_X0Y16       BUFG (Prop_bufg_I_O)         0.096     3.602 r  CLK100MHZ_IBUF_BUFG_inst/O
                         net (fo=19, routed)          1.900     5.503    pc_display/CLK100MHZ_IBUF_BUFG
    SLICE_X0Y48          FDRE                                         r  pc_display/refresh_counter_reg[2]/C
  -------------------------------------------------------------------    -------------------
    SLICE_X0Y48          FDRE (Prop_fdre_C_Q)         0.456     5.959 r  pc_display/refresh_counter_reg[2]/Q
                         net (fo=1, routed)           0.583     6.542    pc_display/refresh_counter_reg_n_0_[2]
    SLICE_X0Y48          CARRY4 (Prop_carry4_S[1]_CO[3])
                                                      0.674     7.216 r  pc_display/refresh_counter0_carry/CO[3]
                         net (fo=1, routed)           0.000     7.216    pc_display/refresh_counter0_carry_n_0
    SLICE_X0Y49          CARRY4 (Prop_carry4_CI_CO[3])
                                                      0.114     7.330 r  pc_display/refresh_counter0_carry__0/CO[3]
                         net (fo=1, routed)           0.001     7.331    pc_display/refresh_counter0_carry__0_n_0
    SLICE_X0Y50          CARRY4 (Prop_carry4_CI_O[1])
                                                      0.334     7.665 r  pc_display/refresh_counter0_carry__1/O[1]
                         net (fo=1, routed)           0.000     7.665    pc_display/p_0_in[10]
    SLICE_X0Y50          FDRE                                         r  pc_display/refresh_counter_reg[10]/D
  -------------------------------------------------------------------    -------------------

                         (clock sys_clk_pin rise edge)
                                                     10.000    10.000 r  
    E3                                                0.000    10.000 r  CLK100MHZ (IN)
                         net (fo=0)                   0.000    10.000    CLK100MHZ
    E3                   IBUF (Prop_ibuf_I_O)         1.411    11.411 r  CLK100MHZ_IBUF_inst/O
                         net (fo=1, routed)           1.920    13.331    CLK100MHZ_IBUF
    BUFGCTRL_X0Y16       BUFG (Prop_bufg_I_O)         0.091    13.422 r  CLK100MHZ_IBUF_BUFG_inst/O
                         net (fo=19, routed)          1.606    15.029    pc_display/CLK100MHZ_IBUF_BUFG
    SLICE_X0Y50          FDRE                                         r  pc_display/refresh_counter_reg[10]/C
                         clock pessimism              0.187    15.216    
                         clock uncertainty           -0.035    15.180    
    SLICE_X0Y50          FDRE (Setup_fdre_C_D)        0.062    15.242    pc_display/refresh_counter_reg[10]
  -------------------------------------------------------------------
                         required time                         15.242    
                         arrival time                          -7.665    
  -------------------------------------------------------------------
                         slack                                  7.578    

Slack (MET) :             7.599ns  (required time - arrival time)
  Source:                 pc_display/refresh_counter_reg[2]/C
                            (rising edge-triggered cell FDRE clocked by sys_clk_pin  {rise@0.000ns fall@5.000ns period=10.000ns})
  Destination:            pc_display/refresh_counter_reg[12]/D
                            (rising edge-triggered cell FDRE clocked by sys_clk_pin  {rise@0.000ns fall@5.000ns period=10.000ns})
  Path Group:             sys_clk_pin
  Path Type:              Setup (Max at Slow Process Corner)
  Requirement:            10.000ns  (sys_clk_pin rise@10.000ns - sys_clk_pin rise@0.000ns)
  Data Path Delay:        2.141ns  (logic 1.557ns (72.720%)  route 0.584ns (27.280%))
  Logic Levels:           3  (CARRY4=3)
  Clock Path Skew:        -0.287ns (DCD - SCD + CPR)
    Destination Clock Delay (DCD):    5.029ns = ( 15.029 - 10.000 ) 
    Source Clock Delay      (SCD):    5.503ns
    Clock Pessimism Removal (CPR):    0.187ns
  Clock Uncertainty:      0.035ns  ((TSJ^2 + TIJ^2)^1/2 + DJ) / 2 + PE
    Total System Jitter     (TSJ):    0.071ns
    Total Input Jitter      (TIJ):    0.000ns
    Discrete Jitter          (DJ):    0.000ns
    Phase Error              (PE):    0.000ns

    Location             Delay type                Incr(ns)  Path(ns)    Netlist Resource(s)
  -------------------------------------------------------------------    -------------------
                         (clock sys_clk_pin rise edge)
                                                      0.000     0.000 r  
    E3                                                0.000     0.000 r  CLK100MHZ (IN)
                         net (fo=0)                   0.000     0.000    CLK100MHZ
    E3                   IBUF (Prop_ibuf_I_O)         1.482     1.482 r  CLK100MHZ_IBUF_inst/O
                         net (fo=1, routed)           2.025     3.506    CLK100MHZ_IBUF
    BUFGCTRL_X0Y16       BUFG (Prop_bufg_I_O)         0.096     3.602 r  CLK100MHZ_IBUF_BUFG_inst/O
                         net (fo=19, routed)          1.900     5.503    pc_display/CLK100MHZ_IBUF_BUFG
    SLICE_X0Y48          FDRE                                         r  pc_display/refresh_counter_reg[2]/C
  -------------------------------------------------------------------    -------------------
    SLICE_X0Y48          FDRE (Prop_fdre_C_Q)         0.456     5.959 r  pc_display/refresh_counter_reg[2]/Q
                         net (fo=1, routed)           0.583     6.542    pc_display/refresh_counter_reg_n_0_[2]
    SLICE_X0Y48          CARRY4 (Prop_carry4_S[1]_CO[3])
                                                      0.674     7.216 r  pc_display/refresh_counter0_carry/CO[3]
                         net (fo=1, routed)           0.000     7.216    pc_display/refresh_counter0_carry_n_0
    SLICE_X0Y49          CARRY4 (Prop_carry4_CI_CO[3])
                                                      0.114     7.330 r  pc_display/refresh_counter0_carry__0/CO[3]
                         net (fo=1, routed)           0.001     7.331    pc_display/refresh_counter0_carry__0_n_0
    SLICE_X0Y50          CARRY4 (Prop_carry4_CI_O[3])
                                                      0.313     7.644 r  pc_display/refresh_counter0_carry__1/O[3]
                         net (fo=1, routed)           0.000     7.644    pc_display/p_0_in[12]
    SLICE_X0Y50          FDRE                                         r  pc_display/refresh_counter_reg[12]/D
  -------------------------------------------------------------------    -------------------

                         (clock sys_clk_pin rise edge)
                                                     10.000    10.000 r  
    E3                                                0.000    10.000 r  CLK100MHZ (IN)
                         net (fo=0)                   0.000    10.000    CLK100MHZ
    E3                   IBUF (Prop_ibuf_I_O)         1.411    11.411 r  CLK100MHZ_IBUF_inst/O
                         net (fo=1, routed)           1.920    13.331    CLK100MHZ_IBUF
    BUFGCTRL_X0Y16       BUFG (Prop_bufg_I_O)         0.091    13.422 r  CLK100MHZ_IBUF_BUFG_inst/O
                         net (fo=19, routed)          1.606    15.029    pc_display/CLK100MHZ_IBUF_BUFG
    SLICE_X0Y50          FDRE                                         r  pc_display/refresh_counter_reg[12]/C
                         clock pessimism              0.187    15.216    
                         clock uncertainty           -0.035    15.180    
    SLICE_X0Y50          FDRE (Setup_fdre_C_D)        0.062    15.242    pc_display/refresh_counter_reg[12]
  -------------------------------------------------------------------
                         required time                         15.242    
                         arrival time                          -7.644    
  -------------------------------------------------------------------
                         slack                                  7.599    

Slack (MET) :             7.673ns  (required time - arrival time)
  Source:                 pc_display/refresh_counter_reg[2]/C
                            (rising edge-triggered cell FDRE clocked by sys_clk_pin  {rise@0.000ns fall@5.000ns period=10.000ns})
  Destination:            pc_display/refresh_counter_reg[11]/D
                            (rising edge-triggered cell FDRE clocked by sys_clk_pin  {rise@0.000ns fall@5.000ns period=10.000ns})
  Path Group:             sys_clk_pin
  Path Type:              Setup (Max at Slow Process Corner)
  Requirement:            10.000ns  (sys_clk_pin rise@10.000ns - sys_clk_pin rise@0.000ns)
  Data Path Delay:        2.067ns  (logic 1.483ns (71.744%)  route 0.584ns (28.256%))
  Logic Levels:           3  (CARRY4=3)
  Clock Path Skew:        -0.287ns (DCD - SCD + CPR)
    Destination Clock Delay (DCD):    5.029ns = ( 15.029 - 10.000 ) 
    Source Clock Delay      (SCD):    5.503ns
    Clock Pessimism Removal (CPR):    0.187ns
  Clock Uncertainty:      0.035ns  ((TSJ^2 + TIJ^2)^1/2 + DJ) / 2 + PE
    Total System Jitter     (TSJ):    0.071ns
    Total Input Jitter      (TIJ):    0.000ns
    Discrete Jitter          (DJ):    0.000ns
    Phase Error              (PE):    0.000ns

    Location             Delay type                Incr(ns)  Path(ns)    Netlist Resource(s)
  -------------------------------------------------------------------    -------------------
                         (clock sys_clk_pin rise edge)
                                                      0.000     0.000 r  
    E3                                                0.000     0.000 r  CLK100MHZ (IN)
                         net (fo=0)                   0.000     0.000    CLK100MHZ
    E3                   IBUF (Prop_ibuf_I_O)         1.482     1.482 r  CLK100MHZ_IBUF_inst/O
                         net (fo=1, routed)           2.025     3.506    CLK100MHZ_IBUF
    BUFGCTRL_X0Y16       BUFG (Prop_bufg_I_O)         0.096     3.602 r  CLK100MHZ_IBUF_BUFG_inst/O
                         net (fo=19, routed)          1.900     5.503    pc_display/CLK100MHZ_IBUF_BUFG
    SLICE_X0Y48          FDRE                                         r  pc_display/refresh_counter_reg[2]/C
  -------------------------------------------------------------------    -------------------
    SLICE_X0Y48          FDRE (Prop_fdre_C_Q)         0.456     5.959 r  pc_display/refresh_counter_reg[2]/Q
                         net (fo=1, routed)           0.583     6.542    pc_display/refresh_counter_reg_n_0_[2]
    SLICE_X0Y48          CARRY4 (Prop_carry4_S[1]_CO[3])
                                                      0.674     7.216 r  pc_display/refresh_counter0_carry/CO[3]
                         net (fo=1, routed)           0.000     7.216    pc_display/refresh_counter0_carry_n_0
    SLICE_X0Y49          CARRY4 (Prop_carry4_CI_CO[3])
                                                      0.114     7.330 r  pc_display/refresh_counter0_carry__0/CO[3]
                         net (fo=1, routed)           0.001     7.331    pc_display/refresh_counter0_carry__0_n_0
    SLICE_X0Y50          CARRY4 (Prop_carry4_CI_O[2])
                                                      0.239     7.570 r  pc_display/refresh_counter0_carry__1/O[2]
                         net (fo=1, routed)           0.000     7.570    pc_display/p_0_in[11]
    SLICE_X0Y50          FDRE                                         r  pc_display/refresh_counter_reg[11]/D
  -------------------------------------------------------------------    -------------------

                         (clock sys_clk_pin rise edge)
                                                     10.000    10.000 r  
    E3                                                0.000    10.000 r  CLK100MHZ (IN)
                         net (fo=0)                   0.000    10.000    CLK100MHZ
    E3                   IBUF (Prop_ibuf_I_O)         1.411    11.411 r  CLK100MHZ_IBUF_inst/O
                         net (fo=1, routed)           1.920    13.331    CLK100MHZ_IBUF
    BUFGCTRL_X0Y16       BUFG (Prop_bufg_I_O)         0.091    13.422 r  CLK100MHZ_IBUF_BUFG_inst/O
                         net (fo=19, routed)          1.606    15.029    pc_display/CLK100MHZ_IBUF_BUFG
    SLICE_X0Y50          FDRE                                         r  pc_display/refresh_counter_reg[11]/C
                         clock pessimism              0.187    15.216    
                         clock uncertainty           -0.035    15.180    
    SLICE_X0Y50          FDRE (Setup_fdre_C_D)        0.062    15.242    pc_display/refresh_counter_reg[11]
  -------------------------------------------------------------------
                         required time                         15.242    
                         arrival time                          -7.570    
  -------------------------------------------------------------------
                         slack                                  7.673    

Slack (MET) :             7.689ns  (required time - arrival time)
  Source:                 pc_display/refresh_counter_reg[2]/C
                            (rising edge-triggered cell FDRE clocked by sys_clk_pin  {rise@0.000ns fall@5.000ns period=10.000ns})
  Destination:            pc_display/refresh_counter_reg[9]/D
                            (rising edge-triggered cell FDRE clocked by sys_clk_pin  {rise@0.000ns fall@5.000ns period=10.000ns})
  Path Group:             sys_clk_pin
  Path Type:              Setup (Max at Slow Process Corner)
  Requirement:            10.000ns  (sys_clk_pin rise@10.000ns - sys_clk_pin rise@0.000ns)
  Data Path Delay:        2.051ns  (logic 1.467ns (71.523%)  route 0.584ns (28.477%))
  Logic Levels:           3  (CARRY4=3)
  Clock Path Skew:        -0.287ns (DCD - SCD + CPR)
    Destination Clock Delay (DCD):    5.029ns = ( 15.029 - 10.000 ) 
    Source Clock Delay      (SCD):    5.503ns
    Clock Pessimism Removal (CPR):    0.187ns
  Clock Uncertainty:      0.035ns  ((TSJ^2 + TIJ^2)^1/2 + DJ) / 2 + PE
    Total System Jitter     (TSJ):    0.071ns
    Total Input Jitter      (TIJ):    0.000ns
    Discrete Jitter          (DJ):    0.000ns
    Phase Error              (PE):    0.000ns

    Location             Delay type                Incr(ns)  Path(ns)    Netlist Resource(s)
  -------------------------------------------------------------------    -------------------
                         (clock sys_clk_pin rise edge)
                                                      0.000     0.000 r  
    E3                                                0.000     0.000 r  CLK100MHZ (IN)
                         net (fo=0)                   0.000     0.000    CLK100MHZ
    E3                   IBUF (Prop_ibuf_I_O)         1.482     1.482 r  CLK100MHZ_IBUF_inst/O
                         net (fo=1, routed)           2.025     3.506    CLK100MHZ_IBUF
    BUFGCTRL_X0Y16       BUFG (Prop_bufg_I_O)         0.096     3.602 r  CLK100MHZ_IBUF_BUFG_inst/O
                         net (fo=19, routed)          1.900     5.503    pc_display/CLK100MHZ_IBUF_BUFG
    SLICE_X0Y48          FDRE                                         r  pc_display/refresh_counter_reg[2]/C
  -------------------------------------------------------------------    -------------------
    SLICE_X0Y48          FDRE (Prop_fdre_C_Q)         0.456     5.959 r  pc_display/refresh_counter_reg[2]/Q
                         net (fo=1, routed)           0.583     6.542    pc_display/refresh_counter_reg_n_0_[2]
    SLICE_X0Y48          CARRY4 (Prop_carry4_S[1]_CO[3])
                                                      0.674     7.216 r  pc_display/refresh_counter0_carry/CO[3]
                         net (fo=1, routed)           0.000     7.216    pc_display/refresh_counter0_carry_n_0
    SLICE_X0Y49          CARRY4 (Prop_carry4_CI_CO[3])
                                                      0.114     7.330 r  pc_display/refresh_counter0_carry__0/CO[3]
                         net (fo=1, routed)           0.001     7.331    pc_display/refresh_counter0_carry__0_n_0
    SLICE_X0Y50          CARRY4 (Prop_carry4_CI_O[0])
                                                      0.223     7.554 r  pc_display/refresh_counter0_carry__1/O[0]
                         net (fo=1, routed)           0.000     7.554    pc_display/p_0_in[9]
    SLICE_X0Y50          FDRE                                         r  pc_display/refresh_counter_reg[9]/D
  -------------------------------------------------------------------    -------------------

                         (clock sys_clk_pin rise edge)
                                                     10.000    10.000 r  
    E3                                                0.000    10.000 r  CLK100MHZ (IN)
                         net (fo=0)                   0.000    10.000    CLK100MHZ
    E3                   IBUF (Prop_ibuf_I_O)         1.411    11.411 r  CLK100MHZ_IBUF_inst/O
                         net (fo=1, routed)           1.920    13.331    CLK100MHZ_IBUF
    BUFGCTRL_X0Y16       BUFG (Prop_bufg_I_O)         0.091    13.422 r  CLK100MHZ_IBUF_BUFG_inst/O
                         net (fo=19, routed)          1.606    15.029    pc_display/CLK100MHZ_IBUF_BUFG
    SLICE_X0Y50          FDRE                                         r  pc_display/refresh_counter_reg[9]/C
                         clock pessimism              0.187    15.216    
                         clock uncertainty           -0.035    15.180    
    SLICE_X0Y50          FDRE (Setup_fdre_C_D)        0.062    15.242    pc_display/refresh_counter_reg[9]
  -------------------------------------------------------------------
                         required time                         15.242    
                         arrival time                          -7.554    
  -------------------------------------------------------------------
                         slack                                  7.689    





Min Delay Paths
--------------------------------------------------------------------------------------
Slack (MET) :             0.171ns  (arrival time - required time)
  Source:                 pc_display/refresh_counter_reg[7]/C
                            (rising edge-triggered cell FDRE clocked by sys_clk_pin  {rise@0.000ns fall@5.000ns period=10.000ns})
  Destination:            pc_display/refresh_counter_reg[9]/D
                            (rising edge-triggered cell FDRE clocked by sys_clk_pin  {rise@0.000ns fall@5.000ns period=10.000ns})
  Path Group:             sys_clk_pin
  Path Type:              Hold (Min at Fast Process Corner)
  Requirement:            0.000ns  (sys_clk_pin rise@0.000ns - sys_clk_pin rise@0.000ns)
  Data Path Delay:        0.477ns  (logic 0.355ns (74.400%)  route 0.122ns (25.600%))
  Logic Levels:           2  (CARRY4=2)
  Clock Path Skew:        0.201ns (DCD - SCD - CPR)
    Destination Clock Delay (DCD):    2.043ns
    Source Clock Delay      (SCD):    1.591ns
    Clock Pessimism Removal (CPR):    0.250ns

    Location             Delay type                Incr(ns)  Path(ns)    Netlist Resource(s)
  -------------------------------------------------------------------    -------------------
                         (clock sys_clk_pin rise edge)
                                                      0.000     0.000 r  
    E3                                                0.000     0.000 r  CLK100MHZ (IN)
                         net (fo=0)                   0.000     0.000    CLK100MHZ
    E3                   IBUF (Prop_ibuf_I_O)         0.250     0.250 r  CLK100MHZ_IBUF_inst/O
                         net (fo=1, routed)           0.644     0.894    CLK100MHZ_IBUF
    BUFGCTRL_X0Y16       BUFG (Prop_bufg_I_O)         0.026     0.920 r  CLK100MHZ_IBUF_BUFG_inst/O
                         net (fo=19, routed)          0.671     1.591    pc_display/CLK100MHZ_IBUF_BUFG
    SLICE_X0Y49          FDRE                                         r  pc_display/refresh_counter_reg[7]/C
  -------------------------------------------------------------------    -------------------
    SLICE_X0Y49          FDRE (Prop_fdre_C_Q)         0.141     1.732 r  pc_display/refresh_counter_reg[7]/Q
                         net (fo=1, routed)           0.121     1.853    pc_display/refresh_counter_reg_n_0_[7]
    SLICE_X0Y49          CARRY4 (Prop_carry4_S[2]_CO[3])
                                                      0.160     2.013 r  pc_display/refresh_counter0_carry__0/CO[3]
                         net (fo=1, routed)           0.001     2.014    pc_display/refresh_counter0_carry__0_n_0
    SLICE_X0Y50          CARRY4 (Prop_carry4_CI_O[0])
                                                      0.054     2.068 r  pc_display/refresh_counter0_carry__1/O[0]
                         net (fo=1, routed)           0.000     2.068    pc_display/p_0_in[9]
    SLICE_X0Y50          FDRE                                         r  pc_display/refresh_counter_reg[9]/D
  -------------------------------------------------------------------    -------------------

                         (clock sys_clk_pin rise edge)
                                                      0.000     0.000 r  
    E3                                                0.000     0.000 r  CLK100MHZ (IN)
                         net (fo=0)                   0.000     0.000    CLK100MHZ
    E3                   IBUF (Prop_ibuf_I_O)         0.438     0.438 r  CLK100MHZ_IBUF_inst/O
                         net (fo=1, routed)           0.699     1.136    CLK100MHZ_IBUF
    BUFGCTRL_X0Y16       BUFG (Prop_bufg_I_O)         0.029     1.165 r  CLK100MHZ_IBUF_BUFG_inst/O
                         net (fo=19, routed)          0.878     2.043    pc_display/CLK100MHZ_IBUF_BUFG
    SLICE_X0Y50          FDRE                                         r  pc_display/refresh_counter_reg[9]/C
                         clock pessimism             -0.250     1.792    
    SLICE_X0Y50          FDRE (Hold_fdre_C_D)         0.105     1.897    pc_display/refresh_counter_reg[9]
  -------------------------------------------------------------------
                         required time                         -1.897    
                         arrival time                           2.068    
  -------------------------------------------------------------------
                         slack                                  0.171    

Slack (MET) :             0.182ns  (arrival time - required time)
  Source:                 pc_display/refresh_counter_reg[7]/C
                            (rising edge-triggered cell FDRE clocked by sys_clk_pin  {rise@0.000ns fall@5.000ns period=10.000ns})
  Destination:            pc_display/refresh_counter_reg[11]/D
                            (rising edge-triggered cell FDRE clocked by sys_clk_pin  {rise@0.000ns fall@5.000ns period=10.000ns})
  Path Group:             sys_clk_pin
  Path Type:              Hold (Min at Fast Process Corner)
  Requirement:            0.000ns  (sys_clk_pin rise@0.000ns - sys_clk_pin rise@0.000ns)
  Data Path Delay:        0.488ns  (logic 0.366ns (74.977%)  route 0.122ns (25.023%))
  Logic Levels:           2  (CARRY4=2)
  Clock Path Skew:        0.201ns (DCD - SCD - CPR)
    Destination Clock Delay (DCD):    2.043ns
    Source Clock Delay      (SCD):    1.591ns
    Clock Pessimism Removal (CPR):    0.250ns

    Location             Delay type                Incr(ns)  Path(ns)    Netlist Resource(s)
  -------------------------------------------------------------------    -------------------
                         (clock sys_clk_pin rise edge)
                                                      0.000     0.000 r  
    E3                                                0.000     0.000 r  CLK100MHZ (IN)
                         net (fo=0)                   0.000     0.000    CLK100MHZ
    E3                   IBUF (Prop_ibuf_I_O)         0.250     0.250 r  CLK100MHZ_IBUF_inst/O
                         net (fo=1, routed)           0.644     0.894    CLK100MHZ_IBUF
    BUFGCTRL_X0Y16       BUFG (Prop_bufg_I_O)         0.026     0.920 r  CLK100MHZ_IBUF_BUFG_inst/O
                         net (fo=19, routed)          0.671     1.591    pc_display/CLK100MHZ_IBUF_BUFG
    SLICE_X0Y49          FDRE                                         r  pc_display/refresh_counter_reg[7]/C
  -------------------------------------------------------------------    -------------------
    SLICE_X0Y49          FDRE (Prop_fdre_C_Q)         0.141     1.732 r  pc_display/refresh_counter_reg[7]/Q
                         net (fo=1, routed)           0.121     1.853    pc_display/refresh_counter_reg_n_0_[7]
    SLICE_X0Y49          CARRY4 (Prop_carry4_S[2]_CO[3])
                                                      0.160     2.013 r  pc_display/refresh_counter0_carry__0/CO[3]
                         net (fo=1, routed)           0.001     2.014    pc_display/refresh_counter0_carry__0_n_0
    SLICE_X0Y50          CARRY4 (Prop_carry4_CI_O[2])
                                                      0.065     2.079 r  pc_display/refresh_counter0_carry__1/O[2]
                         net (fo=1, routed)           0.000     2.079    pc_display/p_0_in[11]
    SLICE_X0Y50          FDRE                                         r  pc_display/refresh_counter_reg[11]/D
  -------------------------------------------------------------------    -------------------

                         (clock sys_clk_pin rise edge)
                                                      0.000     0.000 r  
    E3                                                0.000     0.000 r  CLK100MHZ (IN)
                         net (fo=0)                   0.000     0.000    CLK100MHZ
    E3                   IBUF (Prop_ibuf_I_O)         0.438     0.438 r  CLK100MHZ_IBUF_inst/O
                         net (fo=1, routed)           0.699     1.136    CLK100MHZ_IBUF
    BUFGCTRL_X0Y16       BUFG (Prop_bufg_I_O)         0.029     1.165 r  CLK100MHZ_IBUF_BUFG_inst/O
                         net (fo=19, routed)          0.878     2.043    pc_display/CLK100MHZ_IBUF_BUFG
    SLICE_X0Y50          FDRE                                         r  pc_display/refresh_counter_reg[11]/C
                         clock pessimism             -0.250     1.792    
    SLICE_X0Y50          FDRE (Hold_fdre_C_D)         0.105     1.897    pc_display/refresh_counter_reg[11]
  -------------------------------------------------------------------
                         required time                         -1.897    
                         arrival time                           2.079    
  -------------------------------------------------------------------
                         slack                                  0.182    

Slack (MET) :             0.207ns  (arrival time - required time)
  Source:                 pc_display/refresh_counter_reg[7]/C
                            (rising edge-triggered cell FDRE clocked by sys_clk_pin  {rise@0.000ns fall@5.000ns period=10.000ns})
  Destination:            pc_display/refresh_counter_reg[10]/D
                            (rising edge-triggered cell FDRE clocked by sys_clk_pin  {rise@0.000ns fall@5.000ns period=10.000ns})
  Path Group:             sys_clk_pin
  Path Type:              Hold (Min at Fast Process Corner)
  Requirement:            0.000ns  (sys_clk_pin rise@0.000ns - sys_clk_pin rise@0.000ns)
  Data Path Delay:        0.513ns  (logic 0.391ns (76.196%)  route 0.122ns (23.804%))
  Logic Levels:           2  (CARRY4=2)
  Clock Path Skew:        0.201ns (DCD - SCD - CPR)
    Destination Clock Delay (DCD):    2.043ns
    Source Clock Delay      (SCD):    1.591ns
    Clock Pessimism Removal (CPR):    0.250ns

    Location             Delay type                Incr(ns)  Path(ns)    Netlist Resource(s)
  -------------------------------------------------------------------    -------------------
                         (clock sys_clk_pin rise edge)
                                                      0.000     0.000 r  
    E3                                                0.000     0.000 r  CLK100MHZ (IN)
                         net (fo=0)                   0.000     0.000    CLK100MHZ
    E3                   IBUF (Prop_ibuf_I_O)         0.250     0.250 r  CLK100MHZ_IBUF_inst/O
                         net (fo=1, routed)           0.644     0.894    CLK100MHZ_IBUF
    BUFGCTRL_X0Y16       BUFG (Prop_bufg_I_O)         0.026     0.920 r  CLK100MHZ_IBUF_BUFG_inst/O
                         net (fo=19, routed)          0.671     1.591    pc_display/CLK100MHZ_IBUF_BUFG
    SLICE_X0Y49          FDRE                                         r  pc_display/refresh_counter_reg[7]/C
  -------------------------------------------------------------------    -------------------
    SLICE_X0Y49          FDRE (Prop_fdre_C_Q)         0.141     1.732 r  pc_display/refresh_counter_reg[7]/Q
                         net (fo=1, routed)           0.121     1.853    pc_display/refresh_counter_reg_n_0_[7]
    SLICE_X0Y49          CARRY4 (Prop_carry4_S[2]_CO[3])
                                                      0.160     2.013 r  pc_display/refresh_counter0_carry__0/CO[3]
                         net (fo=1, routed)           0.001     2.014    pc_display/refresh_counter0_carry__0_n_0
    SLICE_X0Y50          CARRY4 (Prop_carry4_CI_O[1])
                                                      0.090     2.104 r  pc_display/refresh_counter0_carry__1/O[1]
                         net (fo=1, routed)           0.000     2.104    pc_display/p_0_in[10]
    SLICE_X0Y50          FDRE                                         r  pc_display/refresh_counter_reg[10]/D
  -------------------------------------------------------------------    -------------------

                         (clock sys_clk_pin rise edge)
                                                      0.000     0.000 r  
    E3                                                0.000     0.000 r  CLK100MHZ (IN)
                         net (fo=0)                   0.000     0.000    CLK100MHZ
    E3                   IBUF (Prop_ibuf_I_O)         0.438     0.438 r  CLK100MHZ_IBUF_inst/O
                         net (fo=1, routed)           0.699     1.136    CLK100MHZ_IBUF
    BUFGCTRL_X0Y16       BUFG (Prop_bufg_I_O)         0.029     1.165 r  CLK100MHZ_IBUF_BUFG_inst/O
                         net (fo=19, routed)          0.878     2.043    pc_display/CLK100MHZ_IBUF_BUFG
    SLICE_X0Y50          FDRE                                         r  pc_display/refresh_counter_reg[10]/C
                         clock pessimism             -0.250     1.792    
    SLICE_X0Y50          FDRE (Hold_fdre_C_D)         0.105     1.897    pc_display/refresh_counter_reg[10]
  -------------------------------------------------------------------
                         required time                         -1.897    
                         arrival time                           2.104    
  -------------------------------------------------------------------
                         slack                                  0.207    

Slack (MET) :             0.207ns  (arrival time - required time)
  Source:                 pc_display/refresh_counter_reg[7]/C
                            (rising edge-triggered cell FDRE clocked by sys_clk_pin  {rise@0.000ns fall@5.000ns period=10.000ns})
  Destination:            pc_display/refresh_counter_reg[12]/D
                            (rising edge-triggered cell FDRE clocked by sys_clk_pin  {rise@0.000ns fall@5.000ns period=10.000ns})
  Path Group:             sys_clk_pin
  Path Type:              Hold (Min at Fast Process Corner)
  Requirement:            0.000ns  (sys_clk_pin rise@0.000ns - sys_clk_pin rise@0.000ns)
  Data Path Delay:        0.513ns  (logic 0.391ns (76.196%)  route 0.122ns (23.804%))
  Logic Levels:           2  (CARRY4=2)
  Clock Path Skew:        0.201ns (DCD - SCD - CPR)
    Destination Clock Delay (DCD):    2.043ns
    Source Clock Delay      (SCD):    1.591ns
    Clock Pessimism Removal (CPR):    0.250ns

    Location             Delay type                Incr(ns)  Path(ns)    Netlist Resource(s)
  -------------------------------------------------------------------    -------------------
                         (clock sys_clk_pin rise edge)
                                                      0.000     0.000 r  
    E3                                                0.000     0.000 r  CLK100MHZ (IN)
                         net (fo=0)                   0.000     0.000    CLK100MHZ
    E3                   IBUF (Prop_ibuf_I_O)         0.250     0.250 r  CLK100MHZ_IBUF_inst/O
                         net (fo=1, routed)           0.644     0.894    CLK100MHZ_IBUF
    BUFGCTRL_X0Y16       BUFG (Prop_bufg_I_O)         0.026     0.920 r  CLK100MHZ_IBUF_BUFG_inst/O
                         net (fo=19, routed)          0.671     1.591    pc_display/CLK100MHZ_IBUF_BUFG
    SLICE_X0Y49          FDRE                                         r  pc_display/refresh_counter_reg[7]/C
  -------------------------------------------------------------------    -------------------
    SLICE_X0Y49          FDRE (Prop_fdre_C_Q)         0.141     1.732 r  pc_display/refresh_counter_reg[7]/Q
                         net (fo=1, routed)           0.121     1.853    pc_display/refresh_counter_reg_n_0_[7]
    SLICE_X0Y49          CARRY4 (Prop_carry4_S[2]_CO[3])
                                                      0.160     2.013 r  pc_display/refresh_counter0_carry__0/CO[3]
                         net (fo=1, routed)           0.001     2.014    pc_display/refresh_counter0_carry__0_n_0
    SLICE_X0Y50          CARRY4 (Prop_carry4_CI_O[3])
                                                      0.090     2.104 r  pc_display/refresh_counter0_carry__1/O[3]
                         net (fo=1, routed)           0.000     2.104    pc_display/p_0_in[12]
    SLICE_X0Y50          FDRE                                         r  pc_display/refresh_counter_reg[12]/D
  -------------------------------------------------------------------    -------------------

                         (clock sys_clk_pin rise edge)
                                                      0.000     0.000 r  
    E3                                                0.000     0.000 r  CLK100MHZ (IN)
                         net (fo=0)                   0.000     0.000    CLK100MHZ
    E3                   IBUF (Prop_ibuf_I_O)         0.438     0.438 r  CLK100MHZ_IBUF_inst/O
                         net (fo=1, routed)           0.699     1.136    CLK100MHZ_IBUF
    BUFGCTRL_X0Y16       BUFG (Prop_bufg_I_O)         0.029     1.165 r  CLK100MHZ_IBUF_BUFG_inst/O
                         net (fo=19, routed)          0.878     2.043    pc_display/CLK100MHZ_IBUF_BUFG
    SLICE_X0Y50          FDRE                                         r  pc_display/refresh_counter_reg[12]/C
                         clock pessimism             -0.250     1.792    
    SLICE_X0Y50          FDRE (Hold_fdre_C_D)         0.105     1.897    pc_display/refresh_counter_reg[12]
  -------------------------------------------------------------------
                         required time                         -1.897    
                         arrival time                           2.104    
  -------------------------------------------------------------------
                         slack                                  0.207    

Slack (MET) :             0.210ns  (arrival time - required time)
  Source:                 pc_display/refresh_counter_reg[7]/C
                            (rising edge-triggered cell FDRE clocked by sys_clk_pin  {rise@0.000ns fall@5.000ns period=10.000ns})
  Destination:            pc_display/refresh_counter_reg[13]/D
                            (rising edge-triggered cell FDRE clocked by sys_clk_pin  {rise@0.000ns fall@5.000ns period=10.000ns})
  Path Group:             sys_clk_pin
  Path Type:              Hold (Min at Fast Process Corner)
  Requirement:            0.000ns  (sys_clk_pin rise@0.000ns - sys_clk_pin rise@0.000ns)
  Data Path Delay:        0.516ns  (logic 0.394ns (76.334%)  route 0.122ns (23.666%))
  Logic Levels:           3  (CARRY4=3)
  Clock Path Skew:        0.201ns (DCD - SCD - CPR)
    Destination Clock Delay (DCD):    2.043ns
    Source Clock Delay      (SCD):    1.591ns
    Clock Pessimism Removal (CPR):    0.250ns

    Location             Delay type                Incr(ns)  Path(ns)    Netlist Resource(s)
  -------------------------------------------------------------------    -------------------
                         (clock sys_clk_pin rise edge)
                                                      0.000     0.000 r  
    E3                                                0.000     0.000 r  CLK100MHZ (IN)
                         net (fo=0)                   0.000     0.000    CLK100MHZ
    E3                   IBUF (Prop_ibuf_I_O)         0.250     0.250 r  CLK100MHZ_IBUF_inst/O
                         net (fo=1, routed)           0.644     0.894    CLK100MHZ_IBUF
    BUFGCTRL_X0Y16       BUFG (Prop_bufg_I_O)         0.026     0.920 r  CLK100MHZ_IBUF_BUFG_inst/O
                         net (fo=19, routed)          0.671     1.591    pc_display/CLK100MHZ_IBUF_BUFG
    SLICE_X0Y49          FDRE                                         r  pc_display/refresh_counter_reg[7]/C
  -------------------------------------------------------------------    -------------------
    SLICE_X0Y49          FDRE (Prop_fdre_C_Q)         0.141     1.732 r  pc_display/refresh_counter_reg[7]/Q
                         net (fo=1, routed)           0.121     1.853    pc_display/refresh_counter_reg_n_0_[7]
    SLICE_X0Y49          CARRY4 (Prop_carry4_S[2]_CO[3])
                                                      0.160     2.013 r  pc_display/refresh_counter0_carry__0/CO[3]
                         net (fo=1, routed)           0.001     2.014    pc_display/refresh_counter0_carry__0_n_0
    SLICE_X0Y50          CARRY4 (Prop_carry4_CI_CO[3])
                                                      0.039     2.053 r  pc_display/refresh_counter0_carry__1/CO[3]
                         net (fo=1, routed)           0.000     2.053    pc_display/refresh_counter0_carry__1_n_0
    SLICE_X0Y51          CARRY4 (Prop_carry4_CI_O[0])
                                                      0.054     2.107 r  pc_display/refresh_counter0_carry__2/O[0]
                         net (fo=1, routed)           0.000     2.107    pc_display/p_0_in[13]
    SLICE_X0Y51          FDRE                                         r  pc_display/refresh_counter_reg[13]/D
  -------------------------------------------------------------------    -------------------

                         (clock sys_clk_pin rise edge)
                                                      0.000     0.000 r  
    E3                                                0.000     0.000 r  CLK100MHZ (IN)
                         net (fo=0)                   0.000     0.000    CLK100MHZ
    E3                   IBUF (Prop_ibuf_I_O)         0.438     0.438 r  CLK100MHZ_IBUF_inst/O
                         net (fo=1, routed)           0.699     1.136    CLK100MHZ_IBUF
    BUFGCTRL_X0Y16       BUFG (Prop_bufg_I_O)         0.029     1.165 r  CLK100MHZ_IBUF_BUFG_inst/O
                         net (fo=19, routed)          0.878     2.043    pc_display/CLK100MHZ_IBUF_BUFG
    SLICE_X0Y51          FDRE                                         r  pc_display/refresh_counter_reg[13]/C
                         clock pessimism             -0.250     1.792    
    SLICE_X0Y51          FDRE (Hold_fdre_C_D)         0.105     1.897    pc_display/refresh_counter_reg[13]
  -------------------------------------------------------------------
                         required time                         -1.897    
                         arrival time                           2.107    
  -------------------------------------------------------------------
                         slack                                  0.210    

Slack (MET) :             0.221ns  (arrival time - required time)
  Source:                 pc_display/refresh_counter_reg[7]/C
                            (rising edge-triggered cell FDRE clocked by sys_clk_pin  {rise@0.000ns fall@5.000ns period=10.000ns})
  Destination:            pc_display/refresh_counter_reg[15]/D
                            (rising edge-triggered cell FDRE clocked by sys_clk_pin  {rise@0.000ns fall@5.000ns period=10.000ns})
  Path Group:             sys_clk_pin
  Path Type:              Hold (Min at Fast Process Corner)
  Requirement:            0.000ns  (sys_clk_pin rise@0.000ns - sys_clk_pin rise@0.000ns)
  Data Path Delay:        0.527ns  (logic 0.405ns (76.828%)  route 0.122ns (23.172%))
  Logic Levels:           3  (CARRY4=3)
  Clock Path Skew:        0.201ns (DCD - SCD - CPR)
    Destination Clock Delay (DCD):    2.043ns
    Source Clock Delay      (SCD):    1.591ns
    Clock Pessimism Removal (CPR):    0.250ns

    Location             Delay type                Incr(ns)  Path(ns)    Netlist Resource(s)
  -------------------------------------------------------------------    -------------------
                         (clock sys_clk_pin rise edge)
                                                      0.000     0.000 r  
    E3                                                0.000     0.000 r  CLK100MHZ (IN)
                         net (fo=0)                   0.000     0.000    CLK100MHZ
    E3                   IBUF (Prop_ibuf_I_O)         0.250     0.250 r  CLK100MHZ_IBUF_inst/O
                         net (fo=1, routed)           0.644     0.894    CLK100MHZ_IBUF
    BUFGCTRL_X0Y16       BUFG (Prop_bufg_I_O)         0.026     0.920 r  CLK100MHZ_IBUF_BUFG_inst/O
                         net (fo=19, routed)          0.671     1.591    pc_display/CLK100MHZ_IBUF_BUFG
    SLICE_X0Y49          FDRE                                         r  pc_display/refresh_counter_reg[7]/C
  -------------------------------------------------------------------    -------------------
    SLICE_X0Y49          FDRE (Prop_fdre_C_Q)         0.141     1.732 r  pc_display/refresh_counter_reg[7]/Q
                         net (fo=1, routed)           0.121     1.853    pc_display/refresh_counter_reg_n_0_[7]
    SLICE_X0Y49          CARRY4 (Prop_carry4_S[2]_CO[3])
                                                      0.160     2.013 r  pc_display/refresh_counter0_carry__0/CO[3]
                         net (fo=1, routed)           0.001     2.014    pc_display/refresh_counter0_carry__0_n_0
    SLICE_X0Y50          CARRY4 (Prop_carry4_CI_CO[3])
                                                      0.039     2.053 r  pc_display/refresh_counter0_carry__1/CO[3]
                         net (fo=1, routed)           0.000     2.053    pc_display/refresh_counter0_carry__1_n_0
    SLICE_X0Y51          CARRY4 (Prop_carry4_CI_O[2])
                                                      0.065     2.118 r  pc_display/refresh_counter0_carry__2/O[2]
                         net (fo=1, routed)           0.000     2.118    pc_display/p_0_in[15]
    SLICE_X0Y51          FDRE                                         r  pc_display/refresh_counter_reg[15]/D
  -------------------------------------------------------------------    -------------------

                         (clock sys_clk_pin rise edge)
                                                      0.000     0.000 r  
    E3                                                0.000     0.000 r  CLK100MHZ (IN)
                         net (fo=0)                   0.000     0.000    CLK100MHZ
    E3                   IBUF (Prop_ibuf_I_O)         0.438     0.438 r  CLK100MHZ_IBUF_inst/O
                         net (fo=1, routed)           0.699     1.136    CLK100MHZ_IBUF
    BUFGCTRL_X0Y16       BUFG (Prop_bufg_I_O)         0.029     1.165 r  CLK100MHZ_IBUF_BUFG_inst/O
                         net (fo=19, routed)          0.878     2.043    pc_display/CLK100MHZ_IBUF_BUFG
    SLICE_X0Y51          FDRE                                         r  pc_display/refresh_counter_reg[15]/C
                         clock pessimism             -0.250     1.792    
    SLICE_X0Y51          FDRE (Hold_fdre_C_D)         0.105     1.897    pc_display/refresh_counter_reg[15]
  -------------------------------------------------------------------
                         required time                         -1.897    
                         arrival time                           2.118    
  -------------------------------------------------------------------
                         slack                                  0.221    

Slack (MET) :             0.246ns  (arrival time - required time)
  Source:                 pc_display/refresh_counter_reg[7]/C
                            (rising edge-triggered cell FDRE clocked by sys_clk_pin  {rise@0.000ns fall@5.000ns period=10.000ns})
  Destination:            pc_display/refresh_counter_reg[14]/D
                            (rising edge-triggered cell FDRE clocked by sys_clk_pin  {rise@0.000ns fall@5.000ns period=10.000ns})
  Path Group:             sys_clk_pin
  Path Type:              Hold (Min at Fast Process Corner)
  Requirement:            0.000ns  (sys_clk_pin rise@0.000ns - sys_clk_pin rise@0.000ns)
  Data Path Delay:        0.552ns  (logic 0.430ns (77.877%)  route 0.122ns (22.123%))
  Logic Levels:           3  (CARRY4=3)
  Clock Path Skew:        0.201ns (DCD - SCD - CPR)
    Destination Clock Delay (DCD):    2.043ns
    Source Clock Delay      (SCD):    1.591ns
    Clock Pessimism Removal (CPR):    0.250ns

    Location             Delay type                Incr(ns)  Path(ns)    Netlist Resource(s)
  -------------------------------------------------------------------    -------------------
                         (clock sys_clk_pin rise edge)
                                                      0.000     0.000 r  
    E3                                                0.000     0.000 r  CLK100MHZ (IN)
                         net (fo=0)                   0.000     0.000    CLK100MHZ
    E3                   IBUF (Prop_ibuf_I_O)         0.250     0.250 r  CLK100MHZ_IBUF_inst/O
                         net (fo=1, routed)           0.644     0.894    CLK100MHZ_IBUF
    BUFGCTRL_X0Y16       BUFG (Prop_bufg_I_O)         0.026     0.920 r  CLK100MHZ_IBUF_BUFG_inst/O
                         net (fo=19, routed)          0.671     1.591    pc_display/CLK100MHZ_IBUF_BUFG
    SLICE_X0Y49          FDRE                                         r  pc_display/refresh_counter_reg[7]/C
  -------------------------------------------------------------------    -------------------
    SLICE_X0Y49          FDRE (Prop_fdre_C_Q)         0.141     1.732 r  pc_display/refresh_counter_reg[7]/Q
                         net (fo=1, routed)           0.121     1.853    pc_display/refresh_counter_reg_n_0_[7]
    SLICE_X0Y49          CARRY4 (Prop_carry4_S[2]_CO[3])
                                                      0.160     2.013 r  pc_display/refresh_counter0_carry__0/CO[3]
                         net (fo=1, routed)           0.001     2.014    pc_display/refresh_counter0_carry__0_n_0
    SLICE_X0Y50          CARRY4 (Prop_carry4_CI_CO[3])
                                                      0.039     2.053 r  pc_display/refresh_counter0_carry__1/CO[3]
                         net (fo=1, routed)           0.000     2.053    pc_display/refresh_counter0_carry__1_n_0
    SLICE_X0Y51          CARRY4 (Prop_carry4_CI_O[1])
                                                      0.090     2.143 r  pc_display/refresh_counter0_carry__2/O[1]
                         net (fo=1, routed)           0.000     2.143    pc_display/p_0_in[14]
    SLICE_X0Y51          FDRE                                         r  pc_display/refresh_counter_reg[14]/D
  -------------------------------------------------------------------    -------------------

                         (clock sys_clk_pin rise edge)
                                                      0.000     0.000 r  
    E3                                                0.000     0.000 r  CLK100MHZ (IN)
                         net (fo=0)                   0.000     0.000    CLK100MHZ
    E3                   IBUF (Prop_ibuf_I_O)         0.438     0.438 r  CLK100MHZ_IBUF_inst/O
                         net (fo=1, routed)           0.699     1.136    CLK100MHZ_IBUF
    BUFGCTRL_X0Y16       BUFG (Prop_bufg_I_O)         0.029     1.165 r  CLK100MHZ_IBUF_BUFG_inst/O
                         net (fo=19, routed)          0.878     2.043    pc_display/CLK100MHZ_IBUF_BUFG
    SLICE_X0Y51          FDRE                                         r  pc_display/refresh_counter_reg[14]/C
                         clock pessimism             -0.250     1.792    
    SLICE_X0Y51          FDRE (Hold_fdre_C_D)         0.105     1.897    pc_display/refresh_counter_reg[14]
  -------------------------------------------------------------------
                         required time                         -1.897    
                         arrival time                           2.143    
  -------------------------------------------------------------------
                         slack                                  0.246    

Slack (MET) :             0.246ns  (arrival time - required time)
  Source:                 pc_display/refresh_counter_reg[7]/C
                            (rising edge-triggered cell FDRE clocked by sys_clk_pin  {rise@0.000ns fall@5.000ns period=10.000ns})
  Destination:            pc_display/refresh_counter_reg[16]/D
                            (rising edge-triggered cell FDRE clocked by sys_clk_pin  {rise@0.000ns fall@5.000ns period=10.000ns})
  Path Group:             sys_clk_pin
  Path Type:              Hold (Min at Fast Process Corner)
  Requirement:            0.000ns  (sys_clk_pin rise@0.000ns - sys_clk_pin rise@0.000ns)
  Data Path Delay:        0.552ns  (logic 0.430ns (77.877%)  route 0.122ns (22.123%))
  Logic Levels:           3  (CARRY4=3)
  Clock Path Skew:        0.201ns (DCD - SCD - CPR)
    Destination Clock Delay (DCD):    2.043ns
    Source Clock Delay      (SCD):    1.591ns
    Clock Pessimism Removal (CPR):    0.250ns

    Location             Delay type                Incr(ns)  Path(ns)    Netlist Resource(s)
  -------------------------------------------------------------------    -------------------
                         (clock sys_clk_pin rise edge)
                                                      0.000     0.000 r  
    E3                                                0.000     0.000 r  CLK100MHZ (IN)
                         net (fo=0)                   0.000     0.000    CLK100MHZ
    E3                   IBUF (Prop_ibuf_I_O)         0.250     0.250 r  CLK100MHZ_IBUF_inst/O
                         net (fo=1, routed)           0.644     0.894    CLK100MHZ_IBUF
    BUFGCTRL_X0Y16       BUFG (Prop_bufg_I_O)         0.026     0.920 r  CLK100MHZ_IBUF_BUFG_inst/O
                         net (fo=19, routed)          0.671     1.591    pc_display/CLK100MHZ_IBUF_BUFG
    SLICE_X0Y49          FDRE                                         r  pc_display/refresh_counter_reg[7]/C
  -------------------------------------------------------------------    -------------------
    SLICE_X0Y49          FDRE (Prop_fdre_C_Q)         0.141     1.732 r  pc_display/refresh_counter_reg[7]/Q
                         net (fo=1, routed)           0.121     1.853    pc_display/refresh_counter_reg_n_0_[7]
    SLICE_X0Y49          CARRY4 (Prop_carry4_S[2]_CO[3])
                                                      0.160     2.013 r  pc_display/refresh_counter0_carry__0/CO[3]
                         net (fo=1, routed)           0.001     2.014    pc_display/refresh_counter0_carry__0_n_0
    SLICE_X0Y50          CARRY4 (Prop_carry4_CI_CO[3])
                                                      0.039     2.053 r  pc_display/refresh_counter0_carry__1/CO[3]
                         net (fo=1, routed)           0.000     2.053    pc_display/refresh_counter0_carry__1_n_0
    SLICE_X0Y51          CARRY4 (Prop_carry4_CI_O[3])
                                                      0.090     2.143 r  pc_display/refresh_counter0_carry__2/O[3]
                         net (fo=1, routed)           0.000     2.143    pc_display/p_0_in[16]
    SLICE_X0Y51          FDRE                                         r  pc_display/refresh_counter_reg[16]/D
  -------------------------------------------------------------------    -------------------

                         (clock sys_clk_pin rise edge)
                                                      0.000     0.000 r  
    E3                                                0.000     0.000 r  CLK100MHZ (IN)
                         net (fo=0)                   0.000     0.000    CLK100MHZ
    E3                   IBUF (Prop_ibuf_I_O)         0.438     0.438 r  CLK100MHZ_IBUF_inst/O
                         net (fo=1, routed)           0.699     1.136    CLK100MHZ_IBUF
    BUFGCTRL_X0Y16       BUFG (Prop_bufg_I_O)         0.029     1.165 r  CLK100MHZ_IBUF_BUFG_inst/O
                         net (fo=19, routed)          0.878     2.043    pc_display/CLK100MHZ_IBUF_BUFG
    SLICE_X0Y51          FDRE                                         r  pc_display/refresh_counter_reg[16]/C
                         clock pessimism             -0.250     1.792    
    SLICE_X0Y51          FDRE (Hold_fdre_C_D)         0.105     1.897    pc_display/refresh_counter_reg[16]
  -------------------------------------------------------------------
                         required time                         -1.897    
                         arrival time                           2.143    
  -------------------------------------------------------------------
                         slack                                  0.246    

Slack (MET) :             0.249ns  (arrival time - required time)
  Source:                 pc_display/refresh_counter_reg[7]/C
                            (rising edge-triggered cell FDRE clocked by sys_clk_pin  {rise@0.000ns fall@5.000ns period=10.000ns})
  Destination:            pc_display/refresh_counter_reg[17]/D
                            (rising edge-triggered cell FDRE clocked by sys_clk_pin  {rise@0.000ns fall@5.000ns period=10.000ns})
  Path Group:             sys_clk_pin
  Path Type:              Hold (Min at Fast Process Corner)
  Requirement:            0.000ns  (sys_clk_pin rise@0.000ns - sys_clk_pin rise@0.000ns)
  Data Path Delay:        0.555ns  (logic 0.433ns (77.997%)  route 0.122ns (22.003%))
  Logic Levels:           4  (CARRY4=4)
  Clock Path Skew:        0.201ns (DCD - SCD - CPR)
    Destination Clock Delay (DCD):    2.043ns
    Source Clock Delay      (SCD):    1.591ns
    Clock Pessimism Removal (CPR):    0.250ns

    Location             Delay type                Incr(ns)  Path(ns)    Netlist Resource(s)
  -------------------------------------------------------------------    -------------------
                         (clock sys_clk_pin rise edge)
                                                      0.000     0.000 r  
    E3                                                0.000     0.000 r  CLK100MHZ (IN)
                         net (fo=0)                   0.000     0.000    CLK100MHZ
    E3                   IBUF (Prop_ibuf_I_O)         0.250     0.250 r  CLK100MHZ_IBUF_inst/O
                         net (fo=1, routed)           0.644     0.894    CLK100MHZ_IBUF
    BUFGCTRL_X0Y16       BUFG (Prop_bufg_I_O)         0.026     0.920 r  CLK100MHZ_IBUF_BUFG_inst/O
                         net (fo=19, routed)          0.671     1.591    pc_display/CLK100MHZ_IBUF_BUFG
    SLICE_X0Y49          FDRE                                         r  pc_display/refresh_counter_reg[7]/C
  -------------------------------------------------------------------    -------------------
    SLICE_X0Y49          FDRE (Prop_fdre_C_Q)         0.141     1.732 r  pc_display/refresh_counter_reg[7]/Q
                         net (fo=1, routed)           0.121     1.853    pc_display/refresh_counter_reg_n_0_[7]
    SLICE_X0Y49          CARRY4 (Prop_carry4_S[2]_CO[3])
                                                      0.160     2.013 r  pc_display/refresh_counter0_carry__0/CO[3]
                         net (fo=1, routed)           0.001     2.014    pc_display/refresh_counter0_carry__0_n_0
    SLICE_X0Y50          CARRY4 (Prop_carry4_CI_CO[3])
                                                      0.039     2.053 r  pc_display/refresh_counter0_carry__1/CO[3]
                         net (fo=1, routed)           0.000     2.053    pc_display/refresh_counter0_carry__1_n_0
    SLICE_X0Y51          CARRY4 (Prop_carry4_CI_CO[3])
                                                      0.039     2.092 r  pc_display/refresh_counter0_carry__2/CO[3]
                         net (fo=1, routed)           0.000     2.092    pc_display/refresh_counter0_carry__2_n_0
    SLICE_X0Y52          CARRY4 (Prop_carry4_CI_O[0])
                                                      0.054     2.146 r  pc_display/refresh_counter0_carry__3/O[0]
                         net (fo=1, routed)           0.000     2.146    pc_display/p_0_in[17]
    SLICE_X0Y52          FDRE                                         r  pc_display/refresh_counter_reg[17]/D
  -------------------------------------------------------------------    -------------------

                         (clock sys_clk_pin rise edge)
                                                      0.000     0.000 r  
    E3                                                0.000     0.000 r  CLK100MHZ (IN)
                         net (fo=0)                   0.000     0.000    CLK100MHZ
    E3                   IBUF (Prop_ibuf_I_O)         0.438     0.438 r  CLK100MHZ_IBUF_inst/O
                         net (fo=1, routed)           0.699     1.136    CLK100MHZ_IBUF
    BUFGCTRL_X0Y16       BUFG (Prop_bufg_I_O)         0.029     1.165 r  CLK100MHZ_IBUF_BUFG_inst/O
                         net (fo=19, routed)          0.878     2.043    pc_display/CLK100MHZ_IBUF_BUFG
    SLICE_X0Y52          FDRE                                         r  pc_display/refresh_counter_reg[17]/C
                         clock pessimism             -0.250     1.792    
    SLICE_X0Y52          FDRE (Hold_fdre_C_D)         0.105     1.897    pc_display/refresh_counter_reg[17]
  -------------------------------------------------------------------
                         required time                         -1.897    
                         arrival time                           2.146    
  -------------------------------------------------------------------
                         slack                                  0.249    

Slack (MET) :             0.262ns  (arrival time - required time)
  Source:                 pc_display/refresh_counter_reg[0]/C
                            (rising edge-triggered cell FDRE clocked by sys_clk_pin  {rise@0.000ns fall@5.000ns period=10.000ns})
  Destination:            pc_display/refresh_counter_reg[0]/D
                            (rising edge-triggered cell FDRE clocked by sys_clk_pin  {rise@0.000ns fall@5.000ns period=10.000ns})
  Path Group:             sys_clk_pin
  Path Type:              Hold (Min at Fast Process Corner)
  Requirement:            0.000ns  (sys_clk_pin rise@0.000ns - sys_clk_pin rise@0.000ns)
  Data Path Delay:        0.353ns  (logic 0.186ns (52.691%)  route 0.167ns (47.309%))
  Logic Levels:           1  (LUT1=1)
  Clock Path Skew:        0.000ns (DCD - SCD - CPR)
    Destination Clock Delay (DCD):    2.113ns
    Source Clock Delay      (SCD):    1.591ns
    Clock Pessimism Removal (CPR):    0.522ns

    Location             Delay type                Incr(ns)  Path(ns)    Netlist Resource(s)
  -------------------------------------------------------------------    -------------------
                         (clock sys_clk_pin rise edge)
                                                      0.000     0.000 r  
    E3                                                0.000     0.000 r  CLK100MHZ (IN)
                         net (fo=0)                   0.000     0.000    CLK100MHZ
    E3                   IBUF (Prop_ibuf_I_O)         0.250     0.250 r  CLK100MHZ_IBUF_inst/O
                         net (fo=1, routed)           0.644     0.894    CLK100MHZ_IBUF
    BUFGCTRL_X0Y16       BUFG (Prop_bufg_I_O)         0.026     0.920 r  CLK100MHZ_IBUF_BUFG_inst/O
                         net (fo=19, routed)          0.671     1.591    pc_display/CLK100MHZ_IBUF_BUFG
    SLICE_X1Y48          FDRE                                         r  pc_display/refresh_counter_reg[0]/C
  -------------------------------------------------------------------    -------------------
    SLICE_X1Y48          FDRE (Prop_fdre_C_Q)         0.141     1.732 f  pc_display/refresh_counter_reg[0]/Q
                         net (fo=2, routed)           0.167     1.899    pc_display/refresh_counter_reg_n_0_[0]
    SLICE_X1Y48          LUT1 (Prop_lut1_I0_O)        0.045     1.944 r  pc_display/refresh_counter[0]_i_1/O
                         net (fo=1, routed)           0.000     1.944    pc_display/p_0_in[0]
    SLICE_X1Y48          FDRE                                         r  pc_display/refresh_counter_reg[0]/D
  -------------------------------------------------------------------    -------------------

                         (clock sys_clk_pin rise edge)
                                                      0.000     0.000 r  
    E3                                                0.000     0.000 r  CLK100MHZ (IN)
                         net (fo=0)                   0.000     0.000    CLK100MHZ
    E3                   IBUF (Prop_ibuf_I_O)         0.438     0.438 r  CLK100MHZ_IBUF_inst/O
                         net (fo=1, routed)           0.699     1.136    CLK100MHZ_IBUF
    BUFGCTRL_X0Y16       BUFG (Prop_bufg_I_O)         0.029     1.165 r  CLK100MHZ_IBUF_BUFG_inst/O
                         net (fo=19, routed)          0.948     2.113    pc_display/CLK100MHZ_IBUF_BUFG
    SLICE_X1Y48          FDRE                                         r  pc_display/refresh_counter_reg[0]/C
                         clock pessimism             -0.522     1.591    
    SLICE_X1Y48          FDRE (Hold_fdre_C_D)         0.091     1.682    pc_display/refresh_counter_reg[0]
  -------------------------------------------------------------------
                         required time                         -1.682    
                         arrival time                           1.944    
  -------------------------------------------------------------------
                         slack                                  0.262    





Pulse Width Checks
--------------------------------------------------------------------------------------
Clock Name:         sys_clk_pin
Waveform(ns):       { 0.000 5.000 }
Period(ns):         10.000
Sources:            { CLK100MHZ }

Check Type        Corner  Lib Pin  Reference Pin  Required(ns)  Actual(ns)  Slack(ns)  Location        Pin
Min Period        n/a     BUFG/I   n/a            2.155         10.000      7.845      BUFGCTRL_X0Y16  CLK100MHZ_IBUF_BUFG_inst/I
Min Period        n/a     FDRE/C   n/a            1.000         10.000      9.000      SLICE_X1Y48     pc_display/refresh_counter_reg[0]/C
Min Period        n/a     FDRE/C   n/a            1.000         10.000      9.000      SLICE_X0Y50     pc_display/refresh_counter_reg[10]/C
Min Period        n/a     FDRE/C   n/a            1.000         10.000      9.000      SLICE_X0Y50     pc_display/refresh_counter_reg[11]/C
Min Period        n/a     FDRE/C   n/a            1.000         10.000      9.000      SLICE_X0Y50     pc_display/refresh_counter_reg[12]/C
Min Period        n/a     FDRE/C   n/a            1.000         10.000      9.000      SLICE_X0Y51     pc_display/refresh_counter_reg[13]/C
Min Period        n/a     FDRE/C   n/a            1.000         10.000      9.000      SLICE_X0Y51     pc_display/refresh_counter_reg[14]/C
Min Period        n/a     FDRE/C   n/a            1.000         10.000      9.000      SLICE_X0Y51     pc_display/refresh_counter_reg[15]/C
Min Period        n/a     FDRE/C   n/a            1.000         10.000      9.000      SLICE_X0Y51     pc_display/refresh_counter_reg[16]/C
Min Period        n/a     FDRE/C   n/a            1.000         10.000      9.000      SLICE_X0Y52     pc_display/refresh_counter_reg[17]/C
Low Pulse Width   Slow    FDRE/C   n/a            0.500         5.000       4.500      SLICE_X1Y48     pc_display/refresh_counter_reg[0]/C
Low Pulse Width   Fast    FDRE/C   n/a            0.500         5.000       4.500      SLICE_X1Y48     pc_display/refresh_counter_reg[0]/C
Low Pulse Width   Slow    FDRE/C   n/a            0.500         5.000       4.500      SLICE_X0Y50     pc_display/refresh_counter_reg[10]/C
Low Pulse Width   Fast    FDRE/C   n/a            0.500         5.000       4.500      SLICE_X0Y50     pc_display/refresh_counter_reg[10]/C
Low Pulse Width   Slow    FDRE/C   n/a            0.500         5.000       4.500      SLICE_X0Y50     pc_display/refresh_counter_reg[11]/C
Low Pulse Width   Fast    FDRE/C   n/a            0.500         5.000       4.500      SLICE_X0Y50     pc_display/refresh_counter_reg[11]/C
Low Pulse Width   Slow    FDRE/C   n/a            0.500         5.000       4.500      SLICE_X0Y50     pc_display/refresh_counter_reg[12]/C
Low Pulse Width   Fast    FDRE/C   n/a            0.500         5.000       4.500      SLICE_X0Y50     pc_display/refresh_counter_reg[12]/C
Low Pulse Width   Slow    FDRE/C   n/a            0.500         5.000       4.500      SLICE_X0Y51     pc_display/refresh_counter_reg[13]/C
Low Pulse Width   Fast    FDRE/C   n/a            0.500         5.000       4.500      SLICE_X0Y51     pc_display/refresh_counter_reg[13]/C
High Pulse Width  Slow    FDRE/C   n/a            0.500         5.000       4.500      SLICE_X1Y48     pc_display/refresh_counter_reg[0]/C
High Pulse Width  Fast    FDRE/C   n/a            0.500         5.000       4.500      SLICE_X1Y48     pc_display/refresh_counter_reg[0]/C
High Pulse Width  Slow    FDRE/C   n/a            0.500         5.000       4.500      SLICE_X0Y50     pc_display/refresh_counter_reg[10]/C
High Pulse Width  Fast    FDRE/C   n/a            0.500         5.000       4.500      SLICE_X0Y50     pc_display/refresh_counter_reg[10]/C
High Pulse Width  Slow    FDRE/C   n/a            0.500         5.000       4.500      SLICE_X0Y50     pc_display/refresh_counter_reg[11]/C
High Pulse Width  Fast    FDRE/C   n/a            0.500         5.000       4.500      SLICE_X0Y50     pc_display/refresh_counter_reg[11]/C
High Pulse Width  Slow    FDRE/C   n/a            0.500         5.000       4.500      SLICE_X0Y50     pc_display/refresh_counter_reg[12]/C
High Pulse Width  Fast    FDRE/C   n/a            0.500         5.000       4.500      SLICE_X0Y50     pc_display/refresh_counter_reg[12]/C
High Pulse Width  Slow    FDRE/C   n/a            0.500         5.000       4.500      SLICE_X0Y51     pc_display/refresh_counter_reg[13]/C
High Pulse Width  Fast    FDRE/C   n/a            0.500         5.000       4.500      SLICE_X0Y51     pc_display/refresh_counter_reg[13]/C



--------------------------------------------------------------------------------------
Path Group:  (none)
From Clock:  
  To Clock:  

Max Delay           814 Endpoints
Min Delay           814 Endpoints
--------------------------------------------------------------------------------------


Max Delay Paths
--------------------------------------------------------------------------------------
Slack:                    inf
  Source:                 hb823/pc_inst/PC_reg[0]/C
                            (rising edge-triggered cell FDCE)
  Destination:            CD
                            (output port)
  Path Group:             (none)
  Path Type:              Max at Slow Process Corner
  Data Path Delay:        29.133ns  (logic 10.314ns (35.405%)  route 18.818ns (64.595%))
  Logic Levels:           27  (CARRY4=11 FDCE=1 LUT2=1 LUT3=3 LUT4=1 LUT5=1 LUT6=8 OBUF=1)

    Location             Delay type                Incr(ns)  Path(ns)    Netlist Resource(s)
  -------------------------------------------------------------------    -------------------
    SLICE_X9Y42          FDCE                         0.000     0.000 r  hb823/pc_inst/PC_reg[0]/C
    SLICE_X9Y42          FDCE (Prop_fdce_C_Q)         0.456     0.456 r  hb823/pc_inst/PC_reg[0]/Q
                         net (fo=37, routed)          2.922     3.378    hb823/pc_inst/PC_reg[15]_0[0]
    SLICE_X12Y50         LUT2 (Prop_lut2_I0_O)        0.124     3.502 r  hb823/pc_inst/i__carry_i_1__1/O
                         net (fo=1, routed)           0.000     3.502    pc_display/digit1_inferred__1/i___52_carry_0[2]
    SLICE_X12Y50         CARRY4 (Prop_carry4_S[3]_CO[3])
                                                      0.376     3.878 r  pc_display/digit1_inferred__1/i__carry/CO[3]
                         net (fo=1, routed)           0.000     3.878    pc_display/digit1_inferred__1/i__carry_n_0
    SLICE_X12Y51         CARRY4 (Prop_carry4_CI_CO[3])
                                                      0.117     3.995 r  pc_display/digit1_inferred__1/i__carry__0/CO[3]
                         net (fo=1, routed)           0.000     3.995    pc_display/digit1_inferred__1/i__carry__0_n_0
    SLICE_X12Y52         CARRY4 (Prop_carry4_CI_O[3])
                                                      0.315     4.310 r  pc_display/digit1_inferred__1/i__carry__1/O[3]
                         net (fo=4, routed)           0.655     4.966    hb823/pc_inst/digit1_inferred__1/i___52_carry__1[3]
    SLICE_X10Y52         LUT3 (Prop_lut3_I2_O)        0.333     5.299 r  hb823/pc_inst/i___52_carry__1_i_10/O
                         net (fo=1, routed)           0.859     6.158    hb823/pc_inst/i___52_carry__1_i_10_n_0
    SLICE_X11Y52         LUT5 (Prop_lut5_I4_O)        0.328     6.486 r  hb823/pc_inst/i___52_carry__1_i_2/O
                         net (fo=2, routed)           1.110     7.596    hb823/pc_inst/PC_reg[2]_0[2]
    SLICE_X13Y52         LUT6 (Prop_lut6_I0_O)        0.124     7.720 r  hb823/pc_inst/i___52_carry__1_i_6/O
                         net (fo=1, routed)           0.000     7.720    pc_display/digit1_inferred__1/i___52_carry__2_1[2]
    SLICE_X13Y52         CARRY4 (Prop_carry4_S[2]_CO[3])
                                                      0.398     8.118 r  pc_display/digit1_inferred__1/i___52_carry__1/CO[3]
                         net (fo=1, routed)           0.000     8.118    pc_display/digit1_inferred__1/i___52_carry__1_n_0
    SLICE_X13Y53         CARRY4 (Prop_carry4_CI_CO[3])
                                                      0.114     8.232 r  pc_display/digit1_inferred__1/i___52_carry__2/CO[3]
                         net (fo=1, routed)           0.000     8.232    pc_display/digit1_inferred__1/i___52_carry__2_n_0
    SLICE_X13Y54         CARRY4 (Prop_carry4_CI_O[3])
                                                      0.313     8.545 r  pc_display/digit1_inferred__1/i___52_carry__3/O[3]
                         net (fo=14, routed)          1.622    10.167    pc_display/PC_reg[12]_0[2]
    SLICE_X9Y55          LUT3 (Prop_lut3_I1_O)        0.334    10.501 r  pc_display/i___108_carry_i_1/O
                         net (fo=1, routed)           0.340    10.841    pc_display/i___108_carry_i_1_n_0
    SLICE_X11Y55         CARRY4 (Prop_carry4_DI[3]_CO[3])
                                                      0.587    11.428 r  pc_display/digit1_inferred__1/i___108_carry/CO[3]
                         net (fo=1, routed)           0.000    11.428    pc_display/digit1_inferred__1/i___108_carry_n_0
    SLICE_X11Y56         CARRY4 (Prop_carry4_CI_O[1])
                                                      0.334    11.762 r  pc_display/digit1_inferred__1/i___108_carry__0/O[1]
                         net (fo=3, routed)           0.985    12.747    hb823/pc_inst/digit1_inferred__1/i___138_carry__1[1]
    SLICE_X10Y55         LUT4 (Prop_lut4_I2_O)        0.303    13.050 r  hb823/pc_inst/i___138_carry__0_i_5/O
                         net (fo=1, routed)           0.000    13.050    pc_display/digit1_inferred__1/i___138_carry__1_0[3]
    SLICE_X10Y55         CARRY4 (Prop_carry4_S[3]_CO[3])
                                                      0.376    13.426 r  pc_display/digit1_inferred__1/i___138_carry__0/CO[3]
                         net (fo=1, routed)           0.000    13.426    pc_display/digit1_inferred__1/i___138_carry__0_n_0
    SLICE_X10Y56         CARRY4 (Prop_carry4_CI_CO[3])
                                                      0.117    13.543 r  pc_display/digit1_inferred__1/i___138_carry__1/CO[3]
                         net (fo=1, routed)           0.000    13.543    pc_display/digit1_inferred__1/i___138_carry__1_n_0
    SLICE_X10Y57         CARRY4 (Prop_carry4_CI_CO[0])
                                                      0.254    13.797 r  pc_display/digit1_inferred__1/i___138_carry__2/CO[0]
                         net (fo=3, routed)           1.029    14.826    hb823/pc_inst/CA_OBUF_inst_i_19_1[0]
    SLICE_X8Y56          LUT3 (Prop_lut3_I2_O)        0.389    15.215 r  hb823/pc_inst/CA_OBUF_inst_i_13/O
                         net (fo=4, routed)           0.499    15.714    pc_display/CA_OBUF_inst_i_1_0
    SLICE_X8Y56          LUT6 (Prop_lut6_I0_O)        0.328    16.042 r  pc_display/CA_OBUF_inst_i_75/O
                         net (fo=4, routed)           0.835    16.877    hb823/pc_inst/CA_OBUF_inst_i_29
    SLICE_X9Y55          LUT6 (Prop_lut6_I1_O)        0.124    17.001 r  hb823/pc_inst/CA_OBUF_inst_i_52/O
                         net (fo=3, routed)           0.882    17.883    pc_display/CA_OBUF_inst_i_21_2
    SLICE_X8Y55          LUT6 (Prop_lut6_I5_O)        0.124    18.007 r  pc_display/CA_OBUF_inst_i_29/O
                         net (fo=3, routed)           0.923    18.930    hb823/pc_inst/CA_OBUF_inst_i_6_2
    SLICE_X7Y55          LUT6 (Prop_lut6_I3_O)        0.124    19.054 r  hb823/pc_inst/i_10_LOPT_REMAP/O
                         net (fo=1, routed)           0.799    19.853    hb823/pc_inst/i_10/O_n
    SLICE_X5Y55          LUT6 (Prop_lut6_I4_O)        0.124    19.977 r  hb823/pc_inst/i_9_LOPT_REMAP/O
                         net (fo=1, routed)           0.575    20.552    hb823/pc_inst/i_9/O_n
    SLICE_X4Y53          LUT6 (Prop_lut6_I0_O)        0.124    20.676 r  hb823/pc_inst/i_0_LOPT_REMAP_35/O
                         net (fo=7, routed)           1.125    21.801    pc_display/CA_1
    SLICE_X0Y58          LUT6 (Prop_lut6_I2_O)        0.124    21.925 r  pc_display/CD_OBUF_inst_i_1/O
                         net (fo=1, routed)           3.657    25.582    CD_OBUF
    K13                  OBUF (Prop_obuf_I_O)         3.550    29.133 r  CD_OBUF_inst/O
                         net (fo=0)                   0.000    29.133    CD
    K13                                                               r  CD (OUT)
  -------------------------------------------------------------------    -------------------

Slack:                    inf
  Source:                 hb823/pc_inst/PC_reg[0]/C
                            (rising edge-triggered cell FDCE)
  Destination:            CG
                            (output port)
  Path Group:             (none)
  Path Type:              Max at Slow Process Corner
  Data Path Delay:        28.517ns  (logic 10.301ns (36.123%)  route 18.216ns (63.877%))
  Logic Levels:           27  (CARRY4=11 FDCE=1 LUT2=1 LUT3=3 LUT4=1 LUT5=1 LUT6=8 OBUF=1)

    Location             Delay type                Incr(ns)  Path(ns)    Netlist Resource(s)
  -------------------------------------------------------------------    -------------------
    SLICE_X9Y42          FDCE                         0.000     0.000 r  hb823/pc_inst/PC_reg[0]/C
    SLICE_X9Y42          FDCE (Prop_fdce_C_Q)         0.456     0.456 r  hb823/pc_inst/PC_reg[0]/Q
                         net (fo=37, routed)          2.922     3.378    hb823/pc_inst/PC_reg[15]_0[0]
    SLICE_X12Y50         LUT2 (Prop_lut2_I0_O)        0.124     3.502 r  hb823/pc_inst/i__carry_i_1__1/O
                         net (fo=1, routed)           0.000     3.502    pc_display/digit1_inferred__1/i___52_carry_0[2]
    SLICE_X12Y50         CARRY4 (Prop_carry4_S[3]_CO[3])
                                                      0.376     3.878 r  pc_display/digit1_inferred__1/i__carry/CO[3]
                         net (fo=1, routed)           0.000     3.878    pc_display/digit1_inferred__1/i__carry_n_0
    SLICE_X12Y51         CARRY4 (Prop_carry4_CI_CO[3])
                                                      0.117     3.995 r  pc_display/digit1_inferred__1/i__carry__0/CO[3]
                         net (fo=1, routed)           0.000     3.995    pc_display/digit1_inferred__1/i__carry__0_n_0
    SLICE_X12Y52         CARRY4 (Prop_carry4_CI_O[3])
                                                      0.315     4.310 r  pc_display/digit1_inferred__1/i__carry__1/O[3]
                         net (fo=4, routed)           0.655     4.966    hb823/pc_inst/digit1_inferred__1/i___52_carry__1[3]
    SLICE_X10Y52         LUT3 (Prop_lut3_I2_O)        0.333     5.299 r  hb823/pc_inst/i___52_carry__1_i_10/O
                         net (fo=1, routed)           0.859     6.158    hb823/pc_inst/i___52_carry__1_i_10_n_0
    SLICE_X11Y52         LUT5 (Prop_lut5_I4_O)        0.328     6.486 r  hb823/pc_inst/i___52_carry__1_i_2/O
                         net (fo=2, routed)           1.110     7.596    hb823/pc_inst/PC_reg[2]_0[2]
    SLICE_X13Y52         LUT6 (Prop_lut6_I0_O)        0.124     7.720 r  hb823/pc_inst/i___52_carry__1_i_6/O
                         net (fo=1, routed)           0.000     7.720    pc_display/digit1_inferred__1/i___52_carry__2_1[2]
    SLICE_X13Y52         CARRY4 (Prop_carry4_S[2]_CO[3])
                                                      0.398     8.118 r  pc_display/digit1_inferred__1/i___52_carry__1/CO[3]
                         net (fo=1, routed)           0.000     8.118    pc_display/digit1_inferred__1/i___52_carry__1_n_0
    SLICE_X13Y53         CARRY4 (Prop_carry4_CI_CO[3])
                                                      0.114     8.232 r  pc_display/digit1_inferred__1/i___52_carry__2/CO[3]
                         net (fo=1, routed)           0.000     8.232    pc_display/digit1_inferred__1/i___52_carry__2_n_0
    SLICE_X13Y54         CARRY4 (Prop_carry4_CI_O[3])
                                                      0.313     8.545 r  pc_display/digit1_inferred__1/i___52_carry__3/O[3]
                         net (fo=14, routed)          1.622    10.167    pc_display/PC_reg[12]_0[2]
    SLICE_X9Y55          LUT3 (Prop_lut3_I1_O)        0.334    10.501 r  pc_display/i___108_carry_i_1/O
                         net (fo=1, routed)           0.340    10.841    pc_display/i___108_carry_i_1_n_0
    SLICE_X11Y55         CARRY4 (Prop_carry4_DI[3]_CO[3])
                                                      0.587    11.428 r  pc_display/digit1_inferred__1/i___108_carry/CO[3]
                         net (fo=1, routed)           0.000    11.428    pc_display/digit1_inferred__1/i___108_carry_n_0
    SLICE_X11Y56         CARRY4 (Prop_carry4_CI_O[1])
                                                      0.334    11.762 r  pc_display/digit1_inferred__1/i___108_carry__0/O[1]
                         net (fo=3, routed)           0.985    12.747    hb823/pc_inst/digit1_inferred__1/i___138_carry__1[1]
    SLICE_X10Y55         LUT4 (Prop_lut4_I2_O)        0.303    13.050 r  hb823/pc_inst/i___138_carry__0_i_5/O
                         net (fo=1, routed)           0.000    13.050    pc_display/digit1_inferred__1/i___138_carry__1_0[3]
    SLICE_X10Y55         CARRY4 (Prop_carry4_S[3]_CO[3])
                                                      0.376    13.426 r  pc_display/digit1_inferred__1/i___138_carry__0/CO[3]
                         net (fo=1, routed)           0.000    13.426    pc_display/digit1_inferred__1/i___138_carry__0_n_0
    SLICE_X10Y56         CARRY4 (Prop_carry4_CI_CO[3])
                                                      0.117    13.543 r  pc_display/digit1_inferred__1/i___138_carry__1/CO[3]
                         net (fo=1, routed)           0.000    13.543    pc_display/digit1_inferred__1/i___138_carry__1_n_0
    SLICE_X10Y57         CARRY4 (Prop_carry4_CI_CO[0])
                                                      0.254    13.797 r  pc_display/digit1_inferred__1/i___138_carry__2/CO[0]
                         net (fo=3, routed)           1.029    14.826    hb823/pc_inst/CA_OBUF_inst_i_19_1[0]
    SLICE_X8Y56          LUT3 (Prop_lut3_I2_O)        0.389    15.215 r  hb823/pc_inst/CA_OBUF_inst_i_13/O
                         net (fo=4, routed)           0.499    15.714    pc_display/CA_OBUF_inst_i_1_0
    SLICE_X8Y56          LUT6 (Prop_lut6_I0_O)        0.328    16.042 r  pc_display/CA_OBUF_inst_i_75/O
                         net (fo=4, routed)           0.835    16.877    hb823/pc_inst/CA_OBUF_inst_i_29
    SLICE_X9Y55          LUT6 (Prop_lut6_I1_O)        0.124    17.001 r  hb823/pc_inst/CA_OBUF_inst_i_52/O
                         net (fo=3, routed)           0.882    17.883    pc_display/CA_OBUF_inst_i_21_2
    SLICE_X8Y55          LUT6 (Prop_lut6_I5_O)        0.124    18.007 r  pc_display/CA_OBUF_inst_i_29/O
                         net (fo=3, routed)           0.923    18.930    hb823/pc_inst/CA_OBUF_inst_i_6_2
    SLICE_X7Y55          LUT6 (Prop_lut6_I3_O)        0.124    19.054 r  hb823/pc_inst/i_10_LOPT_REMAP/O
                         net (fo=1, routed)           0.799    19.853    hb823/pc_inst/i_10/O_n
    SLICE_X5Y55          LUT6 (Prop_lut6_I4_O)        0.124    19.977 r  hb823/pc_inst/i_9_LOPT_REMAP/O
                         net (fo=1, routed)           0.575    20.552    hb823/pc_inst/i_9/O_n
    SLICE_X4Y53          LUT6 (Prop_lut6_I0_O)        0.124    20.676 r  hb823/pc_inst/i_0_LOPT_REMAP_35/O
                         net (fo=7, routed)           1.434    22.110    pc_display/CA_1
    SLICE_X0Y58          LUT6 (Prop_lut6_I2_O)        0.124    22.234 r  pc_display/CG_OBUF_inst_i_1/O
                         net (fo=1, routed)           2.745    24.980    CG_OBUF
    L18                  OBUF (Prop_obuf_I_O)         3.537    28.517 r  CG_OBUF_inst/O
                         net (fo=0)                   0.000    28.517    CG
    L18                                                               r  CG (OUT)
  -------------------------------------------------------------------    -------------------

Slack:                    inf
  Source:                 hb823/pc_inst/PC_reg[0]/C
                            (rising edge-triggered cell FDCE)
  Destination:            CC
                            (output port)
  Path Group:             (none)
  Path Type:              Max at Slow Process Corner
  Data Path Delay:        28.260ns  (logic 10.257ns (36.295%)  route 18.003ns (63.705%))
  Logic Levels:           27  (CARRY4=11 FDCE=1 LUT2=1 LUT3=3 LUT4=1 LUT5=1 LUT6=8 OBUF=1)

    Location             Delay type                Incr(ns)  Path(ns)    Netlist Resource(s)
  -------------------------------------------------------------------    -------------------
    SLICE_X9Y42          FDCE                         0.000     0.000 r  hb823/pc_inst/PC_reg[0]/C
    SLICE_X9Y42          FDCE (Prop_fdce_C_Q)         0.456     0.456 r  hb823/pc_inst/PC_reg[0]/Q
                         net (fo=37, routed)          2.922     3.378    hb823/pc_inst/PC_reg[15]_0[0]
    SLICE_X12Y50         LUT2 (Prop_lut2_I0_O)        0.124     3.502 r  hb823/pc_inst/i__carry_i_1__1/O
                         net (fo=1, routed)           0.000     3.502    pc_display/digit1_inferred__1/i___52_carry_0[2]
    SLICE_X12Y50         CARRY4 (Prop_carry4_S[3]_CO[3])
                                                      0.376     3.878 r  pc_display/digit1_inferred__1/i__carry/CO[3]
                         net (fo=1, routed)           0.000     3.878    pc_display/digit1_inferred__1/i__carry_n_0
    SLICE_X12Y51         CARRY4 (Prop_carry4_CI_CO[3])
                                                      0.117     3.995 r  pc_display/digit1_inferred__1/i__carry__0/CO[3]
                         net (fo=1, routed)           0.000     3.995    pc_display/digit1_inferred__1/i__carry__0_n_0
    SLICE_X12Y52         CARRY4 (Prop_carry4_CI_O[3])
                                                      0.315     4.310 r  pc_display/digit1_inferred__1/i__carry__1/O[3]
                         net (fo=4, routed)           0.655     4.966    hb823/pc_inst/digit1_inferred__1/i___52_carry__1[3]
    SLICE_X10Y52         LUT3 (Prop_lut3_I2_O)        0.333     5.299 r  hb823/pc_inst/i___52_carry__1_i_10/O
                         net (fo=1, routed)           0.859     6.158    hb823/pc_inst/i___52_carry__1_i_10_n_0
    SLICE_X11Y52         LUT5 (Prop_lut5_I4_O)        0.328     6.486 r  hb823/pc_inst/i___52_carry__1_i_2/O
                         net (fo=2, routed)           1.110     7.596    hb823/pc_inst/PC_reg[2]_0[2]
    SLICE_X13Y52         LUT6 (Prop_lut6_I0_O)        0.124     7.720 r  hb823/pc_inst/i___52_carry__1_i_6/O
                         net (fo=1, routed)           0.000     7.720    pc_display/digit1_inferred__1/i___52_carry__2_1[2]
    SLICE_X13Y52         CARRY4 (Prop_carry4_S[2]_CO[3])
                                                      0.398     8.118 r  pc_display/digit1_inferred__1/i___52_carry__1/CO[3]
                         net (fo=1, routed)           0.000     8.118    pc_display/digit1_inferred__1/i___52_carry__1_n_0
    SLICE_X13Y53         CARRY4 (Prop_carry4_CI_CO[3])
                                                      0.114     8.232 r  pc_display/digit1_inferred__1/i___52_carry__2/CO[3]
                         net (fo=1, routed)           0.000     8.232    pc_display/digit1_inferred__1/i___52_carry__2_n_0
    SLICE_X13Y54         CARRY4 (Prop_carry4_CI_O[3])
                                                      0.313     8.545 r  pc_display/digit1_inferred__1/i___52_carry__3/O[3]
                         net (fo=14, routed)          1.622    10.167    pc_display/PC_reg[12]_0[2]
    SLICE_X9Y55          LUT3 (Prop_lut3_I1_O)        0.334    10.501 r  pc_display/i___108_carry_i_1/O
                         net (fo=1, routed)           0.340    10.841    pc_display/i___108_carry_i_1_n_0
    SLICE_X11Y55         CARRY4 (Prop_carry4_DI[3]_CO[3])
                                                      0.587    11.428 r  pc_display/digit1_inferred__1/i___108_carry/CO[3]
                         net (fo=1, routed)           0.000    11.428    pc_display/digit1_inferred__1/i___108_carry_n_0
    SLICE_X11Y56         CARRY4 (Prop_carry4_CI_O[1])
                                                      0.334    11.762 r  pc_display/digit1_inferred__1/i___108_carry__0/O[1]
                         net (fo=3, routed)           0.985    12.747    hb823/pc_inst/digit1_inferred__1/i___138_carry__1[1]
    SLICE_X10Y55         LUT4 (Prop_lut4_I2_O)        0.303    13.050 r  hb823/pc_inst/i___138_carry__0_i_5/O
                         net (fo=1, routed)           0.000    13.050    pc_display/digit1_inferred__1/i___138_carry__1_0[3]
    SLICE_X10Y55         CARRY4 (Prop_carry4_S[3]_CO[3])
                                                      0.376    13.426 r  pc_display/digit1_inferred__1/i___138_carry__0/CO[3]
                         net (fo=1, routed)           0.000    13.426    pc_display/digit1_inferred__1/i___138_carry__0_n_0
    SLICE_X10Y56         CARRY4 (Prop_carry4_CI_CO[3])
                                                      0.117    13.543 r  pc_display/digit1_inferred__1/i___138_carry__1/CO[3]
                         net (fo=1, routed)           0.000    13.543    pc_display/digit1_inferred__1/i___138_carry__1_n_0
    SLICE_X10Y57         CARRY4 (Prop_carry4_CI_CO[0])
                                                      0.254    13.797 r  pc_display/digit1_inferred__1/i___138_carry__2/CO[0]
                         net (fo=3, routed)           1.029    14.826    hb823/pc_inst/CA_OBUF_inst_i_19_1[0]
    SLICE_X8Y56          LUT3 (Prop_lut3_I2_O)        0.389    15.215 r  hb823/pc_inst/CA_OBUF_inst_i_13/O
                         net (fo=4, routed)           0.499    15.714    pc_display/CA_OBUF_inst_i_1_0
    SLICE_X8Y56          LUT6 (Prop_lut6_I0_O)        0.328    16.042 r  pc_display/CA_OBUF_inst_i_75/O
                         net (fo=4, routed)           0.835    16.877    hb823/pc_inst/CA_OBUF_inst_i_29
    SLICE_X9Y55          LUT6 (Prop_lut6_I1_O)        0.124    17.001 r  hb823/pc_inst/CA_OBUF_inst_i_52/O
                         net (fo=3, routed)           0.882    17.883    pc_display/CA_OBUF_inst_i_21_2
    SLICE_X8Y55          LUT6 (Prop_lut6_I5_O)        0.124    18.007 r  pc_display/CA_OBUF_inst_i_29/O
                         net (fo=3, routed)           0.923    18.930    hb823/pc_inst/CA_OBUF_inst_i_6_2
    SLICE_X7Y55          LUT6 (Prop_lut6_I3_O)        0.124    19.054 r  hb823/pc_inst/i_10_LOPT_REMAP/O
                         net (fo=1, routed)           0.799    19.853    hb823/pc_inst/i_10/O_n
    SLICE_X5Y55          LUT6 (Prop_lut6_I4_O)        0.124    19.977 f  hb823/pc_inst/i_9_LOPT_REMAP/O
                         net (fo=1, routed)           0.575    20.552    hb823/pc_inst/i_9/O_n
    SLICE_X4Y53          LUT6 (Prop_lut6_I0_O)        0.124    20.676 f  hb823/pc_inst/i_0_LOPT_REMAP_35/O
                         net (fo=7, routed)           1.133    21.809    pc_display/CA_1
    SLICE_X0Y58          LUT6 (Prop_lut6_I4_O)        0.124    21.933 r  pc_display/CC_OBUF_inst_i_1/O
                         net (fo=1, routed)           2.834    24.767    CC_OBUF
    K16                  OBUF (Prop_obuf_I_O)         3.493    28.260 r  CC_OBUF_inst/O
                         net (fo=0)                   0.000    28.260    CC
    K16                                                               r  CC (OUT)
  -------------------------------------------------------------------    -------------------

Slack:                    inf
  Source:                 hb823/pc_inst/PC_reg[0]/C
                            (rising edge-triggered cell FDCE)
  Destination:            CE
                            (output port)
  Path Group:             (none)
  Path Type:              Max at Slow Process Corner
  Data Path Delay:        28.039ns  (logic 10.298ns (36.726%)  route 17.741ns (63.274%))
  Logic Levels:           27  (CARRY4=11 FDCE=1 LUT2=1 LUT3=3 LUT4=1 LUT5=1 LUT6=8 OBUF=1)

    Location             Delay type                Incr(ns)  Path(ns)    Netlist Resource(s)
  -------------------------------------------------------------------    -------------------
    SLICE_X9Y42          FDCE                         0.000     0.000 r  hb823/pc_inst/PC_reg[0]/C
    SLICE_X9Y42          FDCE (Prop_fdce_C_Q)         0.456     0.456 r  hb823/pc_inst/PC_reg[0]/Q
                         net (fo=37, routed)          2.922     3.378    hb823/pc_inst/PC_reg[15]_0[0]
    SLICE_X12Y50         LUT2 (Prop_lut2_I0_O)        0.124     3.502 r  hb823/pc_inst/i__carry_i_1__1/O
                         net (fo=1, routed)           0.000     3.502    pc_display/digit1_inferred__1/i___52_carry_0[2]
    SLICE_X12Y50         CARRY4 (Prop_carry4_S[3]_CO[3])
                                                      0.376     3.878 r  pc_display/digit1_inferred__1/i__carry/CO[3]
                         net (fo=1, routed)           0.000     3.878    pc_display/digit1_inferred__1/i__carry_n_0
    SLICE_X12Y51         CARRY4 (Prop_carry4_CI_CO[3])
                                                      0.117     3.995 r  pc_display/digit1_inferred__1/i__carry__0/CO[3]
                         net (fo=1, routed)           0.000     3.995    pc_display/digit1_inferred__1/i__carry__0_n_0
    SLICE_X12Y52         CARRY4 (Prop_carry4_CI_O[3])
                                                      0.315     4.310 r  pc_display/digit1_inferred__1/i__carry__1/O[3]
                         net (fo=4, routed)           0.655     4.966    hb823/pc_inst/digit1_inferred__1/i___52_carry__1[3]
    SLICE_X10Y52         LUT3 (Prop_lut3_I2_O)        0.333     5.299 r  hb823/pc_inst/i___52_carry__1_i_10/O
                         net (fo=1, routed)           0.859     6.158    hb823/pc_inst/i___52_carry__1_i_10_n_0
    SLICE_X11Y52         LUT5 (Prop_lut5_I4_O)        0.328     6.486 r  hb823/pc_inst/i___52_carry__1_i_2/O
                         net (fo=2, routed)           1.110     7.596    hb823/pc_inst/PC_reg[2]_0[2]
    SLICE_X13Y52         LUT6 (Prop_lut6_I0_O)        0.124     7.720 r  hb823/pc_inst/i___52_carry__1_i_6/O
                         net (fo=1, routed)           0.000     7.720    pc_display/digit1_inferred__1/i___52_carry__2_1[2]
    SLICE_X13Y52         CARRY4 (Prop_carry4_S[2]_CO[3])
                                                      0.398     8.118 r  pc_display/digit1_inferred__1/i___52_carry__1/CO[3]
                         net (fo=1, routed)           0.000     8.118    pc_display/digit1_inferred__1/i___52_carry__1_n_0
    SLICE_X13Y53         CARRY4 (Prop_carry4_CI_CO[3])
                                                      0.114     8.232 r  pc_display/digit1_inferred__1/i___52_carry__2/CO[3]
                         net (fo=1, routed)           0.000     8.232    pc_display/digit1_inferred__1/i___52_carry__2_n_0
    SLICE_X13Y54         CARRY4 (Prop_carry4_CI_O[3])
                                                      0.313     8.545 r  pc_display/digit1_inferred__1/i___52_carry__3/O[3]
                         net (fo=14, routed)          1.622    10.167    pc_display/PC_reg[12]_0[2]
    SLICE_X9Y55          LUT3 (Prop_lut3_I1_O)        0.334    10.501 r  pc_display/i___108_carry_i_1/O
                         net (fo=1, routed)           0.340    10.841    pc_display/i___108_carry_i_1_n_0
    SLICE_X11Y55         CARRY4 (Prop_carry4_DI[3]_CO[3])
                                                      0.587    11.428 r  pc_display/digit1_inferred__1/i___108_carry/CO[3]
                         net (fo=1, routed)           0.000    11.428    pc_display/digit1_inferred__1/i___108_carry_n_0
    SLICE_X11Y56         CARRY4 (Prop_carry4_CI_O[1])
                                                      0.334    11.762 r  pc_display/digit1_inferred__1/i___108_carry__0/O[1]
                         net (fo=3, routed)           0.985    12.747    hb823/pc_inst/digit1_inferred__1/i___138_carry__1[1]
    SLICE_X10Y55         LUT4 (Prop_lut4_I2_O)        0.303    13.050 r  hb823/pc_inst/i___138_carry__0_i_5/O
                         net (fo=1, routed)           0.000    13.050    pc_display/digit1_inferred__1/i___138_carry__1_0[3]
    SLICE_X10Y55         CARRY4 (Prop_carry4_S[3]_CO[3])
                                                      0.376    13.426 r  pc_display/digit1_inferred__1/i___138_carry__0/CO[3]
                         net (fo=1, routed)           0.000    13.426    pc_display/digit1_inferred__1/i___138_carry__0_n_0
    SLICE_X10Y56         CARRY4 (Prop_carry4_CI_CO[3])
                                                      0.117    13.543 r  pc_display/digit1_inferred__1/i___138_carry__1/CO[3]
                         net (fo=1, routed)           0.000    13.543    pc_display/digit1_inferred__1/i___138_carry__1_n_0
    SLICE_X10Y57         CARRY4 (Prop_carry4_CI_CO[0])
                                                      0.254    13.797 r  pc_display/digit1_inferred__1/i___138_carry__2/CO[0]
                         net (fo=3, routed)           1.029    14.826    hb823/pc_inst/CA_OBUF_inst_i_19_1[0]
    SLICE_X8Y56          LUT3 (Prop_lut3_I2_O)        0.389    15.215 r  hb823/pc_inst/CA_OBUF_inst_i_13/O
                         net (fo=4, routed)           0.499    15.714    pc_display/CA_OBUF_inst_i_1_0
    SLICE_X8Y56          LUT6 (Prop_lut6_I0_O)        0.328    16.042 r  pc_display/CA_OBUF_inst_i_75/O
                         net (fo=4, routed)           0.835    16.877    hb823/pc_inst/CA_OBUF_inst_i_29
    SLICE_X9Y55          LUT6 (Prop_lut6_I1_O)        0.124    17.001 r  hb823/pc_inst/CA_OBUF_inst_i_52/O
                         net (fo=3, routed)           0.882    17.883    pc_display/CA_OBUF_inst_i_21_2
    SLICE_X8Y55          LUT6 (Prop_lut6_I5_O)        0.124    18.007 r  pc_display/CA_OBUF_inst_i_29/O
                         net (fo=3, routed)           0.923    18.930    hb823/pc_inst/CA_OBUF_inst_i_6_2
    SLICE_X7Y55          LUT6 (Prop_lut6_I3_O)        0.124    19.054 r  hb823/pc_inst/i_10_LOPT_REMAP/O
                         net (fo=1, routed)           0.799    19.853    hb823/pc_inst/i_10/O_n
    SLICE_X5Y55          LUT6 (Prop_lut6_I4_O)        0.124    19.977 r  hb823/pc_inst/i_9_LOPT_REMAP/O
                         net (fo=1, routed)           0.575    20.552    hb823/pc_inst/i_9/O_n
    SLICE_X4Y53          LUT6 (Prop_lut6_I0_O)        0.124    20.676 r  hb823/pc_inst/i_0_LOPT_REMAP_35/O
                         net (fo=7, routed)           1.440    22.116    pc_display/CA_1
    SLICE_X0Y58          LUT6 (Prop_lut6_I2_O)        0.124    22.240 r  pc_display/CE_OBUF_inst_i_1/O
                         net (fo=1, routed)           2.266    24.505    CE_OBUF
    P15                  OBUF (Prop_obuf_I_O)         3.534    28.039 r  CE_OBUF_inst/O
                         net (fo=0)                   0.000    28.039    CE
    P15                                                               r  CE (OUT)
  -------------------------------------------------------------------    -------------------

Slack:                    inf
  Source:                 hb823/pc_inst/PC_reg[0]/C
                            (rising edge-triggered cell FDCE)
  Destination:            CB
                            (output port)
  Path Group:             (none)
  Path Type:              Max at Slow Process Corner
  Data Path Delay:        27.213ns  (logic 10.319ns (37.920%)  route 16.894ns (62.080%))
  Logic Levels:           27  (CARRY4=11 FDCE=1 LUT2=1 LUT3=3 LUT4=1 LUT5=1 LUT6=8 OBUF=1)

    Location             Delay type                Incr(ns)  Path(ns)    Netlist Resource(s)
  -------------------------------------------------------------------    -------------------
    SLICE_X9Y42          FDCE                         0.000     0.000 r  hb823/pc_inst/PC_reg[0]/C
    SLICE_X9Y42          FDCE (Prop_fdce_C_Q)         0.456     0.456 r  hb823/pc_inst/PC_reg[0]/Q
                         net (fo=37, routed)          2.922     3.378    hb823/pc_inst/PC_reg[15]_0[0]
    SLICE_X12Y50         LUT2 (Prop_lut2_I0_O)        0.124     3.502 r  hb823/pc_inst/i__carry_i_1__1/O
                         net (fo=1, routed)           0.000     3.502    pc_display/digit1_inferred__1/i___52_carry_0[2]
    SLICE_X12Y50         CARRY4 (Prop_carry4_S[3]_CO[3])
                                                      0.376     3.878 r  pc_display/digit1_inferred__1/i__carry/CO[3]
                         net (fo=1, routed)           0.000     3.878    pc_display/digit1_inferred__1/i__carry_n_0
    SLICE_X12Y51         CARRY4 (Prop_carry4_CI_CO[3])
                                                      0.117     3.995 r  pc_display/digit1_inferred__1/i__carry__0/CO[3]
                         net (fo=1, routed)           0.000     3.995    pc_display/digit1_inferred__1/i__carry__0_n_0
    SLICE_X12Y52         CARRY4 (Prop_carry4_CI_O[3])
                                                      0.315     4.310 r  pc_display/digit1_inferred__1/i__carry__1/O[3]
                         net (fo=4, routed)           0.655     4.966    hb823/pc_inst/digit1_inferred__1/i___52_carry__1[3]
    SLICE_X10Y52         LUT3 (Prop_lut3_I2_O)        0.333     5.299 r  hb823/pc_inst/i___52_carry__1_i_10/O
                         net (fo=1, routed)           0.859     6.158    hb823/pc_inst/i___52_carry__1_i_10_n_0
    SLICE_X11Y52         LUT5 (Prop_lut5_I4_O)        0.328     6.486 r  hb823/pc_inst/i___52_carry__1_i_2/O
                         net (fo=2, routed)           1.110     7.596    hb823/pc_inst/PC_reg[2]_0[2]
    SLICE_X13Y52         LUT6 (Prop_lut6_I0_O)        0.124     7.720 r  hb823/pc_inst/i___52_carry__1_i_6/O
                         net (fo=1, routed)           0.000     7.720    pc_display/digit1_inferred__1/i___52_carry__2_1[2]
    SLICE_X13Y52         CARRY4 (Prop_carry4_S[2]_CO[3])
                                                      0.398     8.118 r  pc_display/digit1_inferred__1/i___52_carry__1/CO[3]
                         net (fo=1, routed)           0.000     8.118    pc_display/digit1_inferred__1/i___52_carry__1_n_0
    SLICE_X13Y53         CARRY4 (Prop_carry4_CI_CO[3])
                                                      0.114     8.232 r  pc_display/digit1_inferred__1/i___52_carry__2/CO[3]
                         net (fo=1, routed)           0.000     8.232    pc_display/digit1_inferred__1/i___52_carry__2_n_0
    SLICE_X13Y54         CARRY4 (Prop_carry4_CI_O[3])
                                                      0.313     8.545 r  pc_display/digit1_inferred__1/i___52_carry__3/O[3]
                         net (fo=14, routed)          1.622    10.167    pc_display/PC_reg[12]_0[2]
    SLICE_X9Y55          LUT3 (Prop_lut3_I1_O)        0.334    10.501 r  pc_display/i___108_carry_i_1/O
                         net (fo=1, routed)           0.340    10.841    pc_display/i___108_carry_i_1_n_0
    SLICE_X11Y55         CARRY4 (Prop_carry4_DI[3]_CO[3])
                                                      0.587    11.428 r  pc_display/digit1_inferred__1/i___108_carry/CO[3]
                         net (fo=1, routed)           0.000    11.428    pc_display/digit1_inferred__1/i___108_carry_n_0
    SLICE_X11Y56         CARRY4 (Prop_carry4_CI_O[1])
                                                      0.334    11.762 r  pc_display/digit1_inferred__1/i___108_carry__0/O[1]
                         net (fo=3, routed)           0.985    12.747    hb823/pc_inst/digit1_inferred__1/i___138_carry__1[1]
    SLICE_X10Y55         LUT4 (Prop_lut4_I2_O)        0.303    13.050 r  hb823/pc_inst/i___138_carry__0_i_5/O
                         net (fo=1, routed)           0.000    13.050    pc_display/digit1_inferred__1/i___138_carry__1_0[3]
    SLICE_X10Y55         CARRY4 (Prop_carry4_S[3]_CO[3])
                                                      0.376    13.426 r  pc_display/digit1_inferred__1/i___138_carry__0/CO[3]
                         net (fo=1, routed)           0.000    13.426    pc_display/digit1_inferred__1/i___138_carry__0_n_0
    SLICE_X10Y56         CARRY4 (Prop_carry4_CI_CO[3])
                                                      0.117    13.543 r  pc_display/digit1_inferred__1/i___138_carry__1/CO[3]
                         net (fo=1, routed)           0.000    13.543    pc_display/digit1_inferred__1/i___138_carry__1_n_0
    SLICE_X10Y57         CARRY4 (Prop_carry4_CI_CO[0])
                                                      0.254    13.797 r  pc_display/digit1_inferred__1/i___138_carry__2/CO[0]
                         net (fo=3, routed)           1.029    14.826    hb823/pc_inst/CA_OBUF_inst_i_19_1[0]
    SLICE_X8Y56          LUT3 (Prop_lut3_I2_O)        0.389    15.215 r  hb823/pc_inst/CA_OBUF_inst_i_13/O
                         net (fo=4, routed)           0.499    15.714    pc_display/CA_OBUF_inst_i_1_0
    SLICE_X8Y56          LUT6 (Prop_lut6_I0_O)        0.328    16.042 r  pc_display/CA_OBUF_inst_i_75/O
                         net (fo=4, routed)           0.835    16.877    hb823/pc_inst/CA_OBUF_inst_i_29
    SLICE_X9Y55          LUT6 (Prop_lut6_I1_O)        0.124    17.001 r  hb823/pc_inst/CA_OBUF_inst_i_52/O
                         net (fo=3, routed)           0.882    17.883    pc_display/CA_OBUF_inst_i_21_2
    SLICE_X8Y55          LUT6 (Prop_lut6_I5_O)        0.124    18.007 r  pc_display/CA_OBUF_inst_i_29/O
                         net (fo=3, routed)           0.923    18.930    hb823/pc_inst/CA_OBUF_inst_i_6_2
    SLICE_X7Y55          LUT6 (Prop_lut6_I3_O)        0.124    19.054 r  hb823/pc_inst/i_10_LOPT_REMAP/O
                         net (fo=1, routed)           0.799    19.853    hb823/pc_inst/i_10/O_n
    SLICE_X5Y55          LUT6 (Prop_lut6_I4_O)        0.124    19.977 r  hb823/pc_inst/i_9_LOPT_REMAP/O
                         net (fo=1, routed)           0.575    20.552    hb823/pc_inst/i_9/O_n
    SLICE_X4Y53          LUT6 (Prop_lut6_I0_O)        0.124    20.676 r  hb823/pc_inst/i_0_LOPT_REMAP_35/O
                         net (fo=7, routed)           0.965    21.641    pc_display/CA_1
    SLICE_X0Y57          LUT6 (Prop_lut6_I4_O)        0.124    21.765 r  pc_display/CB_OBUF_inst_i_1/O
                         net (fo=1, routed)           1.893    23.658    CB_OBUF
    R10                  OBUF (Prop_obuf_I_O)         3.555    27.213 r  CB_OBUF_inst/O
                         net (fo=0)                   0.000    27.213    CB
    R10                                                               r  CB (OUT)
  -------------------------------------------------------------------    -------------------

Slack:                    inf
  Source:                 hb823/pc_inst/PC_reg[0]/C
                            (rising edge-triggered cell FDCE)
  Destination:            CF
                            (output port)
  Path Group:             (none)
  Path Type:              Max at Slow Process Corner
  Data Path Delay:        27.212ns  (logic 10.325ns (37.942%)  route 16.887ns (62.058%))
  Logic Levels:           27  (CARRY4=11 FDCE=1 LUT2=1 LUT3=3 LUT4=1 LUT5=1 LUT6=8 OBUF=1)

    Location             Delay type                Incr(ns)  Path(ns)    Netlist Resource(s)
  -------------------------------------------------------------------    -------------------
    SLICE_X9Y42          FDCE                         0.000     0.000 r  hb823/pc_inst/PC_reg[0]/C
    SLICE_X9Y42          FDCE (Prop_fdce_C_Q)         0.456     0.456 r  hb823/pc_inst/PC_reg[0]/Q
                         net (fo=37, routed)          2.922     3.378    hb823/pc_inst/PC_reg[15]_0[0]
    SLICE_X12Y50         LUT2 (Prop_lut2_I0_O)        0.124     3.502 r  hb823/pc_inst/i__carry_i_1__1/O
                         net (fo=1, routed)           0.000     3.502    pc_display/digit1_inferred__1/i___52_carry_0[2]
    SLICE_X12Y50         CARRY4 (Prop_carry4_S[3]_CO[3])
                                                      0.376     3.878 r  pc_display/digit1_inferred__1/i__carry/CO[3]
                         net (fo=1, routed)           0.000     3.878    pc_display/digit1_inferred__1/i__carry_n_0
    SLICE_X12Y51         CARRY4 (Prop_carry4_CI_CO[3])
                                                      0.117     3.995 r  pc_display/digit1_inferred__1/i__carry__0/CO[3]
                         net (fo=1, routed)           0.000     3.995    pc_display/digit1_inferred__1/i__carry__0_n_0
    SLICE_X12Y52         CARRY4 (Prop_carry4_CI_O[3])
                                                      0.315     4.310 r  pc_display/digit1_inferred__1/i__carry__1/O[3]
                         net (fo=4, routed)           0.655     4.966    hb823/pc_inst/digit1_inferred__1/i___52_carry__1[3]
    SLICE_X10Y52         LUT3 (Prop_lut3_I2_O)        0.333     5.299 r  hb823/pc_inst/i___52_carry__1_i_10/O
                         net (fo=1, routed)           0.859     6.158    hb823/pc_inst/i___52_carry__1_i_10_n_0
    SLICE_X11Y52         LUT5 (Prop_lut5_I4_O)        0.328     6.486 r  hb823/pc_inst/i___52_carry__1_i_2/O
                         net (fo=2, routed)           1.110     7.596    hb823/pc_inst/PC_reg[2]_0[2]
    SLICE_X13Y52         LUT6 (Prop_lut6_I0_O)        0.124     7.720 r  hb823/pc_inst/i___52_carry__1_i_6/O
                         net (fo=1, routed)           0.000     7.720    pc_display/digit1_inferred__1/i___52_carry__2_1[2]
    SLICE_X13Y52         CARRY4 (Prop_carry4_S[2]_CO[3])
                                                      0.398     8.118 r  pc_display/digit1_inferred__1/i___52_carry__1/CO[3]
                         net (fo=1, routed)           0.000     8.118    pc_display/digit1_inferred__1/i___52_carry__1_n_0
    SLICE_X13Y53         CARRY4 (Prop_carry4_CI_CO[3])
                                                      0.114     8.232 r  pc_display/digit1_inferred__1/i___52_carry__2/CO[3]
                         net (fo=1, routed)           0.000     8.232    pc_display/digit1_inferred__1/i___52_carry__2_n_0
    SLICE_X13Y54         CARRY4 (Prop_carry4_CI_O[3])
                                                      0.313     8.545 r  pc_display/digit1_inferred__1/i___52_carry__3/O[3]
                         net (fo=14, routed)          1.622    10.167    pc_display/PC_reg[12]_0[2]
    SLICE_X9Y55          LUT3 (Prop_lut3_I1_O)        0.334    10.501 r  pc_display/i___108_carry_i_1/O
                         net (fo=1, routed)           0.340    10.841    pc_display/i___108_carry_i_1_n_0
    SLICE_X11Y55         CARRY4 (Prop_carry4_DI[3]_CO[3])
                                                      0.587    11.428 r  pc_display/digit1_inferred__1/i___108_carry/CO[3]
                         net (fo=1, routed)           0.000    11.428    pc_display/digit1_inferred__1/i___108_carry_n_0
    SLICE_X11Y56         CARRY4 (Prop_carry4_CI_O[1])
                                                      0.334    11.762 r  pc_display/digit1_inferred__1/i___108_carry__0/O[1]
                         net (fo=3, routed)           0.985    12.747    hb823/pc_inst/digit1_inferred__1/i___138_carry__1[1]
    SLICE_X10Y55         LUT4 (Prop_lut4_I2_O)        0.303    13.050 r  hb823/pc_inst/i___138_carry__0_i_5/O
                         net (fo=1, routed)           0.000    13.050    pc_display/digit1_inferred__1/i___138_carry__1_0[3]
    SLICE_X10Y55         CARRY4 (Prop_carry4_S[3]_CO[3])
                                                      0.376    13.426 r  pc_display/digit1_inferred__1/i___138_carry__0/CO[3]
                         net (fo=1, routed)           0.000    13.426    pc_display/digit1_inferred__1/i___138_carry__0_n_0
    SLICE_X10Y56         CARRY4 (Prop_carry4_CI_CO[3])
                                                      0.117    13.543 r  pc_display/digit1_inferred__1/i___138_carry__1/CO[3]
                         net (fo=1, routed)           0.000    13.543    pc_display/digit1_inferred__1/i___138_carry__1_n_0
    SLICE_X10Y57         CARRY4 (Prop_carry4_CI_CO[0])
                                                      0.254    13.797 r  pc_display/digit1_inferred__1/i___138_carry__2/CO[0]
                         net (fo=3, routed)           1.029    14.826    hb823/pc_inst/CA_OBUF_inst_i_19_1[0]
    SLICE_X8Y56          LUT3 (Prop_lut3_I2_O)        0.389    15.215 r  hb823/pc_inst/CA_OBUF_inst_i_13/O
                         net (fo=4, routed)           0.499    15.714    pc_display/CA_OBUF_inst_i_1_0
    SLICE_X8Y56          LUT6 (Prop_lut6_I0_O)        0.328    16.042 r  pc_display/CA_OBUF_inst_i_75/O
                         net (fo=4, routed)           0.835    16.877    hb823/pc_inst/CA_OBUF_inst_i_29
    SLICE_X9Y55          LUT6 (Prop_lut6_I1_O)        0.124    17.001 r  hb823/pc_inst/CA_OBUF_inst_i_52/O
                         net (fo=3, routed)           0.882    17.883    pc_display/CA_OBUF_inst_i_21_2
    SLICE_X8Y55          LUT6 (Prop_lut6_I5_O)        0.124    18.007 r  pc_display/CA_OBUF_inst_i_29/O
                         net (fo=3, routed)           0.923    18.930    hb823/pc_inst/CA_OBUF_inst_i_6_2
    SLICE_X7Y55          LUT6 (Prop_lut6_I3_O)        0.124    19.054 r  hb823/pc_inst/i_10_LOPT_REMAP/O
                         net (fo=1, routed)           0.799    19.853    hb823/pc_inst/i_10/O_n
    SLICE_X5Y55          LUT6 (Prop_lut6_I4_O)        0.124    19.977 f  hb823/pc_inst/i_9_LOPT_REMAP/O
                         net (fo=1, routed)           0.575    20.552    hb823/pc_inst/i_9/O_n
    SLICE_X4Y53          LUT6 (Prop_lut6_I0_O)        0.124    20.676 f  hb823/pc_inst/i_0_LOPT_REMAP_35/O
                         net (fo=7, routed)           1.137    21.813    pc_display/CA_1
    SLICE_X0Y57          LUT6 (Prop_lut6_I3_O)        0.124    21.937 r  pc_display/CF_OBUF_inst_i_1/O
                         net (fo=1, routed)           1.714    23.651    CF_OBUF
    T11                  OBUF (Prop_obuf_I_O)         3.561    27.212 r  CF_OBUF_inst/O
                         net (fo=0)                   0.000    27.212    CF
    T11                                                               r  CF (OUT)
  -------------------------------------------------------------------    -------------------

Slack:                    inf
  Source:                 hb823/pc_inst/PC_reg[0]/C
                            (rising edge-triggered cell FDCE)
  Destination:            CA
                            (output port)
  Path Group:             (none)
  Path Type:              Max at Slow Process Corner
  Data Path Delay:        27.083ns  (logic 10.341ns (38.182%)  route 16.742ns (61.818%))
  Logic Levels:           27  (CARRY4=11 FDCE=1 LUT2=1 LUT3=3 LUT4=1 LUT5=1 LUT6=8 OBUF=1)

    Location             Delay type                Incr(ns)  Path(ns)    Netlist Resource(s)
  -------------------------------------------------------------------    -------------------
    SLICE_X9Y42          FDCE                         0.000     0.000 r  hb823/pc_inst/PC_reg[0]/C
    SLICE_X9Y42          FDCE (Prop_fdce_C_Q)         0.456     0.456 r  hb823/pc_inst/PC_reg[0]/Q
                         net (fo=37, routed)          2.922     3.378    hb823/pc_inst/PC_reg[15]_0[0]
    SLICE_X12Y50         LUT2 (Prop_lut2_I0_O)        0.124     3.502 r  hb823/pc_inst/i__carry_i_1__1/O
                         net (fo=1, routed)           0.000     3.502    pc_display/digit1_inferred__1/i___52_carry_0[2]
    SLICE_X12Y50         CARRY4 (Prop_carry4_S[3]_CO[3])
                                                      0.376     3.878 r  pc_display/digit1_inferred__1/i__carry/CO[3]
                         net (fo=1, routed)           0.000     3.878    pc_display/digit1_inferred__1/i__carry_n_0
    SLICE_X12Y51         CARRY4 (Prop_carry4_CI_CO[3])
                                                      0.117     3.995 r  pc_display/digit1_inferred__1/i__carry__0/CO[3]
                         net (fo=1, routed)           0.000     3.995    pc_display/digit1_inferred__1/i__carry__0_n_0
    SLICE_X12Y52         CARRY4 (Prop_carry4_CI_O[3])
                                                      0.315     4.310 r  pc_display/digit1_inferred__1/i__carry__1/O[3]
                         net (fo=4, routed)           0.655     4.966    hb823/pc_inst/digit1_inferred__1/i___52_carry__1[3]
    SLICE_X10Y52         LUT3 (Prop_lut3_I2_O)        0.333     5.299 r  hb823/pc_inst/i___52_carry__1_i_10/O
                         net (fo=1, routed)           0.859     6.158    hb823/pc_inst/i___52_carry__1_i_10_n_0
    SLICE_X11Y52         LUT5 (Prop_lut5_I4_O)        0.328     6.486 r  hb823/pc_inst/i___52_carry__1_i_2/O
                         net (fo=2, routed)           1.110     7.596    hb823/pc_inst/PC_reg[2]_0[2]
    SLICE_X13Y52         LUT6 (Prop_lut6_I0_O)        0.124     7.720 r  hb823/pc_inst/i___52_carry__1_i_6/O
                         net (fo=1, routed)           0.000     7.720    pc_display/digit1_inferred__1/i___52_carry__2_1[2]
    SLICE_X13Y52         CARRY4 (Prop_carry4_S[2]_CO[3])
                                                      0.398     8.118 r  pc_display/digit1_inferred__1/i___52_carry__1/CO[3]
                         net (fo=1, routed)           0.000     8.118    pc_display/digit1_inferred__1/i___52_carry__1_n_0
    SLICE_X13Y53         CARRY4 (Prop_carry4_CI_CO[3])
                                                      0.114     8.232 r  pc_display/digit1_inferred__1/i___52_carry__2/CO[3]
                         net (fo=1, routed)           0.000     8.232    pc_display/digit1_inferred__1/i___52_carry__2_n_0
    SLICE_X13Y54         CARRY4 (Prop_carry4_CI_O[3])
                                                      0.313     8.545 r  pc_display/digit1_inferred__1/i___52_carry__3/O[3]
                         net (fo=14, routed)          1.622    10.167    pc_display/PC_reg[12]_0[2]
    SLICE_X9Y55          LUT3 (Prop_lut3_I1_O)        0.334    10.501 r  pc_display/i___108_carry_i_1/O
                         net (fo=1, routed)           0.340    10.841    pc_display/i___108_carry_i_1_n_0
    SLICE_X11Y55         CARRY4 (Prop_carry4_DI[3]_CO[3])
                                                      0.587    11.428 r  pc_display/digit1_inferred__1/i___108_carry/CO[3]
                         net (fo=1, routed)           0.000    11.428    pc_display/digit1_inferred__1/i___108_carry_n_0
    SLICE_X11Y56         CARRY4 (Prop_carry4_CI_O[1])
                                                      0.334    11.762 r  pc_display/digit1_inferred__1/i___108_carry__0/O[1]
                         net (fo=3, routed)           0.985    12.747    hb823/pc_inst/digit1_inferred__1/i___138_carry__1[1]
    SLICE_X10Y55         LUT4 (Prop_lut4_I2_O)        0.303    13.050 r  hb823/pc_inst/i___138_carry__0_i_5/O
                         net (fo=1, routed)           0.000    13.050    pc_display/digit1_inferred__1/i___138_carry__1_0[3]
    SLICE_X10Y55         CARRY4 (Prop_carry4_S[3]_CO[3])
                                                      0.376    13.426 r  pc_display/digit1_inferred__1/i___138_carry__0/CO[3]
                         net (fo=1, routed)           0.000    13.426    pc_display/digit1_inferred__1/i___138_carry__0_n_0
    SLICE_X10Y56         CARRY4 (Prop_carry4_CI_CO[3])
                                                      0.117    13.543 r  pc_display/digit1_inferred__1/i___138_carry__1/CO[3]
                         net (fo=1, routed)           0.000    13.543    pc_display/digit1_inferred__1/i___138_carry__1_n_0
    SLICE_X10Y57         CARRY4 (Prop_carry4_CI_CO[0])
                                                      0.254    13.797 r  pc_display/digit1_inferred__1/i___138_carry__2/CO[0]
                         net (fo=3, routed)           1.029    14.826    hb823/pc_inst/CA_OBUF_inst_i_19_1[0]
    SLICE_X8Y56          LUT3 (Prop_lut3_I2_O)        0.389    15.215 r  hb823/pc_inst/CA_OBUF_inst_i_13/O
                         net (fo=4, routed)           0.499    15.714    pc_display/CA_OBUF_inst_i_1_0
    SLICE_X8Y56          LUT6 (Prop_lut6_I0_O)        0.328    16.042 r  pc_display/CA_OBUF_inst_i_75/O
                         net (fo=4, routed)           0.835    16.877    hb823/pc_inst/CA_OBUF_inst_i_29
    SLICE_X9Y55          LUT6 (Prop_lut6_I1_O)        0.124    17.001 r  hb823/pc_inst/CA_OBUF_inst_i_52/O
                         net (fo=3, routed)           0.882    17.883    pc_display/CA_OBUF_inst_i_21_2
    SLICE_X8Y55          LUT6 (Prop_lut6_I5_O)        0.124    18.007 r  pc_display/CA_OBUF_inst_i_29/O
                         net (fo=3, routed)           0.923    18.930    hb823/pc_inst/CA_OBUF_inst_i_6_2
    SLICE_X7Y55          LUT6 (Prop_lut6_I3_O)        0.124    19.054 r  hb823/pc_inst/i_10_LOPT_REMAP/O
                         net (fo=1, routed)           0.799    19.853    hb823/pc_inst/i_10/O_n
    SLICE_X5Y55          LUT6 (Prop_lut6_I4_O)        0.124    19.977 r  hb823/pc_inst/i_9_LOPT_REMAP/O
                         net (fo=1, routed)           0.575    20.552    hb823/pc_inst/i_9/O_n
    SLICE_X4Y53          LUT6 (Prop_lut6_I0_O)        0.124    20.676 r  hb823/pc_inst/i_0_LOPT_REMAP_35/O
                         net (fo=7, routed)           0.973    21.649    pc_display/CA_1
    SLICE_X0Y57          LUT6 (Prop_lut6_I4_O)        0.124    21.773 r  pc_display/CA_OBUF_inst_i_1/O
                         net (fo=1, routed)           1.733    23.506    CA_OBUF
    T10                  OBUF (Prop_obuf_I_O)         3.577    27.083 r  CA_OBUF_inst/O
                         net (fo=0)                   0.000    27.083    CA
    T10                                                               r  CA (OUT)
  -------------------------------------------------------------------    -------------------

Slack:                    inf
  Source:                 hb823/pc_inst/PC_reg[5]/C
                            (rising edge-triggered cell FDCE)
  Destination:            hb823/reg_file_instance/registers_reg[12][9]/D
  Path Group:             (none)
  Path Type:              Max at Slow Process Corner
  Data Path Delay:        23.323ns  (logic 3.899ns (16.718%)  route 19.424ns (83.282%))
  Logic Levels:           15  (CARRY4=3 FDCE=1 LUT2=3 LUT3=1 LUT4=1 LUT5=1 LUT6=5)

    Location             Delay type                Incr(ns)  Path(ns)    Netlist Resource(s)
  -------------------------------------------------------------------    -------------------
    SLICE_X10Y44         FDCE                         0.000     0.000 r  hb823/pc_inst/PC_reg[5]/C
    SLICE_X10Y44         FDCE (Prop_fdce_C_Q)         0.518     0.518 r  hb823/pc_inst/PC_reg[5]/Q
                         net (fo=52, routed)          3.052     3.570    hb823/pc_inst/PC_reg[15]_0[5]
    SLICE_X12Y48         LUT6 (Prop_lut6_I5_O)        0.124     3.694 f  hb823/pc_inst/g0_b15/O
                         net (fo=76, routed)          2.638     6.332    hb823/pc_inst/inst[15]
    SLICE_X11Y45         LUT4 (Prop_lut4_I1_O)        0.152     6.484 r  hb823/pc_inst/memory_reg_i_2/O
                         net (fo=5, routed)           1.157     7.642    hb823/pc_inst/PC_reg[0]_1
    SLICE_X16Y46         LUT6 (Prop_lut6_I2_O)        0.326     7.968 r  hb823/pc_inst/memory_reg_i_217/O
                         net (fo=66, routed)          2.584    10.552    hb823/pc_inst/PC_reg[0]_0[1]
    SLICE_X32Y44         LUT2 (Prop_lut2_I0_O)        0.124    10.676 r  hb823/pc_inst/memory_reg_i_136/O
                         net (fo=21, routed)          1.963    12.638    hb823/pc_inst/memory_reg_i_136_n_0
    SLICE_X25Y47         LUT3 (Prop_lut3_I2_O)        0.118    12.756 r  hb823/pc_inst/memory_reg_i_66/O
                         net (fo=23, routed)          1.711    14.467    hb823/pc_inst/memory_reg_i_66_n_0
    SLICE_X23Y43         LUT2 (Prop_lut2_I0_O)        0.354    14.821 r  hb823/pc_inst/ALU_out0_carry_i_16/O
                         net (fo=1, routed)           0.433    15.255    hb823/pc_inst/ALU_out0_carry_i_16_n_0
    SLICE_X23Y43         LUT6 (Prop_lut6_I4_O)        0.326    15.581 r  hb823/pc_inst/ALU_out0_carry_i_4/O
                         net (fo=6, routed)           1.162    16.743    hb823/pc_inst/ALU_B[0]
    SLICE_X12Y43         LUT2 (Prop_lut2_I1_O)        0.124    16.867 r  hb823/pc_inst/ALU_out0_carry_i_8/O
                         net (fo=1, routed)           0.000    16.867    hb823/main_alu/S[0]
    SLICE_X12Y43         CARRY4 (Prop_carry4_S[0]_CO[3])
                                                      0.513    17.380 r  hb823/main_alu/ALU_out0_carry/CO[3]
                         net (fo=1, routed)           0.000    17.380    hb823/main_alu/ALU_out0_carry_n_0
    SLICE_X12Y44         CARRY4 (Prop_carry4_CI_CO[3])
                                                      0.117    17.497 r  hb823/main_alu/ALU_out0_carry__0/CO[3]
                         net (fo=1, routed)           0.000    17.497    hb823/main_alu/ALU_out0_carry__0_n_0
    SLICE_X12Y45         CARRY4 (Prop_carry4_CI_O[1])
                                                      0.323    17.820 r  hb823/main_alu/ALU_out0_carry__1/O[1]
                         net (fo=1, routed)           0.799    18.619    hb823/pc_inst/data0[9]
    SLICE_X14Y46         LUT5 (Prop_lut5_I4_O)        0.328    18.947 r  hb823/pc_inst/memory_reg_i_107/O
                         net (fo=1, routed)           1.013    19.960    hb823/pc_inst/memory_reg_i_107_n_0
    SLICE_X11Y46         LUT6 (Prop_lut6_I5_O)        0.328    20.288 r  hb823/pc_inst/memory_reg_i_35/O
                         net (fo=3, routed)           0.661    20.949    hb823/pc_inst/memory_reg_i_35_n_0
    SLICE_X10Y46         LUT6 (Prop_lut6_I3_O)        0.124    21.073 r  hb823/pc_inst/registers[14][9]_i_1/O
                         net (fo=15, routed)          2.250    23.323    hb823/reg_file_instance/D[9]
    SLICE_X28Y44         FDCE                                         r  hb823/reg_file_instance/registers_reg[12][9]/D
  -------------------------------------------------------------------    -------------------

Slack:                    inf
  Source:                 hb823/pc_inst/PC_reg[5]/C
                            (rising edge-triggered cell FDCE)
  Destination:            hb823/reg_file_instance/registers_reg[8][9]/D
  Path Group:             (none)
  Path Type:              Max at Slow Process Corner
  Data Path Delay:        23.128ns  (logic 3.899ns (16.859%)  route 19.229ns (83.141%))
  Logic Levels:           15  (CARRY4=3 FDCE=1 LUT2=3 LUT3=1 LUT4=1 LUT5=1 LUT6=5)

    Location             Delay type                Incr(ns)  Path(ns)    Netlist Resource(s)
  -------------------------------------------------------------------    -------------------
    SLICE_X10Y44         FDCE                         0.000     0.000 r  hb823/pc_inst/PC_reg[5]/C
    SLICE_X10Y44         FDCE (Prop_fdce_C_Q)         0.518     0.518 r  hb823/pc_inst/PC_reg[5]/Q
                         net (fo=52, routed)          3.052     3.570    hb823/pc_inst/PC_reg[15]_0[5]
    SLICE_X12Y48         LUT6 (Prop_lut6_I5_O)        0.124     3.694 f  hb823/pc_inst/g0_b15/O
                         net (fo=76, routed)          2.638     6.332    hb823/pc_inst/inst[15]
    SLICE_X11Y45         LUT4 (Prop_lut4_I1_O)        0.152     6.484 r  hb823/pc_inst/memory_reg_i_2/O
                         net (fo=5, routed)           1.157     7.642    hb823/pc_inst/PC_reg[0]_1
    SLICE_X16Y46         LUT6 (Prop_lut6_I2_O)        0.326     7.968 r  hb823/pc_inst/memory_reg_i_217/O
                         net (fo=66, routed)          2.584    10.552    hb823/pc_inst/PC_reg[0]_0[1]
    SLICE_X32Y44         LUT2 (Prop_lut2_I0_O)        0.124    10.676 r  hb823/pc_inst/memory_reg_i_136/O
                         net (fo=21, routed)          1.963    12.638    hb823/pc_inst/memory_reg_i_136_n_0
    SLICE_X25Y47         LUT3 (Prop_lut3_I2_O)        0.118    12.756 r  hb823/pc_inst/memory_reg_i_66/O
                         net (fo=23, routed)          1.711    14.467    hb823/pc_inst/memory_reg_i_66_n_0
    SLICE_X23Y43         LUT2 (Prop_lut2_I0_O)        0.354    14.821 r  hb823/pc_inst/ALU_out0_carry_i_16/O
                         net (fo=1, routed)           0.433    15.255    hb823/pc_inst/ALU_out0_carry_i_16_n_0
    SLICE_X23Y43         LUT6 (Prop_lut6_I4_O)        0.326    15.581 r  hb823/pc_inst/ALU_out0_carry_i_4/O
                         net (fo=6, routed)           1.162    16.743    hb823/pc_inst/ALU_B[0]
    SLICE_X12Y43         LUT2 (Prop_lut2_I1_O)        0.124    16.867 r  hb823/pc_inst/ALU_out0_carry_i_8/O
                         net (fo=1, routed)           0.000    16.867    hb823/main_alu/S[0]
    SLICE_X12Y43         CARRY4 (Prop_carry4_S[0]_CO[3])
                                                      0.513    17.380 r  hb823/main_alu/ALU_out0_carry/CO[3]
                         net (fo=1, routed)           0.000    17.380    hb823/main_alu/ALU_out0_carry_n_0
    SLICE_X12Y44         CARRY4 (Prop_carry4_CI_CO[3])
                                                      0.117    17.497 r  hb823/main_alu/ALU_out0_carry__0/CO[3]
                         net (fo=1, routed)           0.000    17.497    hb823/main_alu/ALU_out0_carry__0_n_0
    SLICE_X12Y45         CARRY4 (Prop_carry4_CI_O[1])
                                                      0.323    17.820 r  hb823/main_alu/ALU_out0_carry__1/O[1]
                         net (fo=1, routed)           0.799    18.619    hb823/pc_inst/data0[9]
    SLICE_X14Y46         LUT5 (Prop_lut5_I4_O)        0.328    18.947 r  hb823/pc_inst/memory_reg_i_107/O
                         net (fo=1, routed)           1.013    19.960    hb823/pc_inst/memory_reg_i_107_n_0
    SLICE_X11Y46         LUT6 (Prop_lut6_I5_O)        0.328    20.288 r  hb823/pc_inst/memory_reg_i_35/O
                         net (fo=3, routed)           0.661    20.949    hb823/pc_inst/memory_reg_i_35_n_0
    SLICE_X10Y46         LUT6 (Prop_lut6_I3_O)        0.124    21.073 r  hb823/pc_inst/registers[14][9]_i_1/O
                         net (fo=15, routed)          2.055    23.128    hb823/reg_file_instance/D[9]
    SLICE_X29Y44         FDCE                                         r  hb823/reg_file_instance/registers_reg[8][9]/D
  -------------------------------------------------------------------    -------------------

Slack:                    inf
  Source:                 hb823/pc_inst/PC_reg[5]/C
                            (rising edge-triggered cell FDCE)
  Destination:            hb823/reg_file_instance/registers_reg[3][9]/D
  Path Group:             (none)
  Path Type:              Max at Slow Process Corner
  Data Path Delay:        22.988ns  (logic 3.899ns (16.961%)  route 19.089ns (83.039%))
  Logic Levels:           15  (CARRY4=3 FDCE=1 LUT2=3 LUT3=1 LUT4=1 LUT5=1 LUT6=5)

    Location             Delay type                Incr(ns)  Path(ns)    Netlist Resource(s)
  -------------------------------------------------------------------    -------------------
    SLICE_X10Y44         FDCE                         0.000     0.000 r  hb823/pc_inst/PC_reg[5]/C
    SLICE_X10Y44         FDCE (Prop_fdce_C_Q)         0.518     0.518 r  hb823/pc_inst/PC_reg[5]/Q
                         net (fo=52, routed)          3.052     3.570    hb823/pc_inst/PC_reg[15]_0[5]
    SLICE_X12Y48         LUT6 (Prop_lut6_I5_O)        0.124     3.694 f  hb823/pc_inst/g0_b15/O
                         net (fo=76, routed)          2.638     6.332    hb823/pc_inst/inst[15]
    SLICE_X11Y45         LUT4 (Prop_lut4_I1_O)        0.152     6.484 r  hb823/pc_inst/memory_reg_i_2/O
                         net (fo=5, routed)           1.157     7.642    hb823/pc_inst/PC_reg[0]_1
    SLICE_X16Y46         LUT6 (Prop_lut6_I2_O)        0.326     7.968 r  hb823/pc_inst/memory_reg_i_217/O
                         net (fo=66, routed)          2.584    10.552    hb823/pc_inst/PC_reg[0]_0[1]
    SLICE_X32Y44         LUT2 (Prop_lut2_I0_O)        0.124    10.676 r  hb823/pc_inst/memory_reg_i_136/O
                         net (fo=21, routed)          1.963    12.638    hb823/pc_inst/memory_reg_i_136_n_0
    SLICE_X25Y47         LUT3 (Prop_lut3_I2_O)        0.118    12.756 r  hb823/pc_inst/memory_reg_i_66/O
                         net (fo=23, routed)          1.711    14.467    hb823/pc_inst/memory_reg_i_66_n_0
    SLICE_X23Y43         LUT2 (Prop_lut2_I0_O)        0.354    14.821 r  hb823/pc_inst/ALU_out0_carry_i_16/O
                         net (fo=1, routed)           0.433    15.255    hb823/pc_inst/ALU_out0_carry_i_16_n_0
    SLICE_X23Y43         LUT6 (Prop_lut6_I4_O)        0.326    15.581 r  hb823/pc_inst/ALU_out0_carry_i_4/O
                         net (fo=6, routed)           1.162    16.743    hb823/pc_inst/ALU_B[0]
    SLICE_X12Y43         LUT2 (Prop_lut2_I1_O)        0.124    16.867 r  hb823/pc_inst/ALU_out0_carry_i_8/O
                         net (fo=1, routed)           0.000    16.867    hb823/main_alu/S[0]
    SLICE_X12Y43         CARRY4 (Prop_carry4_S[0]_CO[3])
                                                      0.513    17.380 r  hb823/main_alu/ALU_out0_carry/CO[3]
                         net (fo=1, routed)           0.000    17.380    hb823/main_alu/ALU_out0_carry_n_0
    SLICE_X12Y44         CARRY4 (Prop_carry4_CI_CO[3])
                                                      0.117    17.497 r  hb823/main_alu/ALU_out0_carry__0/CO[3]
                         net (fo=1, routed)           0.000    17.497    hb823/main_alu/ALU_out0_carry__0_n_0
    SLICE_X12Y45         CARRY4 (Prop_carry4_CI_O[1])
                                                      0.323    17.820 r  hb823/main_alu/ALU_out0_carry__1/O[1]
                         net (fo=1, routed)           0.799    18.619    hb823/pc_inst/data0[9]
    SLICE_X14Y46         LUT5 (Prop_lut5_I4_O)        0.328    18.947 r  hb823/pc_inst/memory_reg_i_107/O
                         net (fo=1, routed)           1.013    19.960    hb823/pc_inst/memory_reg_i_107_n_0
    SLICE_X11Y46         LUT6 (Prop_lut6_I5_O)        0.328    20.288 r  hb823/pc_inst/memory_reg_i_35/O
                         net (fo=3, routed)           0.661    20.949    hb823/pc_inst/memory_reg_i_35_n_0
    SLICE_X10Y46         LUT6 (Prop_lut6_I3_O)        0.124    21.073 r  hb823/pc_inst/registers[14][9]_i_1/O
                         net (fo=15, routed)          1.915    22.988    hb823/reg_file_instance/D[9]
    SLICE_X27Y45         FDCE                                         r  hb823/reg_file_instance/registers_reg[3][9]/D
  -------------------------------------------------------------------    -------------------





Min Delay Paths
--------------------------------------------------------------------------------------
Slack:                    inf
  Source:                 hb823/pc_inst/PC_reg[0]/C
                            (rising edge-triggered cell FDCE)
  Destination:            hb823/pc_inst/PC_reg[0]/D
  Path Group:             (none)
  Path Type:              Min at Fast Process Corner
  Data Path Delay:        0.379ns  (logic 0.186ns (49.132%)  route 0.193ns (50.868%))
  Logic Levels:           2  (FDCE=1 LUT4=1)

    Location             Delay type                Incr(ns)  Path(ns)    Netlist Resource(s)
  -------------------------------------------------------------------    -------------------
    SLICE_X9Y42          FDCE                         0.000     0.000 r  hb823/pc_inst/PC_reg[0]/C
    SLICE_X9Y42          FDCE (Prop_fdce_C_Q)         0.141     0.141 f  hb823/pc_inst/PC_reg[0]/Q
                         net (fo=37, routed)          0.193     0.334    hb823/pc_inst/PC_reg[15]_0[0]
    SLICE_X9Y42          LUT4 (Prop_lut4_I3_O)        0.045     0.379 r  hb823/pc_inst/PC[0]_i_1/O
                         net (fo=1, routed)           0.000     0.379    hb823/pc_inst/PC_write[0]
    SLICE_X9Y42          FDCE                                         r  hb823/pc_inst/PC_reg[0]/D
  -------------------------------------------------------------------    -------------------

Slack:                    inf
  Source:                 hb823/pc_inst/PC_reg[0]/C
                            (rising edge-triggered cell FDCE)
  Destination:            hb823/pc_inst/PC_reg[1]/D
  Path Group:             (none)
  Path Type:              Min at Fast Process Corner
  Data Path Delay:        0.676ns  (logic 0.395ns (58.419%)  route 0.281ns (41.581%))
  Logic Levels:           3  (CARRY4=1 FDCE=1 LUT4=1)

    Location             Delay type                Incr(ns)  Path(ns)    Netlist Resource(s)
  -------------------------------------------------------------------    -------------------
    SLICE_X9Y42          FDCE                         0.000     0.000 r  hb823/pc_inst/PC_reg[0]/C
    SLICE_X9Y42          FDCE (Prop_fdce_C_Q)         0.141     0.141 r  hb823/pc_inst/PC_reg[0]/Q
                         net (fo=37, routed)          0.152     0.293    hb823/next_pc_mux/Q[0]
    SLICE_X9Y44          CARRY4 (Prop_carry4_CYINIT_O[0])
                                                      0.147     0.440 r  hb823/next_pc_mux/PC_write0_carry/O[0]
                         net (fo=2, routed)           0.130     0.569    hb823/pc_inst/dataW0[0]
    SLICE_X8Y43          LUT4 (Prop_lut4_I3_O)        0.107     0.676 r  hb823/pc_inst/PC[1]_i_1/O
                         net (fo=1, routed)           0.000     0.676    hb823/pc_inst/PC_write[1]
    SLICE_X8Y43          FDCE                                         r  hb823/pc_inst/PC_reg[1]/D
  -------------------------------------------------------------------    -------------------

Slack:                    inf
  Source:                 hb823/pc_inst/PC_reg[3]/C
                            (rising edge-triggered cell FDCE)
  Destination:            hb823/pc_inst/PC_reg[3]/D
  Path Group:             (none)
  Path Type:              Min at Fast Process Corner
  Data Path Delay:        0.678ns  (logic 0.231ns (34.071%)  route 0.447ns (65.929%))
  Logic Levels:           3  (FDCE=1 LUT4=1 LUT5=1)

    Location             Delay type                Incr(ns)  Path(ns)    Netlist Resource(s)
  -------------------------------------------------------------------    -------------------
    SLICE_X9Y43          FDCE                         0.000     0.000 r  hb823/pc_inst/PC_reg[3]/C
    SLICE_X9Y43          FDCE (Prop_fdce_C_Q)         0.141     0.141 r  hb823/pc_inst/PC_reg[3]/Q
                         net (fo=46, routed)          0.148     0.289    hb823/pc_inst/PC_reg[15]_0[3]
    SLICE_X10Y43         LUT5 (Prop_lut5_I4_O)        0.045     0.334 r  hb823/pc_inst/memory_reg_i_50/O
                         net (fo=3, routed)           0.299     0.633    hb823/pc_inst/memory_reg_i_50_n_0
    SLICE_X9Y43          LUT4 (Prop_lut4_I0_O)        0.045     0.678 r  hb823/pc_inst/PC[3]_i_1/O
                         net (fo=1, routed)           0.000     0.678    hb823/pc_inst/PC_write[3]
    SLICE_X9Y43          FDCE                                         r  hb823/pc_inst/PC_reg[3]/D
  -------------------------------------------------------------------    -------------------

Slack:                    inf
  Source:                 hb823/pc_inst/PC_reg[12]/C
                            (rising edge-triggered cell FDCE)
  Destination:            hb823/pc_inst/PC_reg[12]/D
  Path Group:             (none)
  Path Type:              Min at Fast Process Corner
  Data Path Delay:        0.684ns  (logic 0.382ns (55.811%)  route 0.302ns (44.189%))
  Logic Levels:           3  (CARRY4=1 FDCE=1 LUT4=1)

    Location             Delay type                Incr(ns)  Path(ns)    Netlist Resource(s)
  -------------------------------------------------------------------    -------------------
    SLICE_X8Y46          FDCE                         0.000     0.000 r  hb823/pc_inst/PC_reg[12]/C
    SLICE_X8Y46          FDCE (Prop_fdce_C_Q)         0.164     0.164 r  hb823/pc_inst/PC_reg[12]/Q
                         net (fo=37, routed)          0.064     0.228    hb823/next_pc_mux/Q[12]
    SLICE_X9Y46          CARRY4 (Prop_carry4_S[3]_O[3])
                                                      0.108     0.336 r  hb823/next_pc_mux/PC_write0_carry__1/O[3]
                         net (fo=2, routed)           0.238     0.574    hb823/pc_inst/dataW0[11]
    SLICE_X8Y46          LUT4 (Prop_lut4_I3_O)        0.110     0.684 r  hb823/pc_inst/PC[12]_i_1/O
                         net (fo=1, routed)           0.000     0.684    hb823/pc_inst/PC_write[12]
    SLICE_X8Y46          FDCE                                         r  hb823/pc_inst/PC_reg[12]/D
  -------------------------------------------------------------------    -------------------

Slack:                    inf
  Source:                 hb823/pc_inst/PC_reg[6]/C
                            (rising edge-triggered cell FDCE)
  Destination:            hb823/pc_inst/PC_reg[6]/D
  Path Group:             (none)
  Path Type:              Min at Fast Process Corner
  Data Path Delay:        0.689ns  (logic 0.381ns (55.277%)  route 0.308ns (44.723%))
  Logic Levels:           3  (CARRY4=1 FDCE=1 LUT3=1)

    Location             Delay type                Incr(ns)  Path(ns)    Netlist Resource(s)
  -------------------------------------------------------------------    -------------------
    SLICE_X10Y45         FDCE                         0.000     0.000 r  hb823/pc_inst/PC_reg[6]/C
    SLICE_X10Y45         FDCE (Prop_fdce_C_Q)         0.164     0.164 r  hb823/pc_inst/PC_reg[6]/Q
                         net (fo=38, routed)          0.182     0.346    hb823/next_pc_mux/Q[6]
    SLICE_X9Y45          CARRY4 (Prop_carry4_S[1]_O[1])
                                                      0.110     0.456 r  hb823/next_pc_mux/PC_write0_carry__0/O[1]
                         net (fo=2, routed)           0.126     0.582    hb823/pc_inst/dataW0[5]
    SLICE_X10Y45         LUT3 (Prop_lut3_I2_O)        0.107     0.689 r  hb823/pc_inst/PC[6]_i_1/O
                         net (fo=1, routed)           0.000     0.689    hb823/pc_inst/PC_write[6]
    SLICE_X10Y45         FDCE                                         r  hb823/pc_inst/PC_reg[6]/D
  -------------------------------------------------------------------    -------------------

Slack:                    inf
  Source:                 hb823/pc_inst/PC_reg[15]/C
                            (rising edge-triggered cell FDCE)
  Destination:            hb823/pc_inst/PC_reg[15]/D
  Path Group:             (none)
  Path Type:              Min at Fast Process Corner
  Data Path Delay:        0.733ns  (logic 0.299ns (40.781%)  route 0.434ns (59.219%))
  Logic Levels:           4  (FDCE=1 LUT5=1 LUT6=2)

    Location             Delay type                Incr(ns)  Path(ns)    Netlist Resource(s)
  -------------------------------------------------------------------    -------------------
    SLICE_X12Y47         FDCE                         0.000     0.000 r  hb823/pc_inst/PC_reg[15]/C
    SLICE_X12Y47         FDCE (Prop_fdce_C_Q)         0.164     0.164 f  hb823/pc_inst/PC_reg[15]/Q
                         net (fo=42, routed)          0.165     0.329    hb823/pc_inst/PC_reg[15]_0[15]
    SLICE_X14Y47         LUT6 (Prop_lut6_I0_O)        0.045     0.374 f  hb823/pc_inst/ALU_out0_carry__2_i_11/O
                         net (fo=5, routed)           0.213     0.587    hb823/pc_inst/ALU_A__0[15]
    SLICE_X12Y47         LUT6 (Prop_lut6_I1_O)        0.045     0.632 r  hb823/pc_inst/PC[15]_i_3/O
                         net (fo=1, routed)           0.056     0.688    hb823/pc_inst/PC[15]_i_3_n_0
    SLICE_X12Y47         LUT5 (Prop_lut5_I1_O)        0.045     0.733 r  hb823/pc_inst/PC[15]_i_1/O
                         net (fo=1, routed)           0.000     0.733    hb823/pc_inst/PC_write[15]
    SLICE_X12Y47         FDCE                                         r  hb823/pc_inst/PC_reg[15]/D
  -------------------------------------------------------------------    -------------------

Slack:                    inf
  Source:                 hb823/pc_inst/PC_reg[3]/C
                            (rising edge-triggered cell FDCE)
  Destination:            hb823/reg_file_instance/registers_reg[15][3]/D
  Path Group:             (none)
  Path Type:              Min at Fast Process Corner
  Data Path Delay:        0.739ns  (logic 0.231ns (31.261%)  route 0.508ns (68.739%))
  Logic Levels:           3  (FDCE=1 LUT5=1 LUT6=1)

    Location             Delay type                Incr(ns)  Path(ns)    Netlist Resource(s)
  -------------------------------------------------------------------    -------------------
    SLICE_X9Y43          FDCE                         0.000     0.000 r  hb823/pc_inst/PC_reg[3]/C
    SLICE_X9Y43          FDCE (Prop_fdce_C_Q)         0.141     0.141 r  hb823/pc_inst/PC_reg[3]/Q
                         net (fo=46, routed)          0.148     0.289    hb823/pc_inst/PC_reg[15]_0[3]
    SLICE_X10Y43         LUT5 (Prop_lut5_I4_O)        0.045     0.334 r  hb823/pc_inst/memory_reg_i_50/O
                         net (fo=3, routed)           0.132     0.466    hb823/pc_inst/memory_reg_i_50_n_0
    SLICE_X9Y43          LUT6 (Prop_lut6_I2_O)        0.045     0.511 r  hb823/pc_inst/registers[14][3]_i_1/O
                         net (fo=15, routed)          0.228     0.739    hb823/reg_file_instance/D[3]
    SLICE_X17Y44         FDCE                                         r  hb823/reg_file_instance/registers_reg[15][3]/D
  -------------------------------------------------------------------    -------------------

Slack:                    inf
  Source:                 hb823/pc_inst/PC_reg[10]/C
                            (rising edge-triggered cell FDCE)
  Destination:            hb823/pc_inst/PC_reg[10]/D
  Path Group:             (none)
  Path Type:              Min at Fast Process Corner
  Data Path Delay:        0.753ns  (logic 0.381ns (50.582%)  route 0.372ns (49.418%))
  Logic Levels:           3  (CARRY4=1 FDCE=1 LUT4=1)

    Location             Delay type                Incr(ns)  Path(ns)    Netlist Resource(s)
  -------------------------------------------------------------------    -------------------
    SLICE_X8Y46          FDCE                         0.000     0.000 r  hb823/pc_inst/PC_reg[10]/C
    SLICE_X8Y46          FDCE (Prop_fdce_C_Q)         0.164     0.164 r  hb823/pc_inst/PC_reg[10]/Q
                         net (fo=40, routed)          0.135     0.299    hb823/next_pc_mux/Q[10]
    SLICE_X9Y46          CARRY4 (Prop_carry4_S[1]_O[1])
                                                      0.110     0.409 r  hb823/next_pc_mux/PC_write0_carry__1/O[1]
                         net (fo=2, routed)           0.237     0.646    hb823/pc_inst/dataW0[9]
    SLICE_X8Y46          LUT4 (Prop_lut4_I3_O)        0.107     0.753 r  hb823/pc_inst/PC[10]_i_1/O
                         net (fo=1, routed)           0.000     0.753    hb823/pc_inst/PC_write[10]
    SLICE_X8Y46          FDCE                                         r  hb823/pc_inst/PC_reg[10]/D
  -------------------------------------------------------------------    -------------------

Slack:                    inf
  Source:                 hb823/pc_inst/PC_reg[4]/C
                            (rising edge-triggered cell FDCE)
  Destination:            hb823/pc_inst/PC_reg[4]/D
  Path Group:             (none)
  Path Type:              Min at Fast Process Corner
  Data Path Delay:        0.760ns  (logic 0.359ns (47.264%)  route 0.401ns (52.736%))
  Logic Levels:           3  (CARRY4=1 FDCE=1 LUT3=1)

    Location             Delay type                Incr(ns)  Path(ns)    Netlist Resource(s)
  -------------------------------------------------------------------    -------------------
    SLICE_X9Y43          FDCE                         0.000     0.000 r  hb823/pc_inst/PC_reg[4]/C
    SLICE_X9Y43          FDCE (Prop_fdce_C_Q)         0.141     0.141 r  hb823/pc_inst/PC_reg[4]/Q
                         net (fo=49, routed)          0.130     0.271    hb823/next_pc_mux/Q[4]
    SLICE_X9Y44          CARRY4 (Prop_carry4_S[3]_O[3])
                                                      0.108     0.379 r  hb823/next_pc_mux/PC_write0_carry/O[3]
                         net (fo=2, routed)           0.270     0.650    hb823/pc_inst/dataW0[3]
    SLICE_X9Y43          LUT3 (Prop_lut3_I2_O)        0.110     0.760 r  hb823/pc_inst/PC[4]_i_1/O
                         net (fo=1, routed)           0.000     0.760    hb823/pc_inst/PC_write[4]
    SLICE_X9Y43          FDCE                                         r  hb823/pc_inst/PC_reg[4]/D
  -------------------------------------------------------------------    -------------------

Slack:                    inf
  Source:                 hb823/reg_file_instance/registers_reg[15][6]/C
                            (rising edge-triggered cell FDCE)
  Destination:            data_mem_instance/memory_reg/DIADI[6]
  Path Group:             (none)
  Path Type:              Min at Fast Process Corner
  Data Path Delay:        0.776ns  (logic 0.186ns (23.955%)  route 0.590ns (76.045%))
  Logic Levels:           2  (FDCE=1 LUT6=1)

    Location             Delay type                Incr(ns)  Path(ns)    Netlist Resource(s)
  -------------------------------------------------------------------    -------------------
    SLICE_X23Y44         FDCE                         0.000     0.000 r  hb823/reg_file_instance/registers_reg[15][6]/C
    SLICE_X23Y44         FDCE (Prop_fdce_C_Q)         0.141     0.141 r  hb823/reg_file_instance/registers_reg[15][6]/Q
                         net (fo=4, routed)           0.082     0.223    hb823/pc_inst/memory_reg[6]
    SLICE_X22Y44         LUT6 (Prop_lut6_I4_O)        0.045     0.268 r  hb823/pc_inst/memory_reg_i_23/O
                         net (fo=6, routed)           0.509     0.776    data_mem_instance/Mem_WriteData[6]
    RAMB36_X0Y9          RAMB36E1                                     r  data_mem_instance/memory_reg/DIADI[6]
  -------------------------------------------------------------------    -------------------





--------------------------------------------------------------------------------------
Path Group:  (none)
From Clock:  sys_clk_pin
  To Clock:  

Max Delay            12 Endpoints
Min Delay            12 Endpoints
--------------------------------------------------------------------------------------


Max Delay Paths
--------------------------------------------------------------------------------------
Slack:                    inf
  Source:                 pc_display/refresh_counter_reg[16]/C
                            (rising edge-triggered cell FDRE clocked by sys_clk_pin  {rise@0.000ns fall@5.000ns period=10.000ns})
  Destination:            CD
                            (output port)
  Path Group:             (none)
  Path Type:              Max at Slow Process Corner
  Data Path Delay:        12.030ns  (logic 4.502ns (37.427%)  route 7.527ns (62.573%))
  Logic Levels:           5  (LUT3=1 LUT6=3 OBUF=1)
  Clock Uncertainty:      0.025ns  ((TSJ^2 + TIJ^2)^1/2 + DJ) / 2 + PE
    Total System Jitter     (TSJ):    0.050ns
    Total Input Jitter      (TIJ):    0.000ns
    Discrete Jitter          (DJ):    0.000ns
    Phase Error              (PE):    0.000ns

    Location             Delay type                Incr(ns)  Path(ns)    Netlist Resource(s)
  -------------------------------------------------------------------    -------------------
                         (clock sys_clk_pin rise edge)
                                                      0.000     0.000 r  
    E3                                                0.000     0.000 r  CLK100MHZ (IN)
                         net (fo=0)                   0.000     0.000    CLK100MHZ
    E3                   IBUF (Prop_ibuf_I_O)         1.482     1.482 r  CLK100MHZ_IBUF_inst/O
                         net (fo=1, routed)           2.025     3.506    CLK100MHZ_IBUF
    BUFGCTRL_X0Y16       BUFG (Prop_bufg_I_O)         0.096     3.602 r  CLK100MHZ_IBUF_BUFG_inst/O
                         net (fo=19, routed)          1.726     5.329    pc_display/CLK100MHZ_IBUF_BUFG
    SLICE_X0Y51          FDRE                                         r  pc_display/refresh_counter_reg[16]/C
  -------------------------------------------------------------------    -------------------
    SLICE_X0Y51          FDRE (Prop_fdre_C_Q)         0.456     5.785 r  pc_display/refresh_counter_reg[16]/Q
                         net (fo=19, routed)          1.188     6.973    pc_display/Q[0]
    SLICE_X5Y55          LUT3 (Prop_lut3_I2_O)        0.124     7.097 f  pc_display/i_6_LOPT_REMAP/O
                         net (fo=2, routed)           0.947     8.044    pc_display/i_6/O_n
    SLICE_X5Y53          LUT6 (Prop_lut6_I4_O)        0.124     8.168 f  pc_display/i_4_LOPT_REMAP_1/O
                         net (fo=1, routed)           0.813     8.981    pc_display/i_4/O_n_1
    SLICE_X5Y55          LUT6 (Prop_lut6_I4_O)        0.124     9.105 f  pc_display/i_1_LOPT_REMAP_1/O
                         net (fo=7, routed)           0.922    10.027    pc_display/sel0[3]
    SLICE_X0Y58          LUT6 (Prop_lut6_I1_O)        0.124    10.151 r  pc_display/CD_OBUF_inst_i_1/O
                         net (fo=1, routed)           3.657    13.808    CD_OBUF
    K13                  OBUF (Prop_obuf_I_O)         3.550    17.358 r  CD_OBUF_inst/O
                         net (fo=0)                   0.000    17.358    CD
    K13                                                               r  CD (OUT)
  -------------------------------------------------------------------    -------------------

Slack:                    inf
  Source:                 pc_display/refresh_counter_reg[16]/C
                            (rising edge-triggered cell FDRE clocked by sys_clk_pin  {rise@0.000ns fall@5.000ns period=10.000ns})
  Destination:            CG
                            (output port)
  Path Group:             (none)
  Path Type:              Max at Slow Process Corner
  Data Path Delay:        11.380ns  (logic 4.489ns (39.451%)  route 6.890ns (60.549%))
  Logic Levels:           5  (LUT3=1 LUT6=3 OBUF=1)
  Clock Uncertainty:      0.025ns  ((TSJ^2 + TIJ^2)^1/2 + DJ) / 2 + PE
    Total System Jitter     (TSJ):    0.050ns
    Total Input Jitter      (TIJ):    0.000ns
    Discrete Jitter          (DJ):    0.000ns
    Phase Error              (PE):    0.000ns

    Location             Delay type                Incr(ns)  Path(ns)    Netlist Resource(s)
  -------------------------------------------------------------------    -------------------
                         (clock sys_clk_pin rise edge)
                                                      0.000     0.000 r  
    E3                                                0.000     0.000 r  CLK100MHZ (IN)
                         net (fo=0)                   0.000     0.000    CLK100MHZ
    E3                   IBUF (Prop_ibuf_I_O)         1.482     1.482 r  CLK100MHZ_IBUF_inst/O
                         net (fo=1, routed)           2.025     3.506    CLK100MHZ_IBUF
    BUFGCTRL_X0Y16       BUFG (Prop_bufg_I_O)         0.096     3.602 r  CLK100MHZ_IBUF_BUFG_inst/O
                         net (fo=19, routed)          1.726     5.329    pc_display/CLK100MHZ_IBUF_BUFG
    SLICE_X0Y51          FDRE                                         r  pc_display/refresh_counter_reg[16]/C
  -------------------------------------------------------------------    -------------------
    SLICE_X0Y51          FDRE (Prop_fdre_C_Q)         0.456     5.785 r  pc_display/refresh_counter_reg[16]/Q
                         net (fo=19, routed)          1.188     6.973    pc_display/Q[0]
    SLICE_X5Y55          LUT3 (Prop_lut3_I2_O)        0.124     7.097 f  pc_display/i_6_LOPT_REMAP/O
                         net (fo=2, routed)           0.947     8.044    pc_display/i_6/O_n
    SLICE_X5Y53          LUT6 (Prop_lut6_I4_O)        0.124     8.168 f  pc_display/i_4_LOPT_REMAP_1/O
                         net (fo=1, routed)           0.813     8.981    pc_display/i_4/O_n_1
    SLICE_X5Y55          LUT6 (Prop_lut6_I4_O)        0.124     9.105 f  pc_display/i_1_LOPT_REMAP_1/O
                         net (fo=7, routed)           1.196    10.301    pc_display/sel0[3]
    SLICE_X0Y58          LUT6 (Prop_lut6_I3_O)        0.124    10.425 r  pc_display/CG_OBUF_inst_i_1/O
                         net (fo=1, routed)           2.745    13.171    CG_OBUF
    L18                  OBUF (Prop_obuf_I_O)         3.537    16.708 r  CG_OBUF_inst/O
                         net (fo=0)                   0.000    16.708    CG
    L18                                                               r  CG (OUT)
  -------------------------------------------------------------------    -------------------

Slack:                    inf
  Source:                 pc_display/refresh_counter_reg[16]/C
                            (rising edge-triggered cell FDRE clocked by sys_clk_pin  {rise@0.000ns fall@5.000ns period=10.000ns})
  Destination:            CC
                            (output port)
  Path Group:             (none)
  Path Type:              Max at Slow Process Corner
  Data Path Delay:        11.152ns  (logic 4.445ns (39.858%)  route 6.707ns (60.142%))
  Logic Levels:           5  (LUT3=1 LUT6=3 OBUF=1)
  Clock Uncertainty:      0.025ns  ((TSJ^2 + TIJ^2)^1/2 + DJ) / 2 + PE
    Total System Jitter     (TSJ):    0.050ns
    Total Input Jitter      (TIJ):    0.000ns
    Discrete Jitter          (DJ):    0.000ns
    Phase Error              (PE):    0.000ns

    Location             Delay type                Incr(ns)  Path(ns)    Netlist Resource(s)
  -------------------------------------------------------------------    -------------------
                         (clock sys_clk_pin rise edge)
                                                      0.000     0.000 r  
    E3                                                0.000     0.000 r  CLK100MHZ (IN)
                         net (fo=0)                   0.000     0.000    CLK100MHZ
    E3                   IBUF (Prop_ibuf_I_O)         1.482     1.482 r  CLK100MHZ_IBUF_inst/O
                         net (fo=1, routed)           2.025     3.506    CLK100MHZ_IBUF
    BUFGCTRL_X0Y16       BUFG (Prop_bufg_I_O)         0.096     3.602 r  CLK100MHZ_IBUF_BUFG_inst/O
                         net (fo=19, routed)          1.726     5.329    pc_display/CLK100MHZ_IBUF_BUFG
    SLICE_X0Y51          FDRE                                         r  pc_display/refresh_counter_reg[16]/C
  -------------------------------------------------------------------    -------------------
    SLICE_X0Y51          FDRE (Prop_fdre_C_Q)         0.456     5.785 r  pc_display/refresh_counter_reg[16]/Q
                         net (fo=19, routed)          1.188     6.973    pc_display/Q[0]
    SLICE_X5Y55          LUT3 (Prop_lut3_I2_O)        0.124     7.097 f  pc_display/i_6_LOPT_REMAP/O
                         net (fo=2, routed)           0.947     8.044    pc_display/i_6/O_n
    SLICE_X5Y53          LUT6 (Prop_lut6_I4_O)        0.124     8.168 f  pc_display/i_4_LOPT_REMAP_1/O
                         net (fo=1, routed)           0.813     8.981    pc_display/i_4/O_n_1
    SLICE_X5Y55          LUT6 (Prop_lut6_I4_O)        0.124     9.105 f  pc_display/i_1_LOPT_REMAP_1/O
                         net (fo=7, routed)           0.925    10.030    pc_display/sel0[3]
    SLICE_X0Y58          LUT6 (Prop_lut6_I3_O)        0.124    10.154 r  pc_display/CC_OBUF_inst_i_1/O
                         net (fo=1, routed)           2.834    12.988    CC_OBUF
    K16                  OBUF (Prop_obuf_I_O)         3.493    16.481 r  CC_OBUF_inst/O
                         net (fo=0)                   0.000    16.481    CC
    K16                                                               r  CC (OUT)
  -------------------------------------------------------------------    -------------------

Slack:                    inf
  Source:                 pc_display/refresh_counter_reg[16]/C
                            (rising edge-triggered cell FDRE clocked by sys_clk_pin  {rise@0.000ns fall@5.000ns period=10.000ns})
  Destination:            CE
                            (output port)
  Path Group:             (none)
  Path Type:              Max at Slow Process Corner
  Data Path Delay:        10.900ns  (logic 4.486ns (41.151%)  route 6.415ns (58.849%))
  Logic Levels:           5  (LUT3=1 LUT6=3 OBUF=1)
  Clock Uncertainty:      0.025ns  ((TSJ^2 + TIJ^2)^1/2 + DJ) / 2 + PE
    Total System Jitter     (TSJ):    0.050ns
    Total Input Jitter      (TIJ):    0.000ns
    Discrete Jitter          (DJ):    0.000ns
    Phase Error              (PE):    0.000ns

    Location             Delay type                Incr(ns)  Path(ns)    Netlist Resource(s)
  -------------------------------------------------------------------    -------------------
                         (clock sys_clk_pin rise edge)
                                                      0.000     0.000 r  
    E3                                                0.000     0.000 r  CLK100MHZ (IN)
                         net (fo=0)                   0.000     0.000    CLK100MHZ
    E3                   IBUF (Prop_ibuf_I_O)         1.482     1.482 r  CLK100MHZ_IBUF_inst/O
                         net (fo=1, routed)           2.025     3.506    CLK100MHZ_IBUF
    BUFGCTRL_X0Y16       BUFG (Prop_bufg_I_O)         0.096     3.602 r  CLK100MHZ_IBUF_BUFG_inst/O
                         net (fo=19, routed)          1.726     5.329    pc_display/CLK100MHZ_IBUF_BUFG
    SLICE_X0Y51          FDRE                                         r  pc_display/refresh_counter_reg[16]/C
  -------------------------------------------------------------------    -------------------
    SLICE_X0Y51          FDRE (Prop_fdre_C_Q)         0.456     5.785 r  pc_display/refresh_counter_reg[16]/Q
                         net (fo=19, routed)          1.188     6.973    pc_display/Q[0]
    SLICE_X5Y55          LUT3 (Prop_lut3_I2_O)        0.124     7.097 f  pc_display/i_6_LOPT_REMAP/O
                         net (fo=2, routed)           0.947     8.044    pc_display/i_6/O_n
    SLICE_X5Y53          LUT6 (Prop_lut6_I4_O)        0.124     8.168 f  pc_display/i_4_LOPT_REMAP_1/O
                         net (fo=1, routed)           0.813     8.981    pc_display/i_4/O_n_1
    SLICE_X5Y55          LUT6 (Prop_lut6_I4_O)        0.124     9.105 f  pc_display/i_1_LOPT_REMAP_1/O
                         net (fo=7, routed)           1.201    10.306    pc_display/sel0[3]
    SLICE_X0Y58          LUT6 (Prop_lut6_I4_O)        0.124    10.430 r  pc_display/CE_OBUF_inst_i_1/O
                         net (fo=1, routed)           2.266    12.695    CE_OBUF
    P15                  OBUF (Prop_obuf_I_O)         3.534    16.229 r  CE_OBUF_inst/O
                         net (fo=0)                   0.000    16.229    CE
    P15                                                               r  CE (OUT)
  -------------------------------------------------------------------    -------------------

Slack:                    inf
  Source:                 pc_display/refresh_counter_reg[16]/C
                            (rising edge-triggered cell FDRE clocked by sys_clk_pin  {rise@0.000ns fall@5.000ns period=10.000ns})
  Destination:            CB
                            (output port)
  Path Group:             (none)
  Path Type:              Max at Slow Process Corner
  Data Path Delay:        10.555ns  (logic 4.507ns (42.704%)  route 6.048ns (57.296%))
  Logic Levels:           5  (LUT3=1 LUT6=3 OBUF=1)
  Clock Uncertainty:      0.025ns  ((TSJ^2 + TIJ^2)^1/2 + DJ) / 2 + PE
    Total System Jitter     (TSJ):    0.050ns
    Total Input Jitter      (TIJ):    0.000ns
    Discrete Jitter          (DJ):    0.000ns
    Phase Error              (PE):    0.000ns

    Location             Delay type                Incr(ns)  Path(ns)    Netlist Resource(s)
  -------------------------------------------------------------------    -------------------
                         (clock sys_clk_pin rise edge)
                                                      0.000     0.000 r  
    E3                                                0.000     0.000 r  CLK100MHZ (IN)
                         net (fo=0)                   0.000     0.000    CLK100MHZ
    E3                   IBUF (Prop_ibuf_I_O)         1.482     1.482 r  CLK100MHZ_IBUF_inst/O
                         net (fo=1, routed)           2.025     3.506    CLK100MHZ_IBUF
    BUFGCTRL_X0Y16       BUFG (Prop_bufg_I_O)         0.096     3.602 r  CLK100MHZ_IBUF_BUFG_inst/O
                         net (fo=19, routed)          1.726     5.329    pc_display/CLK100MHZ_IBUF_BUFG
    SLICE_X0Y51          FDRE                                         r  pc_display/refresh_counter_reg[16]/C
  -------------------------------------------------------------------    -------------------
    SLICE_X0Y51          FDRE (Prop_fdre_C_Q)         0.456     5.785 r  pc_display/refresh_counter_reg[16]/Q
                         net (fo=19, routed)          1.188     6.973    pc_display/Q[0]
    SLICE_X5Y55          LUT3 (Prop_lut3_I2_O)        0.124     7.097 f  pc_display/i_6_LOPT_REMAP/O
                         net (fo=2, routed)           0.947     8.044    pc_display/i_6/O_n
    SLICE_X5Y53          LUT6 (Prop_lut6_I4_O)        0.124     8.168 f  pc_display/i_4_LOPT_REMAP_1/O
                         net (fo=1, routed)           0.813     8.981    pc_display/i_4/O_n_1
    SLICE_X5Y55          LUT6 (Prop_lut6_I4_O)        0.124     9.105 f  pc_display/i_1_LOPT_REMAP_1/O
                         net (fo=7, routed)           1.206    10.312    pc_display/sel0[3]
    SLICE_X0Y57          LUT6 (Prop_lut6_I1_O)        0.124    10.436 r  pc_display/CB_OBUF_inst_i_1/O
                         net (fo=1, routed)           1.893    12.328    CB_OBUF
    R10                  OBUF (Prop_obuf_I_O)         3.555    15.884 r  CB_OBUF_inst/O
                         net (fo=0)                   0.000    15.884    CB
    R10                                                               r  CB (OUT)
  -------------------------------------------------------------------    -------------------

Slack:                    inf
  Source:                 pc_display/refresh_counter_reg[16]/C
                            (rising edge-triggered cell FDRE clocked by sys_clk_pin  {rise@0.000ns fall@5.000ns period=10.000ns})
  Destination:            CF
                            (output port)
  Path Group:             (none)
  Path Type:              Max at Slow Process Corner
  Data Path Delay:        9.994ns  (logic 4.513ns (45.154%)  route 5.481ns (54.846%))
  Logic Levels:           5  (LUT3=1 LUT6=3 OBUF=1)
  Clock Uncertainty:      0.025ns  ((TSJ^2 + TIJ^2)^1/2 + DJ) / 2 + PE
    Total System Jitter     (TSJ):    0.050ns
    Total Input Jitter      (TIJ):    0.000ns
    Discrete Jitter          (DJ):    0.000ns
    Phase Error              (PE):    0.000ns

    Location             Delay type                Incr(ns)  Path(ns)    Netlist Resource(s)
  -------------------------------------------------------------------    -------------------
                         (clock sys_clk_pin rise edge)
                                                      0.000     0.000 r  
    E3                                                0.000     0.000 r  CLK100MHZ (IN)
                         net (fo=0)                   0.000     0.000    CLK100MHZ
    E3                   IBUF (Prop_ibuf_I_O)         1.482     1.482 r  CLK100MHZ_IBUF_inst/O
                         net (fo=1, routed)           2.025     3.506    CLK100MHZ_IBUF
    BUFGCTRL_X0Y16       BUFG (Prop_bufg_I_O)         0.096     3.602 r  CLK100MHZ_IBUF_BUFG_inst/O
                         net (fo=19, routed)          1.726     5.329    pc_display/CLK100MHZ_IBUF_BUFG
    SLICE_X0Y51          FDRE                                         r  pc_display/refresh_counter_reg[16]/C
  -------------------------------------------------------------------    -------------------
    SLICE_X0Y51          FDRE (Prop_fdre_C_Q)         0.456     5.785 r  pc_display/refresh_counter_reg[16]/Q
                         net (fo=19, routed)          1.188     6.973    pc_display/Q[0]
    SLICE_X5Y55          LUT3 (Prop_lut3_I2_O)        0.124     7.097 f  pc_display/i_6_LOPT_REMAP/O
                         net (fo=2, routed)           0.947     8.044    pc_display/i_6/O_n
    SLICE_X5Y53          LUT6 (Prop_lut6_I4_O)        0.124     8.168 f  pc_display/i_4_LOPT_REMAP_1/O
                         net (fo=1, routed)           0.813     8.981    pc_display/i_4/O_n_1
    SLICE_X5Y55          LUT6 (Prop_lut6_I4_O)        0.124     9.105 f  pc_display/i_1_LOPT_REMAP_1/O
                         net (fo=7, routed)           0.819     9.924    pc_display/sel0[3]
    SLICE_X0Y57          LUT6 (Prop_lut6_I4_O)        0.124    10.048 r  pc_display/CF_OBUF_inst_i_1/O
                         net (fo=1, routed)           1.714    11.762    CF_OBUF
    T11                  OBUF (Prop_obuf_I_O)         3.561    15.323 r  CF_OBUF_inst/O
                         net (fo=0)                   0.000    15.323    CF
    T11                                                               r  CF (OUT)
  -------------------------------------------------------------------    -------------------

Slack:                    inf
  Source:                 pc_display/refresh_counter_reg[17]/C
                            (rising edge-triggered cell FDRE clocked by sys_clk_pin  {rise@0.000ns fall@5.000ns period=10.000ns})
  Destination:            CA
                            (output port)
  Path Group:             (none)
  Path Type:              Max at Slow Process Corner
  Data Path Delay:        9.829ns  (logic 4.529ns (46.080%)  route 5.300ns (53.920%))
  Logic Levels:           5  (LUT6=4 OBUF=1)
  Clock Uncertainty:      0.025ns  ((TSJ^2 + TIJ^2)^1/2 + DJ) / 2 + PE
    Total System Jitter     (TSJ):    0.050ns
    Total Input Jitter      (TIJ):    0.000ns
    Discrete Jitter          (DJ):    0.000ns
    Phase Error              (PE):    0.000ns

    Location             Delay type                Incr(ns)  Path(ns)    Netlist Resource(s)
  -------------------------------------------------------------------    -------------------
                         (clock sys_clk_pin rise edge)
                                                      0.000     0.000 r  
    E3                                                0.000     0.000 r  CLK100MHZ (IN)
                         net (fo=0)                   0.000     0.000    CLK100MHZ
    E3                   IBUF (Prop_ibuf_I_O)         1.482     1.482 r  CLK100MHZ_IBUF_inst/O
                         net (fo=1, routed)           2.025     3.506    CLK100MHZ_IBUF
    BUFGCTRL_X0Y16       BUFG (Prop_bufg_I_O)         0.096     3.602 r  CLK100MHZ_IBUF_BUFG_inst/O
                         net (fo=19, routed)          1.726     5.329    pc_display/CLK100MHZ_IBUF_BUFG
    SLICE_X0Y52          FDRE                                         r  pc_display/refresh_counter_reg[17]/C
  -------------------------------------------------------------------    -------------------
    SLICE_X0Y52          FDRE (Prop_fdre_C_Q)         0.456     5.785 r  pc_display/refresh_counter_reg[17]/Q
                         net (fo=19, routed)          1.439     7.223    hb823/pc_inst/CA_OBUF_inst_i_2_0[1]
    SLICE_X4Y56          LUT6 (Prop_lut6_I1_O)        0.124     7.347 r  hb823/pc_inst/i_12_LOPT_REMAP/O
                         net (fo=1, routed)           0.580     7.927    hb823/pc_inst/i_12/O_n
    SLICE_X5Y55          LUT6 (Prop_lut6_I0_O)        0.124     8.051 r  hb823/pc_inst/i_9_LOPT_REMAP/O
                         net (fo=1, routed)           0.575     8.626    hb823/pc_inst/i_9/O_n
    SLICE_X4Y53          LUT6 (Prop_lut6_I0_O)        0.124     8.750 r  hb823/pc_inst/i_0_LOPT_REMAP_35/O
                         net (fo=7, routed)           0.973     9.723    pc_display/CA_1
    SLICE_X0Y57          LUT6 (Prop_lut6_I4_O)        0.124     9.847 r  pc_display/CA_OBUF_inst_i_1/O
                         net (fo=1, routed)           1.733    11.580    CA_OBUF
    T10                  OBUF (Prop_obuf_I_O)         3.577    15.157 r  CA_OBUF_inst/O
                         net (fo=0)                   0.000    15.157    CA
    T10                                                               r  CA (OUT)
  -------------------------------------------------------------------    -------------------

Slack:                    inf
  Source:                 pc_display/refresh_counter_reg[18]/C
                            (rising edge-triggered cell FDRE clocked by sys_clk_pin  {rise@0.000ns fall@5.000ns period=10.000ns})
  Destination:            AN[3]
                            (output port)
  Path Group:             (none)
  Path Type:              Max at Slow Process Corner
  Data Path Delay:        9.783ns  (logic 4.358ns (44.547%)  route 5.425ns (55.453%))
  Logic Levels:           2  (LUT3=1 OBUF=1)
  Clock Uncertainty:      0.025ns  ((TSJ^2 + TIJ^2)^1/2 + DJ) / 2 + PE
    Total System Jitter     (TSJ):    0.050ns
    Total Input Jitter      (TIJ):    0.000ns
    Discrete Jitter          (DJ):    0.000ns
    Phase Error              (PE):    0.000ns

    Location             Delay type                Incr(ns)  Path(ns)    Netlist Resource(s)
  -------------------------------------------------------------------    -------------------
                         (clock sys_clk_pin rise edge)
                                                      0.000     0.000 r  
    E3                                                0.000     0.000 r  CLK100MHZ (IN)
                         net (fo=0)                   0.000     0.000    CLK100MHZ
    E3                   IBUF (Prop_ibuf_I_O)         1.482     1.482 r  CLK100MHZ_IBUF_inst/O
                         net (fo=1, routed)           2.025     3.506    CLK100MHZ_IBUF
    BUFGCTRL_X0Y16       BUFG (Prop_bufg_I_O)         0.096     3.602 r  CLK100MHZ_IBUF_BUFG_inst/O
                         net (fo=19, routed)          1.726     5.329    pc_display/CLK100MHZ_IBUF_BUFG
    SLICE_X0Y52          FDRE                                         r  pc_display/refresh_counter_reg[18]/C
  -------------------------------------------------------------------    -------------------
    SLICE_X0Y52          FDRE (Prop_fdre_C_Q)         0.456     5.785 r  pc_display/refresh_counter_reg[18]/Q
                         net (fo=23, routed)          1.779     7.563    pc_display/Q[2]
    SLICE_X2Y56          LUT3 (Prop_lut3_I2_O)        0.146     7.709 r  pc_display/AN_OBUF[3]_inst_i_1/O
                         net (fo=1, routed)           3.647    11.356    AN_OBUF[3]
    J14                  OBUF (Prop_obuf_I_O)         3.756    15.112 r  AN_OBUF[3]_inst/O
                         net (fo=0)                   0.000    15.112    AN[3]
    J14                                                               r  AN[3] (OUT)
  -------------------------------------------------------------------    -------------------

Slack:                    inf
  Source:                 pc_display/refresh_counter_reg[18]/C
                            (rising edge-triggered cell FDRE clocked by sys_clk_pin  {rise@0.000ns fall@5.000ns period=10.000ns})
  Destination:            AN[0]
                            (output port)
  Path Group:             (none)
  Path Type:              Max at Slow Process Corner
  Data Path Delay:        9.528ns  (logic 4.346ns (45.609%)  route 5.182ns (54.391%))
  Logic Levels:           2  (LUT3=1 OBUF=1)
  Clock Uncertainty:      0.025ns  ((TSJ^2 + TIJ^2)^1/2 + DJ) / 2 + PE
    Total System Jitter     (TSJ):    0.050ns
    Total Input Jitter      (TIJ):    0.000ns
    Discrete Jitter          (DJ):    0.000ns
    Phase Error              (PE):    0.000ns

    Location             Delay type                Incr(ns)  Path(ns)    Netlist Resource(s)
  -------------------------------------------------------------------    -------------------
                         (clock sys_clk_pin rise edge)
                                                      0.000     0.000 r  
    E3                                                0.000     0.000 r  CLK100MHZ (IN)
                         net (fo=0)                   0.000     0.000    CLK100MHZ
    E3                   IBUF (Prop_ibuf_I_O)         1.482     1.482 r  CLK100MHZ_IBUF_inst/O
                         net (fo=1, routed)           2.025     3.506    CLK100MHZ_IBUF
    BUFGCTRL_X0Y16       BUFG (Prop_bufg_I_O)         0.096     3.602 r  CLK100MHZ_IBUF_BUFG_inst/O
                         net (fo=19, routed)          1.726     5.329    pc_display/CLK100MHZ_IBUF_BUFG
    SLICE_X0Y52          FDRE                                         r  pc_display/refresh_counter_reg[18]/C
  -------------------------------------------------------------------    -------------------
    SLICE_X0Y52          FDRE (Prop_fdre_C_Q)         0.456     5.785 r  pc_display/refresh_counter_reg[18]/Q
                         net (fo=23, routed)          2.027     7.812    pc_display/Q[2]
    SLICE_X1Y57          LUT3 (Prop_lut3_I2_O)        0.152     7.964 r  pc_display/AN_OBUF[0]_inst_i_1/O
                         net (fo=1, routed)           3.155    11.119    AN_OBUF[0]
    J17                  OBUF (Prop_obuf_I_O)         3.738    14.857 r  AN_OBUF[0]_inst/O
                         net (fo=0)                   0.000    14.857    AN[0]
    J17                                                               r  AN[0] (OUT)
  -------------------------------------------------------------------    -------------------

Slack:                    inf
  Source:                 pc_display/refresh_counter_reg[18]/C
                            (rising edge-triggered cell FDRE clocked by sys_clk_pin  {rise@0.000ns fall@5.000ns period=10.000ns})
  Destination:            AN[1]
                            (output port)
  Path Group:             (none)
  Path Type:              Max at Slow Process Corner
  Data Path Delay:        8.768ns  (logic 4.116ns (46.937%)  route 4.653ns (53.063%))
  Logic Levels:           2  (LUT3=1 OBUF=1)
  Clock Uncertainty:      0.025ns  ((TSJ^2 + TIJ^2)^1/2 + DJ) / 2 + PE
    Total System Jitter     (TSJ):    0.050ns
    Total Input Jitter      (TIJ):    0.000ns
    Discrete Jitter          (DJ):    0.000ns
    Phase Error              (PE):    0.000ns

    Location             Delay type                Incr(ns)  Path(ns)    Netlist Resource(s)
  -------------------------------------------------------------------    -------------------
                         (clock sys_clk_pin rise edge)
                                                      0.000     0.000 r  
    E3                                                0.000     0.000 r  CLK100MHZ (IN)
                         net (fo=0)                   0.000     0.000    CLK100MHZ
    E3                   IBUF (Prop_ibuf_I_O)         1.482     1.482 r  CLK100MHZ_IBUF_inst/O
                         net (fo=1, routed)           2.025     3.506    CLK100MHZ_IBUF
    BUFGCTRL_X0Y16       BUFG (Prop_bufg_I_O)         0.096     3.602 r  CLK100MHZ_IBUF_BUFG_inst/O
                         net (fo=19, routed)          1.726     5.329    pc_display/CLK100MHZ_IBUF_BUFG
    SLICE_X0Y52          FDRE                                         r  pc_display/refresh_counter_reg[18]/C
  -------------------------------------------------------------------    -------------------
    SLICE_X0Y52          FDRE (Prop_fdre_C_Q)         0.456     5.785 r  pc_display/refresh_counter_reg[18]/Q
                         net (fo=23, routed)          2.027     7.812    pc_display/Q[2]
    SLICE_X1Y57          LUT3 (Prop_lut3_I2_O)        0.124     7.936 r  pc_display/AN_OBUF[1]_inst_i_1/O
                         net (fo=1, routed)           2.626    10.561    AN_OBUF[1]
    J18                  OBUF (Prop_obuf_I_O)         3.536    14.097 r  AN_OBUF[1]_inst/O
                         net (fo=0)                   0.000    14.097    AN[1]
    J18                                                               r  AN[1] (OUT)
  -------------------------------------------------------------------    -------------------





Min Delay Paths
--------------------------------------------------------------------------------------
Slack:                    inf
  Source:                 pc_display/refresh_counter_reg[16]/C
                            (rising edge-triggered cell FDRE clocked by sys_clk_pin  {rise@0.000ns fall@5.000ns period=10.000ns})
  Destination:            AN[2]
                            (output port)
  Path Group:             (none)
  Path Type:              Min at Fast Process Corner
  Data Path Delay:        2.379ns  (logic 1.461ns (61.411%)  route 0.918ns (38.589%))
  Logic Levels:           2  (LUT3=1 OBUF=1)
  Clock Uncertainty:      0.025ns  ((TSJ^2 + TIJ^2)^1/2 + DJ) / 2 + PE
    Total System Jitter     (TSJ):    0.050ns
    Total Input Jitter      (TIJ):    0.000ns
    Discrete Jitter          (DJ):    0.000ns
    Phase Error              (PE):    0.000ns

    Location             Delay type                Incr(ns)  Path(ns)    Netlist Resource(s)
  -------------------------------------------------------------------    -------------------
                         (clock sys_clk_pin rise edge)
                                                      0.000     0.000 r  
    E3                                                0.000     0.000 r  CLK100MHZ (IN)
                         net (fo=0)                   0.000     0.000    CLK100MHZ
    E3                   IBUF (Prop_ibuf_I_O)         0.250     0.250 r  CLK100MHZ_IBUF_inst/O
                         net (fo=1, routed)           0.644     0.894    CLK100MHZ_IBUF
    BUFGCTRL_X0Y16       BUFG (Prop_bufg_I_O)         0.026     0.920 r  CLK100MHZ_IBUF_BUFG_inst/O
                         net (fo=19, routed)          0.605     1.524    pc_display/CLK100MHZ_IBUF_BUFG
    SLICE_X0Y51          FDRE                                         r  pc_display/refresh_counter_reg[16]/C
  -------------------------------------------------------------------    -------------------
    SLICE_X0Y51          FDRE (Prop_fdre_C_Q)         0.141     1.665 r  pc_display/refresh_counter_reg[16]/Q
                         net (fo=19, routed)          0.496     2.161    pc_display/Q[0]
    SLICE_X2Y56          LUT3 (Prop_lut3_I1_O)        0.045     2.206 r  pc_display/AN_OBUF[2]_inst_i_1/O
                         net (fo=1, routed)           0.422     2.628    AN_OBUF[2]
    T9                   OBUF (Prop_obuf_I_O)         1.275     3.903 r  AN_OBUF[2]_inst/O
                         net (fo=0)                   0.000     3.903    AN[2]
    T9                                                                r  AN[2] (OUT)
  -------------------------------------------------------------------    -------------------

Slack:                    inf
  Source:                 pc_display/refresh_counter_reg[17]/C
                            (rising edge-triggered cell FDRE clocked by sys_clk_pin  {rise@0.000ns fall@5.000ns period=10.000ns})
  Destination:            AN[4]
                            (output port)
  Path Group:             (none)
  Path Type:              Min at Fast Process Corner
  Data Path Delay:        2.534ns  (logic 1.437ns (56.697%)  route 1.097ns (43.303%))
  Logic Levels:           2  (LUT3=1 OBUF=1)
  Clock Uncertainty:      0.025ns  ((TSJ^2 + TIJ^2)^1/2 + DJ) / 2 + PE
    Total System Jitter     (TSJ):    0.050ns
    Total Input Jitter      (TIJ):    0.000ns
    Discrete Jitter          (DJ):    0.000ns
    Phase Error              (PE):    0.000ns

    Location             Delay type                Incr(ns)  Path(ns)    Netlist Resource(s)
  -------------------------------------------------------------------    -------------------
                         (clock sys_clk_pin rise edge)
                                                      0.000     0.000 r  
    E3                                                0.000     0.000 r  CLK100MHZ (IN)
                         net (fo=0)                   0.000     0.000    CLK100MHZ
    E3                   IBUF (Prop_ibuf_I_O)         0.250     0.250 r  CLK100MHZ_IBUF_inst/O
                         net (fo=1, routed)           0.644     0.894    CLK100MHZ_IBUF
    BUFGCTRL_X0Y16       BUFG (Prop_bufg_I_O)         0.026     0.920 r  CLK100MHZ_IBUF_BUFG_inst/O
                         net (fo=19, routed)          0.605     1.524    pc_display/CLK100MHZ_IBUF_BUFG
    SLICE_X0Y52          FDRE                                         r  pc_display/refresh_counter_reg[17]/C
  -------------------------------------------------------------------    -------------------
    SLICE_X0Y52          FDRE (Prop_fdre_C_Q)         0.141     1.665 r  pc_display/refresh_counter_reg[17]/Q
                         net (fo=19, routed)          0.473     2.138    pc_display/Q[1]
    SLICE_X4Y56          LUT3 (Prop_lut3_I1_O)        0.045     2.183 r  pc_display/AN_OBUF[4]_inst_i_1/O
                         net (fo=1, routed)           0.625     2.808    AN_OBUF[4]
    P14                  OBUF (Prop_obuf_I_O)         1.251     4.058 r  AN_OBUF[4]_inst/O
                         net (fo=0)                   0.000     4.058    AN[4]
    P14                                                               r  AN[4] (OUT)
  -------------------------------------------------------------------    -------------------

Slack:                    inf
  Source:                 pc_display/refresh_counter_reg[18]/C
                            (rising edge-triggered cell FDRE clocked by sys_clk_pin  {rise@0.000ns fall@5.000ns period=10.000ns})
  Destination:            CA
                            (output port)
  Path Group:             (none)
  Path Type:              Min at Fast Process Corner
  Data Path Delay:        2.583ns  (logic 1.463ns (56.665%)  route 1.119ns (43.335%))
  Logic Levels:           2  (LUT6=1 OBUF=1)
  Clock Uncertainty:      0.025ns  ((TSJ^2 + TIJ^2)^1/2 + DJ) / 2 + PE
    Total System Jitter     (TSJ):    0.050ns
    Total Input Jitter      (TIJ):    0.000ns
    Discrete Jitter          (DJ):    0.000ns
    Phase Error              (PE):    0.000ns

    Location             Delay type                Incr(ns)  Path(ns)    Netlist Resource(s)
  -------------------------------------------------------------------    -------------------
                         (clock sys_clk_pin rise edge)
                                                      0.000     0.000 r  
    E3                                                0.000     0.000 r  CLK100MHZ (IN)
                         net (fo=0)                   0.000     0.000    CLK100MHZ
    E3                   IBUF (Prop_ibuf_I_O)         0.250     0.250 r  CLK100MHZ_IBUF_inst/O
                         net (fo=1, routed)           0.644     0.894    CLK100MHZ_IBUF
    BUFGCTRL_X0Y16       BUFG (Prop_bufg_I_O)         0.026     0.920 r  CLK100MHZ_IBUF_BUFG_inst/O
                         net (fo=19, routed)          0.605     1.524    pc_display/CLK100MHZ_IBUF_BUFG
    SLICE_X0Y52          FDRE                                         r  pc_display/refresh_counter_reg[18]/C
  -------------------------------------------------------------------    -------------------
    SLICE_X0Y52          FDRE (Prop_fdre_C_Q)         0.141     1.665 r  pc_display/refresh_counter_reg[18]/Q
                         net (fo=23, routed)          0.752     2.417    pc_display/Q[2]
    SLICE_X0Y57          LUT6 (Prop_lut6_I0_O)        0.045     2.462 r  pc_display/CA_OBUF_inst_i_1/O
                         net (fo=1, routed)           0.367     2.829    CA_OBUF
    T10                  OBUF (Prop_obuf_I_O)         1.277     4.107 r  CA_OBUF_inst/O
                         net (fo=0)                   0.000     4.107    CA
    T10                                                               r  CA (OUT)
  -------------------------------------------------------------------    -------------------

Slack:                    inf
  Source:                 pc_display/refresh_counter_reg[18]/C
                            (rising edge-triggered cell FDRE clocked by sys_clk_pin  {rise@0.000ns fall@5.000ns period=10.000ns})
  Destination:            CB
                            (output port)
  Path Group:             (none)
  Path Type:              Min at Fast Process Corner
  Data Path Delay:        2.633ns  (logic 1.442ns (54.769%)  route 1.191ns (45.231%))
  Logic Levels:           2  (LUT6=1 OBUF=1)
  Clock Uncertainty:      0.025ns  ((TSJ^2 + TIJ^2)^1/2 + DJ) / 2 + PE
    Total System Jitter     (TSJ):    0.050ns
    Total Input Jitter      (TIJ):    0.000ns
    Discrete Jitter          (DJ):    0.000ns
    Phase Error              (PE):    0.000ns

    Location             Delay type                Incr(ns)  Path(ns)    Netlist Resource(s)
  -------------------------------------------------------------------    -------------------
                         (clock sys_clk_pin rise edge)
                                                      0.000     0.000 r  
    E3                                                0.000     0.000 r  CLK100MHZ (IN)
                         net (fo=0)                   0.000     0.000    CLK100MHZ
    E3                   IBUF (Prop_ibuf_I_O)         0.250     0.250 r  CLK100MHZ_IBUF_inst/O
                         net (fo=1, routed)           0.644     0.894    CLK100MHZ_IBUF
    BUFGCTRL_X0Y16       BUFG (Prop_bufg_I_O)         0.026     0.920 r  CLK100MHZ_IBUF_BUFG_inst/O
                         net (fo=19, routed)          0.605     1.524    pc_display/CLK100MHZ_IBUF_BUFG
    SLICE_X0Y52          FDRE                                         r  pc_display/refresh_counter_reg[18]/C
  -------------------------------------------------------------------    -------------------
    SLICE_X0Y52          FDRE (Prop_fdre_C_Q)         0.141     1.665 f  pc_display/refresh_counter_reg[18]/Q
                         net (fo=23, routed)          0.763     2.429    pc_display/Q[2]
    SLICE_X0Y57          LUT6 (Prop_lut6_I0_O)        0.045     2.474 r  pc_display/CB_OBUF_inst_i_1/O
                         net (fo=1, routed)           0.428     2.901    CB_OBUF
    R10                  OBUF (Prop_obuf_I_O)         1.256     4.157 r  CB_OBUF_inst/O
                         net (fo=0)                   0.000     4.157    CB
    R10                                                               r  CB (OUT)
  -------------------------------------------------------------------    -------------------

Slack:                    inf
  Source:                 pc_display/refresh_counter_reg[18]/C
                            (rising edge-triggered cell FDRE clocked by sys_clk_pin  {rise@0.000ns fall@5.000ns period=10.000ns})
  Destination:            CF
                            (output port)
  Path Group:             (none)
  Path Type:              Min at Fast Process Corner
  Data Path Delay:        2.637ns  (logic 1.447ns (54.873%)  route 1.190ns (45.127%))
  Logic Levels:           2  (LUT6=1 OBUF=1)
  Clock Uncertainty:      0.025ns  ((TSJ^2 + TIJ^2)^1/2 + DJ) / 2 + PE
    Total System Jitter     (TSJ):    0.050ns
    Total Input Jitter      (TIJ):    0.000ns
    Discrete Jitter          (DJ):    0.000ns
    Phase Error              (PE):    0.000ns

    Location             Delay type                Incr(ns)  Path(ns)    Netlist Resource(s)
  -------------------------------------------------------------------    -------------------
                         (clock sys_clk_pin rise edge)
                                                      0.000     0.000 r  
    E3                                                0.000     0.000 r  CLK100MHZ (IN)
                         net (fo=0)                   0.000     0.000    CLK100MHZ
    E3                   IBUF (Prop_ibuf_I_O)         0.250     0.250 r  CLK100MHZ_IBUF_inst/O
                         net (fo=1, routed)           0.644     0.894    CLK100MHZ_IBUF
    BUFGCTRL_X0Y16       BUFG (Prop_bufg_I_O)         0.026     0.920 r  CLK100MHZ_IBUF_BUFG_inst/O
                         net (fo=19, routed)          0.605     1.524    pc_display/CLK100MHZ_IBUF_BUFG
    SLICE_X0Y52          FDRE                                         r  pc_display/refresh_counter_reg[18]/C
  -------------------------------------------------------------------    -------------------
    SLICE_X0Y52          FDRE (Prop_fdre_C_Q)         0.141     1.665 r  pc_display/refresh_counter_reg[18]/Q
                         net (fo=23, routed)          0.832     2.498    pc_display/Q[2]
    SLICE_X0Y57          LUT6 (Prop_lut6_I0_O)        0.045     2.543 r  pc_display/CF_OBUF_inst_i_1/O
                         net (fo=1, routed)           0.358     2.901    CF_OBUF
    T11                  OBUF (Prop_obuf_I_O)         1.261     4.162 r  CF_OBUF_inst/O
                         net (fo=0)                   0.000     4.162    CF
    T11                                                               r  CF (OUT)
  -------------------------------------------------------------------    -------------------

Slack:                    inf
  Source:                 pc_display/refresh_counter_reg[18]/C
                            (rising edge-triggered cell FDRE clocked by sys_clk_pin  {rise@0.000ns fall@5.000ns period=10.000ns})
  Destination:            CE
                            (output port)
  Path Group:             (none)
  Path Type:              Min at Fast Process Corner
  Data Path Delay:        2.746ns  (logic 1.420ns (51.718%)  route 1.326ns (48.282%))
  Logic Levels:           2  (LUT6=1 OBUF=1)
  Clock Uncertainty:      0.025ns  ((TSJ^2 + TIJ^2)^1/2 + DJ) / 2 + PE
    Total System Jitter     (TSJ):    0.050ns
    Total Input Jitter      (TIJ):    0.000ns
    Discrete Jitter          (DJ):    0.000ns
    Phase Error              (PE):    0.000ns

    Location             Delay type                Incr(ns)  Path(ns)    Netlist Resource(s)
  -------------------------------------------------------------------    -------------------
                         (clock sys_clk_pin rise edge)
                                                      0.000     0.000 r  
    E3                                                0.000     0.000 r  CLK100MHZ (IN)
                         net (fo=0)                   0.000     0.000    CLK100MHZ
    E3                   IBUF (Prop_ibuf_I_O)         0.250     0.250 r  CLK100MHZ_IBUF_inst/O
                         net (fo=1, routed)           0.644     0.894    CLK100MHZ_IBUF
    BUFGCTRL_X0Y16       BUFG (Prop_bufg_I_O)         0.026     0.920 r  CLK100MHZ_IBUF_BUFG_inst/O
                         net (fo=19, routed)          0.605     1.524    pc_display/CLK100MHZ_IBUF_BUFG
    SLICE_X0Y52          FDRE                                         r  pc_display/refresh_counter_reg[18]/C
  -------------------------------------------------------------------    -------------------
    SLICE_X0Y52          FDRE (Prop_fdre_C_Q)         0.141     1.665 f  pc_display/refresh_counter_reg[18]/Q
                         net (fo=23, routed)          0.747     2.413    pc_display/Q[2]
    SLICE_X0Y58          LUT6 (Prop_lut6_I0_O)        0.045     2.458 r  pc_display/CE_OBUF_inst_i_1/O
                         net (fo=1, routed)           0.579     3.036    CE_OBUF
    P15                  OBUF (Prop_obuf_I_O)         1.234     4.271 r  CE_OBUF_inst/O
                         net (fo=0)                   0.000     4.271    CE
    P15                                                               r  CE (OUT)
  -------------------------------------------------------------------    -------------------

Slack:                    inf
  Source:                 pc_display/refresh_counter_reg[16]/C
                            (rising edge-triggered cell FDRE clocked by sys_clk_pin  {rise@0.000ns fall@5.000ns period=10.000ns})
  Destination:            AN[1]
                            (output port)
  Path Group:             (none)
  Path Type:              Min at Fast Process Corner
  Data Path Delay:        2.779ns  (logic 1.422ns (51.192%)  route 1.356ns (48.808%))
  Logic Levels:           2  (LUT3=1 OBUF=1)
  Clock Uncertainty:      0.025ns  ((TSJ^2 + TIJ^2)^1/2 + DJ) / 2 + PE
    Total System Jitter     (TSJ):    0.050ns
    Total Input Jitter      (TIJ):    0.000ns
    Discrete Jitter          (DJ):    0.000ns
    Phase Error              (PE):    0.000ns

    Location             Delay type                Incr(ns)  Path(ns)    Netlist Resource(s)
  -------------------------------------------------------------------    -------------------
                         (clock sys_clk_pin rise edge)
                                                      0.000     0.000 r  
    E3                                                0.000     0.000 r  CLK100MHZ (IN)
                         net (fo=0)                   0.000     0.000    CLK100MHZ
    E3                   IBUF (Prop_ibuf_I_O)         0.250     0.250 r  CLK100MHZ_IBUF_inst/O
                         net (fo=1, routed)           0.644     0.894    CLK100MHZ_IBUF
    BUFGCTRL_X0Y16       BUFG (Prop_bufg_I_O)         0.026     0.920 r  CLK100MHZ_IBUF_BUFG_inst/O
                         net (fo=19, routed)          0.605     1.524    pc_display/CLK100MHZ_IBUF_BUFG
    SLICE_X0Y51          FDRE                                         r  pc_display/refresh_counter_reg[16]/C
  -------------------------------------------------------------------    -------------------
    SLICE_X0Y51          FDRE (Prop_fdre_C_Q)         0.141     1.665 f  pc_display/refresh_counter_reg[16]/Q
                         net (fo=19, routed)          0.655     2.321    pc_display/Q[0]
    SLICE_X1Y57          LUT3 (Prop_lut3_I0_O)        0.045     2.366 r  pc_display/AN_OBUF[1]_inst_i_1/O
                         net (fo=1, routed)           0.701     3.067    AN_OBUF[1]
    J18                  OBUF (Prop_obuf_I_O)         1.236     4.303 r  AN_OBUF[1]_inst/O
                         net (fo=0)                   0.000     4.303    AN[1]
    J18                                                               r  AN[1] (OUT)
  -------------------------------------------------------------------    -------------------

Slack:                    inf
  Source:                 pc_display/refresh_counter_reg[18]/C
                            (rising edge-triggered cell FDRE clocked by sys_clk_pin  {rise@0.000ns fall@5.000ns period=10.000ns})
  Destination:            CC
                            (output port)
  Path Group:             (none)
  Path Type:              Min at Fast Process Corner
  Data Path Delay:        2.806ns  (logic 1.380ns (49.195%)  route 1.426ns (50.805%))
  Logic Levels:           2  (LUT6=1 OBUF=1)
  Clock Uncertainty:      0.025ns  ((TSJ^2 + TIJ^2)^1/2 + DJ) / 2 + PE
    Total System Jitter     (TSJ):    0.050ns
    Total Input Jitter      (TIJ):    0.000ns
    Discrete Jitter          (DJ):    0.000ns
    Phase Error              (PE):    0.000ns

    Location             Delay type                Incr(ns)  Path(ns)    Netlist Resource(s)
  -------------------------------------------------------------------    -------------------
                         (clock sys_clk_pin rise edge)
                                                      0.000     0.000 r  
    E3                                                0.000     0.000 r  CLK100MHZ (IN)
                         net (fo=0)                   0.000     0.000    CLK100MHZ
    E3                   IBUF (Prop_ibuf_I_O)         0.250     0.250 r  CLK100MHZ_IBUF_inst/O
                         net (fo=1, routed)           0.644     0.894    CLK100MHZ_IBUF
    BUFGCTRL_X0Y16       BUFG (Prop_bufg_I_O)         0.026     0.920 r  CLK100MHZ_IBUF_BUFG_inst/O
                         net (fo=19, routed)          0.605     1.524    pc_display/CLK100MHZ_IBUF_BUFG
    SLICE_X0Y52          FDRE                                         r  pc_display/refresh_counter_reg[18]/C
  -------------------------------------------------------------------    -------------------
    SLICE_X0Y52          FDRE (Prop_fdre_C_Q)         0.141     1.665 r  pc_display/refresh_counter_reg[18]/Q
                         net (fo=23, routed)          0.618     2.284    pc_display/Q[2]
    SLICE_X0Y58          LUT6 (Prop_lut6_I0_O)        0.045     2.329 r  pc_display/CC_OBUF_inst_i_1/O
                         net (fo=1, routed)           0.807     3.136    CC_OBUF
    K16                  OBUF (Prop_obuf_I_O)         1.194     4.330 r  CC_OBUF_inst/O
                         net (fo=0)                   0.000     4.330    CC
    K16                                                               r  CC (OUT)
  -------------------------------------------------------------------    -------------------

Slack:                    inf
  Source:                 pc_display/refresh_counter_reg[18]/C
                            (rising edge-triggered cell FDRE clocked by sys_clk_pin  {rise@0.000ns fall@5.000ns period=10.000ns})
  Destination:            CG
                            (output port)
  Path Group:             (none)
  Path Type:              Min at Fast Process Corner
  Data Path Delay:        2.975ns  (logic 1.424ns (47.865%)  route 1.551ns (52.135%))
  Logic Levels:           2  (LUT6=1 OBUF=1)
  Clock Uncertainty:      0.025ns  ((TSJ^2 + TIJ^2)^1/2 + DJ) / 2 + PE
    Total System Jitter     (TSJ):    0.050ns
    Total Input Jitter      (TIJ):    0.000ns
    Discrete Jitter          (DJ):    0.000ns
    Phase Error              (PE):    0.000ns

    Location             Delay type                Incr(ns)  Path(ns)    Netlist Resource(s)
  -------------------------------------------------------------------    -------------------
                         (clock sys_clk_pin rise edge)
                                                      0.000     0.000 r  
    E3                                                0.000     0.000 r  CLK100MHZ (IN)
                         net (fo=0)                   0.000     0.000    CLK100MHZ
    E3                   IBUF (Prop_ibuf_I_O)         0.250     0.250 r  CLK100MHZ_IBUF_inst/O
                         net (fo=1, routed)           0.644     0.894    CLK100MHZ_IBUF
    BUFGCTRL_X0Y16       BUFG (Prop_bufg_I_O)         0.026     0.920 r  CLK100MHZ_IBUF_BUFG_inst/O
                         net (fo=19, routed)          0.605     1.524    pc_display/CLK100MHZ_IBUF_BUFG
    SLICE_X0Y52          FDRE                                         r  pc_display/refresh_counter_reg[18]/C
  -------------------------------------------------------------------    -------------------
    SLICE_X0Y52          FDRE (Prop_fdre_C_Q)         0.141     1.665 r  pc_display/refresh_counter_reg[18]/Q
                         net (fo=23, routed)          0.745     2.410    pc_display/Q[2]
    SLICE_X0Y58          LUT6 (Prop_lut6_I0_O)        0.045     2.455 r  pc_display/CG_OBUF_inst_i_1/O
                         net (fo=1, routed)           0.806     3.261    CG_OBUF
    L18                  OBUF (Prop_obuf_I_O)         1.238     4.500 r  CG_OBUF_inst/O
                         net (fo=0)                   0.000     4.500    CG
    L18                                                               r  CG (OUT)
  -------------------------------------------------------------------    -------------------

Slack:                    inf
  Source:                 pc_display/refresh_counter_reg[16]/C
                            (rising edge-triggered cell FDRE clocked by sys_clk_pin  {rise@0.000ns fall@5.000ns period=10.000ns})
  Destination:            AN[0]
                            (output port)
  Path Group:             (none)
  Path Type:              Min at Fast Process Corner
  Data Path Delay:        3.128ns  (logic 1.485ns (47.483%)  route 1.643ns (52.517%))
  Logic Levels:           2  (LUT3=1 OBUF=1)
  Clock Uncertainty:      0.025ns  ((TSJ^2 + TIJ^2)^1/2 + DJ) / 2 + PE
    Total System Jitter     (TSJ):    0.050ns
    Total Input Jitter      (TIJ):    0.000ns
    Discrete Jitter          (DJ):    0.000ns
    Phase Error              (PE):    0.000ns

    Location             Delay type                Incr(ns)  Path(ns)    Netlist Resource(s)
  -------------------------------------------------------------------    -------------------
                         (clock sys_clk_pin rise edge)
                                                      0.000     0.000 r  
    E3                                                0.000     0.000 r  CLK100MHZ (IN)
                         net (fo=0)                   0.000     0.000    CLK100MHZ
    E3                   IBUF (Prop_ibuf_I_O)         0.250     0.250 r  CLK100MHZ_IBUF_inst/O
                         net (fo=1, routed)           0.644     0.894    CLK100MHZ_IBUF
    BUFGCTRL_X0Y16       BUFG (Prop_bufg_I_O)         0.026     0.920 r  CLK100MHZ_IBUF_BUFG_inst/O
                         net (fo=19, routed)          0.605     1.524    pc_display/CLK100MHZ_IBUF_BUFG
    SLICE_X0Y51          FDRE                                         r  pc_display/refresh_counter_reg[16]/C
  -------------------------------------------------------------------    -------------------
    SLICE_X0Y51          FDRE (Prop_fdre_C_Q)         0.141     1.665 r  pc_display/refresh_counter_reg[16]/Q
                         net (fo=19, routed)          0.655     2.321    pc_display/Q[0]
    SLICE_X1Y57          LUT3 (Prop_lut3_I0_O)        0.046     2.367 r  pc_display/AN_OBUF[0]_inst_i_1/O
                         net (fo=1, routed)           0.987     3.354    AN_OBUF[0]
    J17                  OBUF (Prop_obuf_I_O)         1.298     4.652 r  AN_OBUF[0]_inst/O
                         net (fo=0)                   0.000     4.652    AN[0]
    J17                                                               r  AN[0] (OUT)
  -------------------------------------------------------------------    -------------------





