
*** Running vivado
    with args -log nexys_a7_top.vdi -applog -m64 -product Vivado -messageDb vivado.pb -mode batch -source nexys_a7_top.tcl -notrace



****** Vivado v2025.2 (64-bit)
  **** SW Build 6299465 on Fri Nov 14 19:35:11 GMT 2025
  **** IP Build 6300035 on Fri Nov 14 10:48:45 MST 2025
  **** SharedData Build 6298862 on Thu Nov 13 04:50:51 MST 2025
  **** Start of session at: Tue Apr 21 20:42:38 2026
    ** Copyright 1986-2022 Xilinx, Inc. All Rights Reserved.
    ** Copyright 2022-2025 Advanced Micro Devices, Inc. All Rights Reserved.

source nexys_a7_top.tcl -notrace
create_project: Time (s): cpu = 00:00:12 ; elapsed = 00:00:09 . Memory (MB): peak = 534.105 ; gain = 220.398
Command: link_design -top nexys_a7_top -part xc7a100tcsg324-1
Design is defaulting to srcset: sources_1
Design is defaulting to constrset: constrs_1
INFO: [Device 21-403] Loading part xc7a100tcsg324-1
INFO: [Project 1-5699] Read binary netlist with skipMacroContent - 1
INFO: [Project 1-454] Reading design checkpoint 'd:/Development/School/computer_arch/cpu_project/nexys-a7/nexys-a7.gen/sources_1/ip/clk_64_mhz/clk_64_mhz.dcp' for cell 'clk_64'
Netlist sorting complete. Time (s): cpu = 00:00:00 ; elapsed = 00:00:00.009 . Memory (MB): peak = 773.762 ; gain = 0.000
INFO: [Netlist 29-17] Analyzing 167 Unisim elements for replacement
INFO: [Netlist 29-28] Unisim Transformation completed in 0 CPU seconds
INFO: [Project 1-479] Netlist was created with Vivado 2025.2
INFO: [Project 1-570] Preparing netlist for logic optimization
Parsing XDC File [d:/Development/School/computer_arch/cpu_project/nexys-a7/nexys-a7.gen/sources_1/ip/clk_64_mhz/clk_64_mhz_board.xdc] for cell 'clk_64/inst'
Finished Parsing XDC File [d:/Development/School/computer_arch/cpu_project/nexys-a7/nexys-a7.gen/sources_1/ip/clk_64_mhz/clk_64_mhz_board.xdc] for cell 'clk_64/inst'
Parsing XDC File [d:/Development/School/computer_arch/cpu_project/nexys-a7/nexys-a7.gen/sources_1/ip/clk_64_mhz/clk_64_mhz.xdc] for cell 'clk_64/inst'
INFO: [Timing 38-35] Done setting XDC timing constraints. [d:/Development/School/computer_arch/cpu_project/nexys-a7/nexys-a7.gen/sources_1/ip/clk_64_mhz/clk_64_mhz.xdc:54]
INFO: [Timing 38-2] Deriving generated clocks [d:/Development/School/computer_arch/cpu_project/nexys-a7/nexys-a7.gen/sources_1/ip/clk_64_mhz/clk_64_mhz.xdc:54]
get_clocks: Time (s): cpu = 00:00:07 ; elapsed = 00:00:07 . Memory (MB): peak = 1459.422 ; gain = 556.559
Finished Parsing XDC File [d:/Development/School/computer_arch/cpu_project/nexys-a7/nexys-a7.gen/sources_1/ip/clk_64_mhz/clk_64_mhz.xdc] for cell 'clk_64/inst'
Parsing XDC File [D:/Development/School/computer_arch/cpu_project/nexys-a7/nexys-a7.srcs/constrs_1/imports/digital_systems/Nexys-A7-100T-Master.xdc]
WARNING: [Vivado 12-584] No ports matched 'SW[4]'. [D:/Development/School/computer_arch/cpu_project/nexys-a7/nexys-a7.srcs/constrs_1/imports/digital_systems/Nexys-A7-100T-Master.xdc:22]
CRITICAL WARNING: [Common 17-55] 'set_property' expects at least one object. [D:/Development/School/computer_arch/cpu_project/nexys-a7/nexys-a7.srcs/constrs_1/imports/digital_systems/Nexys-A7-100T-Master.xdc:22]
Resolution: If [get_<value>] was used to populate the object, check to make sure this command returns at least one valid object.
WARNING: [Vivado 12-584] No ports matched 'SW[5]'. [D:/Development/School/computer_arch/cpu_project/nexys-a7/nexys-a7.srcs/constrs_1/imports/digital_systems/Nexys-A7-100T-Master.xdc:23]
CRITICAL WARNING: [Common 17-55] 'set_property' expects at least one object. [D:/Development/School/computer_arch/cpu_project/nexys-a7/nexys-a7.srcs/constrs_1/imports/digital_systems/Nexys-A7-100T-Master.xdc:23]
Resolution: If [get_<value>] was used to populate the object, check to make sure this command returns at least one valid object.
WARNING: [Vivado 12-584] No ports matched 'SW[6]'. [D:/Development/School/computer_arch/cpu_project/nexys-a7/nexys-a7.srcs/constrs_1/imports/digital_systems/Nexys-A7-100T-Master.xdc:24]
CRITICAL WARNING: [Common 17-55] 'set_property' expects at least one object. [D:/Development/School/computer_arch/cpu_project/nexys-a7/nexys-a7.srcs/constrs_1/imports/digital_systems/Nexys-A7-100T-Master.xdc:24]
Resolution: If [get_<value>] was used to populate the object, check to make sure this command returns at least one valid object.
WARNING: [Vivado 12-584] No ports matched 'SW[7]'. [D:/Development/School/computer_arch/cpu_project/nexys-a7/nexys-a7.srcs/constrs_1/imports/digital_systems/Nexys-A7-100T-Master.xdc:25]
CRITICAL WARNING: [Common 17-55] 'set_property' expects at least one object. [D:/Development/School/computer_arch/cpu_project/nexys-a7/nexys-a7.srcs/constrs_1/imports/digital_systems/Nexys-A7-100T-Master.xdc:25]
Resolution: If [get_<value>] was used to populate the object, check to make sure this command returns at least one valid object.
WARNING: [Vivado 12-584] No ports matched 'SW[8]'. [D:/Development/School/computer_arch/cpu_project/nexys-a7/nexys-a7.srcs/constrs_1/imports/digital_systems/Nexys-A7-100T-Master.xdc:26]
CRITICAL WARNING: [Common 17-55] 'set_property' expects at least one object. [D:/Development/School/computer_arch/cpu_project/nexys-a7/nexys-a7.srcs/constrs_1/imports/digital_systems/Nexys-A7-100T-Master.xdc:26]
Resolution: If [get_<value>] was used to populate the object, check to make sure this command returns at least one valid object.
WARNING: [Vivado 12-584] No ports matched 'SW[9]'. [D:/Development/School/computer_arch/cpu_project/nexys-a7/nexys-a7.srcs/constrs_1/imports/digital_systems/Nexys-A7-100T-Master.xdc:27]
CRITICAL WARNING: [Common 17-55] 'set_property' expects at least one object. [D:/Development/School/computer_arch/cpu_project/nexys-a7/nexys-a7.srcs/constrs_1/imports/digital_systems/Nexys-A7-100T-Master.xdc:27]
Resolution: If [get_<value>] was used to populate the object, check to make sure this command returns at least one valid object.
WARNING: [Vivado 12-584] No ports matched 'SW[10]'. [D:/Development/School/computer_arch/cpu_project/nexys-a7/nexys-a7.srcs/constrs_1/imports/digital_systems/Nexys-A7-100T-Master.xdc:28]
CRITICAL WARNING: [Common 17-55] 'set_property' expects at least one object. [D:/Development/School/computer_arch/cpu_project/nexys-a7/nexys-a7.srcs/constrs_1/imports/digital_systems/Nexys-A7-100T-Master.xdc:28]
Resolution: If [get_<value>] was used to populate the object, check to make sure this command returns at least one valid object.
WARNING: [Vivado 12-584] No ports matched 'SW[11]'. [D:/Development/School/computer_arch/cpu_project/nexys-a7/nexys-a7.srcs/constrs_1/imports/digital_systems/Nexys-A7-100T-Master.xdc:29]
CRITICAL WARNING: [Common 17-55] 'set_property' expects at least one object. [D:/Development/School/computer_arch/cpu_project/nexys-a7/nexys-a7.srcs/constrs_1/imports/digital_systems/Nexys-A7-100T-Master.xdc:29]
Resolution: If [get_<value>] was used to populate the object, check to make sure this command returns at least one valid object.
WARNING: [Vivado 12-584] No ports matched 'SW[12]'. [D:/Development/School/computer_arch/cpu_project/nexys-a7/nexys-a7.srcs/constrs_1/imports/digital_systems/Nexys-A7-100T-Master.xdc:30]
CRITICAL WARNING: [Common 17-55] 'set_property' expects at least one object. [D:/Development/School/computer_arch/cpu_project/nexys-a7/nexys-a7.srcs/constrs_1/imports/digital_systems/Nexys-A7-100T-Master.xdc:30]
Resolution: If [get_<value>] was used to populate the object, check to make sure this command returns at least one valid object.
WARNING: [Vivado 12-584] No ports matched 'SW[13]'. [D:/Development/School/computer_arch/cpu_project/nexys-a7/nexys-a7.srcs/constrs_1/imports/digital_systems/Nexys-A7-100T-Master.xdc:31]
CRITICAL WARNING: [Common 17-55] 'set_property' expects at least one object. [D:/Development/School/computer_arch/cpu_project/nexys-a7/nexys-a7.srcs/constrs_1/imports/digital_systems/Nexys-A7-100T-Master.xdc:31]
Resolution: If [get_<value>] was used to populate the object, check to make sure this command returns at least one valid object.
WARNING: [Vivado 12-584] No ports matched 'SW[14]'. [D:/Development/School/computer_arch/cpu_project/nexys-a7/nexys-a7.srcs/constrs_1/imports/digital_systems/Nexys-A7-100T-Master.xdc:32]
CRITICAL WARNING: [Common 17-55] 'set_property' expects at least one object. [D:/Development/School/computer_arch/cpu_project/nexys-a7/nexys-a7.srcs/constrs_1/imports/digital_systems/Nexys-A7-100T-Master.xdc:32]
Resolution: If [get_<value>] was used to populate the object, check to make sure this command returns at least one valid object.
WARNING: [Vivado 12-584] No ports matched 'SW[15]'. [D:/Development/School/computer_arch/cpu_project/nexys-a7/nexys-a7.srcs/constrs_1/imports/digital_systems/Nexys-A7-100T-Master.xdc:33]
CRITICAL WARNING: [Common 17-55] 'set_property' expects at least one object. [D:/Development/School/computer_arch/cpu_project/nexys-a7/nexys-a7.srcs/constrs_1/imports/digital_systems/Nexys-A7-100T-Master.xdc:33]
Resolution: If [get_<value>] was used to populate the object, check to make sure this command returns at least one valid object.
WARNING: [Vivado 12-584] No ports matched 'CA'. [D:/Development/School/computer_arch/cpu_project/nexys-a7/nexys-a7.srcs/constrs_1/imports/digital_systems/Nexys-A7-100T-Master.xdc:62]
CRITICAL WARNING: [Common 17-55] 'set_property' expects at least one object. [D:/Development/School/computer_arch/cpu_project/nexys-a7/nexys-a7.srcs/constrs_1/imports/digital_systems/Nexys-A7-100T-Master.xdc:62]
Resolution: If [get_<value>] was used to populate the object, check to make sure this command returns at least one valid object.
WARNING: [Vivado 12-584] No ports matched 'CB'. [D:/Development/School/computer_arch/cpu_project/nexys-a7/nexys-a7.srcs/constrs_1/imports/digital_systems/Nexys-A7-100T-Master.xdc:63]
CRITICAL WARNING: [Common 17-55] 'set_property' expects at least one object. [D:/Development/School/computer_arch/cpu_project/nexys-a7/nexys-a7.srcs/constrs_1/imports/digital_systems/Nexys-A7-100T-Master.xdc:63]
Resolution: If [get_<value>] was used to populate the object, check to make sure this command returns at least one valid object.
WARNING: [Vivado 12-584] No ports matched 'CC'. [D:/Development/School/computer_arch/cpu_project/nexys-a7/nexys-a7.srcs/constrs_1/imports/digital_systems/Nexys-A7-100T-Master.xdc:64]
CRITICAL WARNING: [Common 17-55] 'set_property' expects at least one object. [D:/Development/School/computer_arch/cpu_project/nexys-a7/nexys-a7.srcs/constrs_1/imports/digital_systems/Nexys-A7-100T-Master.xdc:64]
Resolution: If [get_<value>] was used to populate the object, check to make sure this command returns at least one valid object.
WARNING: [Vivado 12-584] No ports matched 'CD'. [D:/Development/School/computer_arch/cpu_project/nexys-a7/nexys-a7.srcs/constrs_1/imports/digital_systems/Nexys-A7-100T-Master.xdc:65]
CRITICAL WARNING: [Common 17-55] 'set_property' expects at least one object. [D:/Development/School/computer_arch/cpu_project/nexys-a7/nexys-a7.srcs/constrs_1/imports/digital_systems/Nexys-A7-100T-Master.xdc:65]
Resolution: If [get_<value>] was used to populate the object, check to make sure this command returns at least one valid object.
WARNING: [Vivado 12-584] No ports matched 'CE'. [D:/Development/School/computer_arch/cpu_project/nexys-a7/nexys-a7.srcs/constrs_1/imports/digital_systems/Nexys-A7-100T-Master.xdc:66]
CRITICAL WARNING: [Common 17-55] 'set_property' expects at least one object. [D:/Development/School/computer_arch/cpu_project/nexys-a7/nexys-a7.srcs/constrs_1/imports/digital_systems/Nexys-A7-100T-Master.xdc:66]
Resolution: If [get_<value>] was used to populate the object, check to make sure this command returns at least one valid object.
WARNING: [Vivado 12-584] No ports matched 'CF'. [D:/Development/School/computer_arch/cpu_project/nexys-a7/nexys-a7.srcs/constrs_1/imports/digital_systems/Nexys-A7-100T-Master.xdc:67]
CRITICAL WARNING: [Common 17-55] 'set_property' expects at least one object. [D:/Development/School/computer_arch/cpu_project/nexys-a7/nexys-a7.srcs/constrs_1/imports/digital_systems/Nexys-A7-100T-Master.xdc:67]
Resolution: If [get_<value>] was used to populate the object, check to make sure this command returns at least one valid object.
WARNING: [Vivado 12-584] No ports matched 'CG'. [D:/Development/School/computer_arch/cpu_project/nexys-a7/nexys-a7.srcs/constrs_1/imports/digital_systems/Nexys-A7-100T-Master.xdc:68]
CRITICAL WARNING: [Common 17-55] 'set_property' expects at least one object. [D:/Development/School/computer_arch/cpu_project/nexys-a7/nexys-a7.srcs/constrs_1/imports/digital_systems/Nexys-A7-100T-Master.xdc:68]
Resolution: If [get_<value>] was used to populate the object, check to make sure this command returns at least one valid object.
WARNING: [Vivado 12-584] No ports matched 'DP'. [D:/Development/School/computer_arch/cpu_project/nexys-a7/nexys-a7.srcs/constrs_1/imports/digital_systems/Nexys-A7-100T-Master.xdc:69]
CRITICAL WARNING: [Common 17-55] 'set_property' expects at least one object. [D:/Development/School/computer_arch/cpu_project/nexys-a7/nexys-a7.srcs/constrs_1/imports/digital_systems/Nexys-A7-100T-Master.xdc:69]
Resolution: If [get_<value>] was used to populate the object, check to make sure this command returns at least one valid object.
WARNING: [Vivado 12-584] No ports matched 'AN[0]'. [D:/Development/School/computer_arch/cpu_project/nexys-a7/nexys-a7.srcs/constrs_1/imports/digital_systems/Nexys-A7-100T-Master.xdc:70]
CRITICAL WARNING: [Common 17-55] 'set_property' expects at least one object. [D:/Development/School/computer_arch/cpu_project/nexys-a7/nexys-a7.srcs/constrs_1/imports/digital_systems/Nexys-A7-100T-Master.xdc:70]
Resolution: If [get_<value>] was used to populate the object, check to make sure this command returns at least one valid object.
WARNING: [Vivado 12-584] No ports matched 'AN[1]'. [D:/Development/School/computer_arch/cpu_project/nexys-a7/nexys-a7.srcs/constrs_1/imports/digital_systems/Nexys-A7-100T-Master.xdc:71]
CRITICAL WARNING: [Common 17-55] 'set_property' expects at least one object. [D:/Development/School/computer_arch/cpu_project/nexys-a7/nexys-a7.srcs/constrs_1/imports/digital_systems/Nexys-A7-100T-Master.xdc:71]
Resolution: If [get_<value>] was used to populate the object, check to make sure this command returns at least one valid object.
WARNING: [Vivado 12-584] No ports matched 'AN[2]'. [D:/Development/School/computer_arch/cpu_project/nexys-a7/nexys-a7.srcs/constrs_1/imports/digital_systems/Nexys-A7-100T-Master.xdc:72]
CRITICAL WARNING: [Common 17-55] 'set_property' expects at least one object. [D:/Development/School/computer_arch/cpu_project/nexys-a7/nexys-a7.srcs/constrs_1/imports/digital_systems/Nexys-A7-100T-Master.xdc:72]
Resolution: If [get_<value>] was used to populate the object, check to make sure this command returns at least one valid object.
WARNING: [Vivado 12-584] No ports matched 'AN[3]'. [D:/Development/School/computer_arch/cpu_project/nexys-a7/nexys-a7.srcs/constrs_1/imports/digital_systems/Nexys-A7-100T-Master.xdc:73]
CRITICAL WARNING: [Common 17-55] 'set_property' expects at least one object. [D:/Development/School/computer_arch/cpu_project/nexys-a7/nexys-a7.srcs/constrs_1/imports/digital_systems/Nexys-A7-100T-Master.xdc:73]
Resolution: If [get_<value>] was used to populate the object, check to make sure this command returns at least one valid object.
WARNING: [Vivado 12-584] No ports matched 'AN[4]'. [D:/Development/School/computer_arch/cpu_project/nexys-a7/nexys-a7.srcs/constrs_1/imports/digital_systems/Nexys-A7-100T-Master.xdc:74]
CRITICAL WARNING: [Common 17-55] 'set_property' expects at least one object. [D:/Development/School/computer_arch/cpu_project/nexys-a7/nexys-a7.srcs/constrs_1/imports/digital_systems/Nexys-A7-100T-Master.xdc:74]
Resolution: If [get_<value>] was used to populate the object, check to make sure this command returns at least one valid object.
WARNING: [Vivado 12-584] No ports matched 'AN[5]'. [D:/Development/School/computer_arch/cpu_project/nexys-a7/nexys-a7.srcs/constrs_1/imports/digital_systems/Nexys-A7-100T-Master.xdc:75]
CRITICAL WARNING: [Common 17-55] 'set_property' expects at least one object. [D:/Development/School/computer_arch/cpu_project/nexys-a7/nexys-a7.srcs/constrs_1/imports/digital_systems/Nexys-A7-100T-Master.xdc:75]
Resolution: If [get_<value>] was used to populate the object, check to make sure this command returns at least one valid object.
WARNING: [Vivado 12-584] No ports matched 'AN[6]'. [D:/Development/School/computer_arch/cpu_project/nexys-a7/nexys-a7.srcs/constrs_1/imports/digital_systems/Nexys-A7-100T-Master.xdc:76]
CRITICAL WARNING: [Common 17-55] 'set_property' expects at least one object. [D:/Development/School/computer_arch/cpu_project/nexys-a7/nexys-a7.srcs/constrs_1/imports/digital_systems/Nexys-A7-100T-Master.xdc:76]
Resolution: If [get_<value>] was used to populate the object, check to make sure this command returns at least one valid object.
WARNING: [Vivado 12-584] No ports matched 'AN[7]'. [D:/Development/School/computer_arch/cpu_project/nexys-a7/nexys-a7.srcs/constrs_1/imports/digital_systems/Nexys-A7-100T-Master.xdc:77]
CRITICAL WARNING: [Common 17-55] 'set_property' expects at least one object. [D:/Development/School/computer_arch/cpu_project/nexys-a7/nexys-a7.srcs/constrs_1/imports/digital_systems/Nexys-A7-100T-Master.xdc:77]
Resolution: If [get_<value>] was used to populate the object, check to make sure this command returns at least one valid object.
WARNING: [Vivado 12-584] No ports matched 'tx'. [D:/Development/School/computer_arch/cpu_project/nexys-a7/nexys-a7.srcs/constrs_1/imports/digital_systems/Nexys-A7-100T-Master.xdc:191]
CRITICAL WARNING: [Common 17-55] 'set_property' expects at least one object. [D:/Development/School/computer_arch/cpu_project/nexys-a7/nexys-a7.srcs/constrs_1/imports/digital_systems/Nexys-A7-100T-Master.xdc:191]
Resolution: If [get_<value>] was used to populate the object, check to make sure this command returns at least one valid object.
WARNING: [Vivado 12-584] No ports matched 'rx'. [D:/Development/School/computer_arch/cpu_project/nexys-a7/nexys-a7.srcs/constrs_1/imports/digital_systems/Nexys-A7-100T-Master.xdc:192]
CRITICAL WARNING: [Common 17-55] 'set_property' expects at least one object. [D:/Development/School/computer_arch/cpu_project/nexys-a7/nexys-a7.srcs/constrs_1/imports/digital_systems/Nexys-A7-100T-Master.xdc:192]
Resolution: If [get_<value>] was used to populate the object, check to make sure this command returns at least one valid object.
Finished Parsing XDC File [D:/Development/School/computer_arch/cpu_project/nexys-a7/nexys-a7.srcs/constrs_1/imports/digital_systems/Nexys-A7-100T-Master.xdc]
INFO: [Opt 31-138] Pushed 0 inverter(s) to 0 load pin(s).
Netlist sorting complete. Time (s): cpu = 00:00:00 ; elapsed = 00:00:00 . Memory (MB): peak = 1459.422 ; gain = 0.000
INFO: [Project 1-111] Unisim Transformation Summary:
No Unisim elements were transformed.

11 Infos, 30 Warnings, 30 Critical Warnings and 0 Errors encountered.
link_design completed successfully
link_design: Time (s): cpu = 00:00:11 ; elapsed = 00:00:12 . Memory (MB): peak = 1459.422 ; gain = 910.418
Command: opt_design -directive ExploreWithRemap
INFO: [Vivado_Tcl 4-136] Directive used for opt_design is: ExploreWithRemap
Attempting to get a license for feature 'Implementation' and/or device 'xc7a100t'
INFO: [Common 17-349] Got license for feature 'Implementation' and/or device 'xc7a100t'
Running DRC as a precondition to command opt_design

Starting DRC Task
INFO: [DRC 23-27] Running DRC with 2 threads
INFO: [Project 1-461] DRC finished with 0 Errors
INFO: [Project 1-462] Please refer to the DRC report (report_drc) for more information.

Time (s): cpu = 00:00:01 ; elapsed = 00:00:00.810 . Memory (MB): peak = 1459.422 ; gain = 0.000

Starting Logic Optimization Task

Phase 1 Initialization

Phase 1.1 Core Generation And Design Setup
Phase 1.1 Core Generation And Design Setup | Checksum: 183e86d29

Time (s): cpu = 00:00:00 ; elapsed = 00:00:00.003 . Memory (MB): peak = 1859.195 ; gain = 0.000

Phase 1.2 Setup Constraints And Sort Netlist
Phase 1.2 Setup Constraints And Sort Netlist | Checksum: 183e86d29

Time (s): cpu = 00:00:00 ; elapsed = 00:00:00.007 . Memory (MB): peak = 1859.195 ; gain = 0.000
Phase 1 Initialization | Checksum: 183e86d29

Time (s): cpu = 00:00:00 ; elapsed = 00:00:00.009 . Memory (MB): peak = 1859.195 ; gain = 0.000

Phase 2 Timer Update And Timing Data Collection

Phase 2.1 Detect if minReqCache needed
Phase 2.1 Detect if minReqCache needed | Checksum: 183e86d29

Time (s): cpu = 00:00:00 ; elapsed = 00:00:00.017 . Memory (MB): peak = 1859.203 ; gain = 0.008

Phase 2.2 Timer Update
INFO: [Timing 38-35] Done setting XDC timing constraints.
INFO: [Timing 38-2] Deriving generated clocks
Phase 2.2 Timer Update | Checksum: 183e86d29

Time (s): cpu = 00:00:00 ; elapsed = 00:00:00.134 . Memory (MB): peak = 1933.898 ; gain = 74.703

Phase 2.3 Timing Data Collection
Phase 2.3 Timing Data Collection | Checksum: 183e86d29

Time (s): cpu = 00:00:00 ; elapsed = 00:00:00.136 . Memory (MB): peak = 1933.898 ; gain = 74.703
Phase 2 Timer Update And Timing Data Collection | Checksum: 183e86d29

Time (s): cpu = 00:00:00 ; elapsed = 00:00:00.137 . Memory (MB): peak = 1933.898 ; gain = 74.703

Phase 3 Retarget
INFO: [Opt 31-1851] Number of loadless carry chains removed were: 0
INFO: [Opt 31-1834] Total Chains To Be Transformed Were: 0 AND Number of Transformed insts Created are: 0
INFO: [Opt 31-138] Pushed 0 inverter(s) to 0 load pin(s).
INFO: [Opt 31-49] Retargeted 0 cell(s).
Phase 3 Retarget | Checksum: 2030cc22c

Time (s): cpu = 00:00:00 ; elapsed = 00:00:00.151 . Memory (MB): peak = 1933.898 ; gain = 74.703
Retarget | Checksum: 2030cc22c
INFO: [Opt 31-389] Phase Retarget created 0 cells and removed 0 cells
INFO: [Opt 31-1021] In phase Retarget, 1 netlist objects are constrained preventing optimization. Please run opt_design with -debug_log to get more detail. 

Phase 4 Constant propagation
INFO: [Opt 31-138] Pushed 0 inverter(s) to 0 load pin(s).
Phase 4 Constant propagation | Checksum: 2030cc22c

Time (s): cpu = 00:00:00 ; elapsed = 00:00:00.159 . Memory (MB): peak = 1933.898 ; gain = 74.703
Constant propagation | Checksum: 2030cc22c
INFO: [Opt 31-389] Phase Constant propagation created 0 cells and removed 0 cells

Phase 5 Sweep
INFO: [Constraints 18-11670] Building netlist checker database with flags, 0x8
Done building netlist checker database: Time (s): cpu = 00:00:00 ; elapsed = 00:00:00 . Memory (MB): peak = 1933.898 ; gain = 0.000
Phase 5 Sweep | Checksum: 1715471c0

Time (s): cpu = 00:00:00 ; elapsed = 00:00:00.166 . Memory (MB): peak = 1933.898 ; gain = 74.703
Sweep | Checksum: 1715471c0
INFO: [Opt 31-389] Phase Sweep created 0 cells and removed 0 cells

Phase 6 BUFG optimization
Phase 6 BUFG optimization | Checksum: 1715471c0

Time (s): cpu = 00:00:00 ; elapsed = 00:00:00.186 . Memory (MB): peak = 1933.898 ; gain = 74.703
BUFG optimization | Checksum: 1715471c0
INFO: [Opt 31-662] Phase BUFG optimization created 0 cells of which 0 are BUFGs and removed 0 cells.

Phase 7 Shift Register Optimization
INFO: [Opt 31-1064] SRL Remap converted 0 SRLs to 0 registers and converted 0 registers of register chains to 0 SRLs
Phase 7 Shift Register Optimization | Checksum: 1715471c0

Time (s): cpu = 00:00:00 ; elapsed = 00:00:00.194 . Memory (MB): peak = 1933.898 ; gain = 74.703
Shift Register Optimization | Checksum: 1715471c0
INFO: [Opt 31-389] Phase Shift Register Optimization created 0 cells and removed 0 cells
INFO: [Opt 31-1555] control_set_opt supports Versal devices only, and device 7a100t is unsupported

Phase 8 Remap
Phase 8 Remap | Checksum: 1bd6d87ee

Time (s): cpu = 00:00:05 ; elapsed = 00:00:05 . Memory (MB): peak = 2316.480 ; gain = 457.285
Remap | Checksum: 1bd6d87ee
INFO: [Opt 31-389] Phase Remap created 2 cells and removed 3 cells

Phase 9 Post Processing Netlist
Phase 9 Post Processing Netlist | Checksum: 1f580b8a7

Time (s): cpu = 00:00:05 ; elapsed = 00:00:05 . Memory (MB): peak = 2316.480 ; gain = 457.285
Post Processing Netlist | Checksum: 1f580b8a7
INFO: [Opt 31-389] Phase Post Processing Netlist created 0 cells and removed 0 cells

Phase 10 Finalization

Phase 10.1 Finalizing Design Cores and Updating Shapes
Phase 10.1 Finalizing Design Cores and Updating Shapes | Checksum: 1767bc902

Time (s): cpu = 00:00:05 ; elapsed = 00:00:05 . Memory (MB): peak = 2316.480 ; gain = 457.285

Phase 10.2 Verifying Netlist Connectivity

Starting Connectivity Check Task

Time (s): cpu = 00:00:00 ; elapsed = 00:00:00.010 . Memory (MB): peak = 2316.531 ; gain = 0.051
Phase 10.2 Verifying Netlist Connectivity | Checksum: 1767bc902

Time (s): cpu = 00:00:05 ; elapsed = 00:00:05 . Memory (MB): peak = 2316.531 ; gain = 457.336
Phase 10 Finalization | Checksum: 1767bc902

Time (s): cpu = 00:00:05 ; elapsed = 00:00:05 . Memory (MB): peak = 2316.531 ; gain = 457.336
Opt_design Change Summary
=========================


-------------------------------------------------------------------------------------------------------------------------
|  Phase                        |  #Cells created  |  #Cells Removed  |  #Constrained objects preventing optimizations  |
-------------------------------------------------------------------------------------------------------------------------
|  Retarget                     |               0  |               0  |                                              1  |
|  Constant propagation         |               0  |               0  |                                              0  |
|  Sweep                        |               0  |               0  |                                              0  |
|  BUFG optimization            |               0  |               0  |                                              0  |
|  Shift Register Optimization  |               0  |               0  |                                              0  |
|  Remap                        |               2  |               3  |                                              0  |
|  Post Processing Netlist      |               0  |               0  |                                              0  |
-------------------------------------------------------------------------------------------------------------------------


Ending Logic Optimization Task | Checksum: 1767bc902

Time (s): cpu = 00:00:05 ; elapsed = 00:00:05 . Memory (MB): peak = 2316.531 ; gain = 457.336
Netlist sorting complete. Time (s): cpu = 00:00:00 ; elapsed = 00:00:00.001 . Memory (MB): peak = 2316.531 ; gain = 0.000
INFO: [Common 17-83] Releasing license: Implementation
35 Infos, 30 Warnings, 30 Critical Warnings and 0 Errors encountered.
opt_design completed successfully
opt_design: Time (s): cpu = 00:00:10 ; elapsed = 00:00:10 . Memory (MB): peak = 2316.531 ; gain = 857.109
INFO: [Vivado 12-24828] Executing command : report_drc -file nexys_a7_top_drc_opted.rpt -pb nexys_a7_top_drc_opted.pb -rpx nexys_a7_top_drc_opted.rpx
Command: report_drc -file nexys_a7_top_drc_opted.rpt -pb nexys_a7_top_drc_opted.pb -rpx nexys_a7_top_drc_opted.rpx
INFO: [IP_Flow 19-1839] IP Catalog is up to date.
INFO: [DRC 23-27] Running DRC with 2 threads
INFO: [Vivado_Tcl 2-168] The results of DRC are in file D:/Development/School/computer_arch/cpu_project/nexys-a7/nexys-a7.runs/impl_1/nexys_a7_top_drc_opted.rpt.
report_drc completed successfully
INFO: [Timing 38-480] Writing timing data to binary archive.
Wrote PlaceDB: Time (s): cpu = 00:00:00 ; elapsed = 00:00:00 . Memory (MB): peak = 2316.531 ; gain = 0.000
Write ShapeDB Complete: Time (s): cpu = 00:00:00 ; elapsed = 00:00:00.004 . Memory (MB): peak = 2316.531 ; gain = 0.000
Wrote PulsedLatchDB: Time (s): cpu = 00:00:00 ; elapsed = 00:00:00 . Memory (MB): peak = 2316.531 ; gain = 0.000
Writing XDEF routing.
Writing XDEF routing logical nets.
Writing XDEF routing special nets.
Wrote RouteStorage: Time (s): cpu = 00:00:00 ; elapsed = 00:00:00.019 . Memory (MB): peak = 2316.531 ; gain = 0.000
Wrote PlaceStorage: Time (s): cpu = 00:00:00 ; elapsed = 00:00:00 . Memory (MB): peak = 2316.531 ; gain = 0.000
Wrote Netlist Cache: Time (s): cpu = 00:00:00 ; elapsed = 00:00:00 . Memory (MB): peak = 2316.531 ; gain = 0.000
Wrote Device Cache: Time (s): cpu = 00:00:00 ; elapsed = 00:00:00.009 . Memory (MB): peak = 2316.531 ; gain = 0.000
Write Physdb Complete: Time (s): cpu = 00:00:00 ; elapsed = 00:00:00.039 . Memory (MB): peak = 2316.531 ; gain = 0.000
INFO: [Common 17-1381] The checkpoint 'D:/Development/School/computer_arch/cpu_project/nexys-a7/nexys-a7.runs/impl_1/nexys_a7_top_opt.dcp' has been generated.
Command: place_design -directive Explore
Attempting to get a license for feature 'Implementation' and/or device 'xc7a100t'
INFO: [Common 17-349] Got license for feature 'Implementation' and/or device 'xc7a100t'
INFO: [Common 17-83] Releasing license: Implementation
INFO: [DRC 23-27] Running DRC with 2 threads
INFO: [Vivado_Tcl 4-198] DRC finished with 0 Errors
INFO: [Vivado_Tcl 4-199] Please refer to the DRC report (report_drc) for more information.
INFO: [Timing 38-35] Done setting XDC timing constraints.
INFO: [Vivado_Tcl 4-2302] The placer was invoked with the 'Explore' directive.
Running DRC as a precondition to command place_design
INFO: [DRC 23-27] Running DRC with 2 threads
INFO: [Vivado_Tcl 4-198] DRC finished with 0 Errors, 27 Warnings
INFO: [Vivado_Tcl 4-199] Please refer to the DRC report (report_drc) for more information.
INFO: [Place 30-611] Multithreading enabled for place_design using a maximum of 2 CPUs

Starting Placer Task

Phase 1 Placer Initialization

Phase 1.1 Placer Initialization Netlist Sorting
Netlist sorting complete. Time (s): cpu = 00:00:00 ; elapsed = 00:00:00 . Memory (MB): peak = 2316.531 ; gain = 0.000
Phase 1.1 Placer Initialization Netlist Sorting | Checksum: c6bad2a2

Time (s): cpu = 00:00:00 ; elapsed = 00:00:00.003 . Memory (MB): peak = 2316.531 ; gain = 0.000
Netlist sorting complete. Time (s): cpu = 00:00:00 ; elapsed = 00:00:00 . Memory (MB): peak = 2316.531 ; gain = 0.000

Phase 1.2 IO Placement/ Clock Placement/ Build Placer Device
Phase 1.2 IO Placement/ Clock Placement/ Build Placer Device | Checksum: 1c0a55f9c

Time (s): cpu = 00:00:00 ; elapsed = 00:00:00.189 . Memory (MB): peak = 2316.531 ; gain = 0.000

Phase 1.3 Build Placer Netlist Model
Phase 1.3 Build Placer Netlist Model | Checksum: 263932c36

Time (s): cpu = 00:00:01 ; elapsed = 00:00:00.438 . Memory (MB): peak = 2316.531 ; gain = 0.000

Phase 1.4 Constrain Clocks/Macros
Phase 1.4 Constrain Clocks/Macros | Checksum: 263932c36

Time (s): cpu = 00:00:01 ; elapsed = 00:00:00.445 . Memory (MB): peak = 2316.531 ; gain = 0.000
Phase 1 Placer Initialization | Checksum: 263932c36

Time (s): cpu = 00:00:01 ; elapsed = 00:00:00.460 . Memory (MB): peak = 2316.531 ; gain = 0.000

Phase 2 Global Placement

Phase 2.1 Floorplanning
Phase 2.1 Floorplanning | Checksum: 1c6b0396e

Time (s): cpu = 00:00:01 ; elapsed = 00:00:00.660 . Memory (MB): peak = 2316.531 ; gain = 0.000

Phase 2.2 Update Timing before SLR Path Opt
Phase 2.2 Update Timing before SLR Path Opt | Checksum: 2b474e0d9

Time (s): cpu = 00:00:01 ; elapsed = 00:00:00.784 . Memory (MB): peak = 2316.531 ; gain = 0.000

Phase 2.3 Post-Processing in Floorplanning
Phase 2.3 Post-Processing in Floorplanning | Checksum: 2b474e0d9

Time (s): cpu = 00:00:01 ; elapsed = 00:00:00.786 . Memory (MB): peak = 2316.531 ; gain = 0.000

Phase 2.4 Global Place Phase1
Phase 2.4 Global Place Phase1 | Checksum: 2f05324a8

Time (s): cpu = 00:00:08 ; elapsed = 00:00:04 . Memory (MB): peak = 2316.531 ; gain = 0.000

Phase 2.5 Global Place Phase2

Phase 2.5.1 UpdateTiming Before Physical Synthesis
Phase 2.5.1 UpdateTiming Before Physical Synthesis | Checksum: 28cc699b3

Time (s): cpu = 00:00:08 ; elapsed = 00:00:05 . Memory (MB): peak = 2316.531 ; gain = 0.000

Phase 2.5.2 Physical Synthesis In Placer
INFO: [Physopt 32-1035] Found 0 LUTNM shape to break, 8 LUT instances to create LUTNM shape
INFO: [Physopt 32-1044] Break lutnm for timing: one critical 0, two critical 0, total 0, new lutff created 0
INFO: [Physopt 32-1138] End 1 Pass. Optimized 4 nets or LUTs. Breaked 0 LUT, combined 4 existing LUTs and moved 0 existing LUT
INFO: [Physopt 32-65] No nets found for high-fanout optimization.
INFO: [Physopt 32-232] Optimized 0 net. Created 0 new instance.
INFO: [Physopt 32-775] End 1 Pass. Optimized 0 net or cell. Created 0 new cell, deleted 0 existing cell and moved 0 existing cell
INFO: [Physopt 32-456] No candidate cells for DSP register optimization found in the design.
INFO: [Physopt 32-775] End 2 Pass. Optimized 0 net or cell. Created 0 new cell, deleted 0 existing cell and moved 0 existing cell
INFO: [Physopt 32-1123] No candidate cells found for Shift Register to Pipeline optimization
INFO: [Physopt 32-775] End 2 Pass. Optimized 0 net or cell. Created 0 new cell, deleted 0 existing cell and moved 0 existing cell
INFO: [Physopt 32-1401] No candidate cells found for Shift Register optimization.
INFO: [Physopt 32-677] No candidate cells for Shift Register optimization found in the design
INFO: [Physopt 32-775] End 1 Pass. Optimized 0 net or cell. Created 0 new cell, deleted 0 existing cell and moved 0 existing cell
INFO: [Physopt 32-526] No candidate cells for BRAM register optimization found in the design
INFO: [Physopt 32-775] End 1 Pass. Optimized 0 net or cell. Created 0 new cell, deleted 0 existing cell and moved 0 existing cell
INFO: [Physopt 32-846] No candidate cells for URAM register optimization found in the design
INFO: [Physopt 32-775] End 1 Pass. Optimized 0 net or cell. Created 0 new cell, deleted 0 existing cell and moved 0 existing cell
INFO: [Physopt 32-846] No candidate cells for URAM register optimization found in the design
INFO: [Physopt 32-775] End 1 Pass. Optimized 0 net or cell. Created 0 new cell, deleted 0 existing cell and moved 0 existing cell
INFO: [Physopt 32-949] No candidate nets found for dynamic/static region interface net replication
INFO: [Physopt 32-775] End 1 Pass. Optimized 0 net or cell. Created 0 new cell, deleted 0 existing cell and moved 0 existing cell
Netlist sorting complete. Time (s): cpu = 00:00:00 ; elapsed = 00:00:00 . Memory (MB): peak = 2316.531 ; gain = 0.000

Summary of Physical Synthesis Optimizations
============================================


-----------------------------------------------------------------------------------------------------------------------------------------------------------
|  Optimization                                     |  Added Cells  |  Removed Cells  |  Optimized Cells/Nets  |  Dont Touch  |  Iterations  |  Elapsed   |
-----------------------------------------------------------------------------------------------------------------------------------------------------------
|  LUT Combining                                    |            0  |              4  |                     4  |           0  |           1  |  00:00:00  |
|  Retime                                           |            0  |              0  |                     0  |           0  |           1  |  00:00:00  |
|  Very High Fanout                                 |            0  |              0  |                     0  |           0  |           1  |  00:00:00  |
|  DSP Register                                     |            0  |              0  |                     0  |           0  |           1  |  00:00:00  |
|  Shift Register to Pipeline                       |            0  |              0  |                     0  |           0  |           1  |  00:00:00  |
|  Shift Register                                   |            0  |              0  |                     0  |           0  |           1  |  00:00:00  |
|  BRAM Register                                    |            0  |              0  |                     0  |           0  |           1  |  00:00:00  |
|  URAM Register                                    |            0  |              0  |                     0  |           0  |           1  |  00:00:00  |
|  Dynamic/Static Region Interface Net Replication  |            0  |              0  |                     0  |           0  |           1  |  00:00:00  |
|  Total                                            |            0  |              4  |                     4  |           0  |           9  |  00:00:00  |
-----------------------------------------------------------------------------------------------------------------------------------------------------------


Phase 2.5.2 Physical Synthesis In Placer | Checksum: 2713a9020

Time (s): cpu = 00:00:09 ; elapsed = 00:00:05 . Memory (MB): peak = 2316.531 ; gain = 0.000
Phase 2.5 Global Place Phase2 | Checksum: 310330e02

Time (s): cpu = 00:00:09 ; elapsed = 00:00:05 . Memory (MB): peak = 2316.531 ; gain = 0.000
Phase 2 Global Placement | Checksum: 310330e02

Time (s): cpu = 00:00:09 ; elapsed = 00:00:05 . Memory (MB): peak = 2316.531 ; gain = 0.000

Phase 3 Detail Placement

Phase 3.1 Commit Multi Column Macros
Phase 3.1 Commit Multi Column Macros | Checksum: 29e25d9aa

Time (s): cpu = 00:00:09 ; elapsed = 00:00:05 . Memory (MB): peak = 2316.531 ; gain = 0.000

Phase 3.2 Commit Most Macros & LUTRAMs
Phase 3.2 Commit Most Macros & LUTRAMs | Checksum: 26f6c37c9

Time (s): cpu = 00:00:09 ; elapsed = 00:00:05 . Memory (MB): peak = 2316.531 ; gain = 0.000

Phase 3.3 Area Swap Optimization
Phase 3.3 Area Swap Optimization | Checksum: 1b5ea0ed2

Time (s): cpu = 00:00:09 ; elapsed = 00:00:05 . Memory (MB): peak = 2316.531 ; gain = 0.000

Phase 3.4 Pipeline Register Optimization
Phase 3.4 Pipeline Register Optimization | Checksum: 1b5ea0ed2

Time (s): cpu = 00:00:09 ; elapsed = 00:00:05 . Memory (MB): peak = 2316.531 ; gain = 0.000

Phase 3.5 Fast Optimization
Phase 3.5 Fast Optimization | Checksum: 2816df143

Time (s): cpu = 00:00:11 ; elapsed = 00:00:07 . Memory (MB): peak = 2316.531 ; gain = 0.000

Phase 3.6 Small Shape Detail Placement
Phase 3.6 Small Shape Detail Placement | Checksum: 21aade160

Time (s): cpu = 00:00:12 ; elapsed = 00:00:08 . Memory (MB): peak = 2316.531 ; gain = 0.000

Phase 3.7 Re-assign LUT pins
Phase 3.7 Re-assign LUT pins | Checksum: 21ee1f4d7

Time (s): cpu = 00:00:12 ; elapsed = 00:00:08 . Memory (MB): peak = 2316.531 ; gain = 0.000

Phase 3.8 Pipeline Register Optimization
Phase 3.8 Pipeline Register Optimization | Checksum: 21ee1f4d7

Time (s): cpu = 00:00:12 ; elapsed = 00:00:08 . Memory (MB): peak = 2316.531 ; gain = 0.000
Phase 3 Detail Placement | Checksum: 21ee1f4d7

Time (s): cpu = 00:00:12 ; elapsed = 00:00:08 . Memory (MB): peak = 2316.531 ; gain = 0.000

Phase 4 Post Placement Optimization and Clean-Up

Phase 4.1 Post Commit Optimization
INFO: [Timing 38-35] Done setting XDC timing constraints.

Phase 4.1.1 Post Placement Optimization
Post Placement Optimization Initialization | Checksum: 24a4e3062

Phase 4.1.1.1 BUFG Insertion

Starting Physical Synthesis Task

Phase 1 Physical Synthesis Initialization
INFO: [Physopt 32-721] Multithreading enabled for phys_opt_design using a maximum of 2 CPUs
INFO: [Physopt 32-619] Estimated Timing Summary | WNS=-3.315 | TNS=-642.843 |
Phase 1 Physical Synthesis Initialization | Checksum: 1f8e2f812

Time (s): cpu = 00:00:00 ; elapsed = 00:00:00.035 . Memory (MB): peak = 2316.531 ; gain = 0.000
INFO: [Place 46-56] BUFG insertion identified 0 candidate nets. Inserted BUFG: 0, Replicated BUFG Driver: 0, Skipped due to Placement/Routing Conflicts: 0, Skipped due to Timing Degradation: 0, Skipped due to netlist editing failed: 0.
Ending Physical Synthesis Task | Checksum: 249c4d3f5

Time (s): cpu = 00:00:00 ; elapsed = 00:00:00.040 . Memory (MB): peak = 2316.531 ; gain = 0.000
Phase 4.1.1.1 BUFG Insertion | Checksum: 24a4e3062

Time (s): cpu = 00:00:13 ; elapsed = 00:00:09 . Memory (MB): peak = 2316.531 ; gain = 0.000

Phase 4.1.1.2 Post Placement Timing Optimization
INFO: [Place 30-746] Post Placement Timing Summary WNS=-2.428. For the most accurate timing information please run report_timing.
Phase 4.1.1.2 Post Placement Timing Optimization | Checksum: 2208c6249

Time (s): cpu = 00:04:07 ; elapsed = 00:04:04 . Memory (MB): peak = 2316.531 ; gain = 0.000

Time (s): cpu = 00:04:07 ; elapsed = 00:04:04 . Memory (MB): peak = 2316.531 ; gain = 0.000
Phase 4.1 Post Commit Optimization | Checksum: 2208c6249

Time (s): cpu = 00:04:07 ; elapsed = 00:04:04 . Memory (MB): peak = 2316.531 ; gain = 0.000

Phase 4.2 Post Placement Cleanup
Phase 4.2 Post Placement Cleanup | Checksum: 2208c6249

Time (s): cpu = 00:04:07 ; elapsed = 00:04:04 . Memory (MB): peak = 2316.531 ; gain = 0.000

Phase 4.3 Placer Reporting

Phase 4.3.1 Print Estimated Congestion
INFO: [Place 30-612] Post-Placement Estimated Congestion 
 ____________________________________________________
|           | Global Congestion | Short Congestion  |
| Direction | Region Size       | Region Size       |
|___________|___________________|___________________|
|      North|                1x1|                2x2|
|___________|___________________|___________________|
|      South|                1x1|                2x2|
|___________|___________________|___________________|
|       East|                1x1|                1x1|
|___________|___________________|___________________|
|       West|                1x1|                1x1|
|___________|___________________|___________________|

Phase 4.3.1 Print Estimated Congestion | Checksum: 2208c6249

Time (s): cpu = 00:04:07 ; elapsed = 00:04:04 . Memory (MB): peak = 2316.531 ; gain = 0.000
Phase 4.3 Placer Reporting | Checksum: 2208c6249

Time (s): cpu = 00:04:07 ; elapsed = 00:04:04 . Memory (MB): peak = 2316.531 ; gain = 0.000

Phase 4.4 Final Placement Cleanup
Netlist sorting complete. Time (s): cpu = 00:00:00 ; elapsed = 00:00:00.001 . Memory (MB): peak = 2316.531 ; gain = 0.000

Time (s): cpu = 00:04:07 ; elapsed = 00:04:04 . Memory (MB): peak = 2316.531 ; gain = 0.000
Phase 4 Post Placement Optimization and Clean-Up | Checksum: 1cbb536d5

Time (s): cpu = 00:04:07 ; elapsed = 00:04:04 . Memory (MB): peak = 2316.531 ; gain = 0.000
Ending Placer Task | Checksum: 1647af45c

Time (s): cpu = 00:04:07 ; elapsed = 00:04:04 . Memory (MB): peak = 2316.531 ; gain = 0.000
79 Infos, 30 Warnings, 30 Critical Warnings and 0 Errors encountered.
place_design completed successfully
place_design: Time (s): cpu = 00:04:09 ; elapsed = 00:04:06 . Memory (MB): peak = 2316.531 ; gain = 0.000
INFO: [Vivado 12-24838] Running report commands "report_control_sets, report_io, report_utilization" in parallel.
Running report generation with 2 threads.
INFO: [Vivado 12-24828] Executing command : report_utilization -file nexys_a7_top_utilization_placed.rpt -pb nexys_a7_top_utilization_placed.pb
INFO: [Vivado 12-24828] Executing command : report_control_sets -verbose -file nexys_a7_top_control_sets_placed.rpt
report_control_sets: Time (s): cpu = 00:00:00 ; elapsed = 00:00:00.007 . Memory (MB): peak = 2316.531 ; gain = 0.000
INFO: [Vivado 12-24828] Executing command : report_io -file nexys_a7_top_io_placed.rpt
report_io: Time (s): cpu = 00:00:00 ; elapsed = 00:00:00.164 . Memory (MB): peak = 2316.531 ; gain = 0.000
INFO: [Timing 38-480] Writing timing data to binary archive.
Wrote PlaceDB: Time (s): cpu = 00:00:00 ; elapsed = 00:00:00 . Memory (MB): peak = 2316.531 ; gain = 0.000
Write ShapeDB Complete: Time (s): cpu = 00:00:00 ; elapsed = 00:00:00.003 . Memory (MB): peak = 2316.531 ; gain = 0.000
Wrote PulsedLatchDB: Time (s): cpu = 00:00:00 ; elapsed = 00:00:00 . Memory (MB): peak = 2316.531 ; gain = 0.000
Writing XDEF routing.
Writing XDEF routing logical nets.
Writing XDEF routing special nets.
Wrote RouteStorage: Time (s): cpu = 00:00:00 ; elapsed = 00:00:00.027 . Memory (MB): peak = 2316.531 ; gain = 0.000
Wrote PlaceStorage: Time (s): cpu = 00:00:01 ; elapsed = 00:00:00.052 . Memory (MB): peak = 2316.531 ; gain = 0.000
Wrote Netlist Cache: Time (s): cpu = 00:00:00 ; elapsed = 00:00:00.002 . Memory (MB): peak = 2316.531 ; gain = 0.000
Wrote Device Cache: Time (s): cpu = 00:00:00 ; elapsed = 00:00:00.010 . Memory (MB): peak = 2316.531 ; gain = 0.000
Write Physdb Complete: Time (s): cpu = 00:00:01 ; elapsed = 00:00:00.101 . Memory (MB): peak = 2316.531 ; gain = 0.000
INFO: [Common 17-1381] The checkpoint 'D:/Development/School/computer_arch/cpu_project/nexys-a7/nexys-a7.runs/impl_1/nexys_a7_top_placed.dcp' has been generated.
Command: phys_opt_design -directive Explore
Attempting to get a license for feature 'Implementation' and/or device 'xc7a100t'
INFO: [Common 17-349] Got license for feature 'Implementation' and/or device 'xc7a100t'
INFO: [Vivado_Tcl 4-137] Directive used for phys_opt_design is: Explore

Starting Initial Update Timing Task

Time (s): cpu = 00:00:00 ; elapsed = 00:00:00.263 . Memory (MB): peak = 2316.531 ; gain = 0.000
INFO: [Vivado_Tcl 4-1435] PhysOpt_Tcl_Interface Runtime Before Starting Physical Synthesis Task | CPU: 0.00s |  WALL: 0.28s
Netlist sorting complete. Time (s): cpu = 00:00:00 ; elapsed = 00:00:00 . Memory (MB): peak = 2316.531 ; gain = 0.000

Starting Physical Synthesis Task

Phase 1 Physical Synthesis Initialization
INFO: [Physopt 32-721] Multithreading enabled for phys_opt_design using a maximum of 2 CPUs
INFO: [Physopt 32-619] Estimated Timing Summary | WNS=-2.428 | TNS=-519.189 |
Phase 1 Physical Synthesis Initialization | Checksum: 1cbae929b

Time (s): cpu = 00:00:01 ; elapsed = 00:00:00.262 . Memory (MB): peak = 2316.531 ; gain = 0.000

Phase 2 SLR Crossing Optimization
Phase 2 SLR Crossing Optimization | Checksum: 1cbae929b

Time (s): cpu = 00:00:01 ; elapsed = 00:00:00.270 . Memory (MB): peak = 2316.531 ; gain = 0.000
INFO: [Physopt 32-619] Estimated Timing Summary | WNS=-2.428 | TNS=-519.189 |

Phase 3 Fanout Optimization
INFO: [Physopt 32-76] Pass 1. Identified 4 candidate nets for fanout optimization.
INFO: [Physopt 32-572] Net instruction_mem_instance/rsR1_addr__10[2] was not replicated.
Resolution: phys_opt_design can be forced to replicate a net driver using the option -force_replication_on_nets <list of net objects>.
INFO: [Physopt 32-572] Net instruction_mem_instance/rsR1_addr__10[3] was not replicated.
Resolution: phys_opt_design can be forced to replicate a net driver using the option -force_replication_on_nets <list of net objects>.
INFO: [Physopt 32-572] Net instruction_mem_instance/rsR1_addr__10[1] was not replicated.
Resolution: phys_opt_design can be forced to replicate a net driver using the option -force_replication_on_nets <list of net objects>.
INFO: [Physopt 32-572] Net instruction_mem_instance/hb823/B_Sel was not replicated.
Resolution: phys_opt_design can be forced to replicate a net driver using the option -force_replication_on_nets <list of net objects>.
INFO: [Physopt 32-232] Optimized 0 net. Created 0 new instance.
INFO: [Physopt 32-775] End 1 Pass. Optimized 0 net or cell. Created 0 new cell, deleted 0 existing cell and moved 0 existing cell
Netlist sorting complete. Time (s): cpu = 00:00:00 ; elapsed = 00:00:00.001 . Memory (MB): peak = 2316.531 ; gain = 0.000
Phase 3 Fanout Optimization | Checksum: 1cbae929b

Time (s): cpu = 00:00:03 ; elapsed = 00:00:01 . Memory (MB): peak = 2316.531 ; gain = 0.000

Phase 4 Single Cell Placement Optimization
INFO: [Physopt 32-660] Identified 250 candidate nets for placement-based optimization.
INFO: [Physopt 32-662] Processed net instruction_mem_instance/rsR1_addr__10[2].  Did not re-place instance instruction_mem_instance/ALU_out0_carry_i_40
INFO: [Physopt 32-662] Processed net instruction_mem_instance/PC_reg[14][1].  Did not re-place instance instruction_mem_instance/ALU_out0_carry_i_3
INFO: [Physopt 32-662] Processed net instruction_mem_instance/ADDRARDADDR[9].  Did not re-place instance instruction_mem_instance/memory_reg_i_3
INFO: [Physopt 32-662] Processed net hb823/reg_file_instance/ALU_out0_carry_i_34_n_0.  Did not re-place instance hb823/reg_file_instance/ALU_out0_carry_i_34
INFO: [Physopt 32-662] Processed net instruction_mem_instance/inst_reg_15[1].  Did not re-place instance instruction_mem_instance/i__carry_i_3
INFO: [Physopt 32-662] Processed net instruction_mem_instance/memory_reg_i_34_n_0.  Did not re-place instance instruction_mem_instance/memory_reg_i_34
INFO: [Physopt 32-662] Processed net hb823/reg_file_instance/ALU_out0_carry_i_35_n_0.  Did not re-place instance hb823/reg_file_instance/ALU_out0_carry_i_35
INFO: [Physopt 32-662] Processed net instruction_mem_instance/S[1].  Did not re-place instance instruction_mem_instance/ALU_out0_carry_i_7
INFO: [Physopt 32-662] Processed net instruction_mem_instance/D[15].  Did not re-place instance instruction_mem_instance/registers[14][15]_i_2
INFO: [Physopt 32-662] Processed net instruction_mem_instance/hb823/main_alu/ALU_out__101[15].  Did not re-place instance instruction_mem_instance/registers[14][15]_i_7
INFO: [Physopt 32-662] Processed net instruction_mem_instance/registers[14][15]_i_10_n_0.  Did not re-place instance instruction_mem_instance/registers[14][15]_i_10
INFO: [Physopt 32-663] Processed net hb823/reg_file_instance/registers_reg[14][15].  Re-placed instance hb823/reg_file_instance/registers_reg[14][15]
INFO: [Physopt 32-663] Processed net hb823/reg_file_instance/registers_reg[1][15].  Re-placed instance hb823/reg_file_instance/registers_reg[1][15]
INFO: [Physopt 32-662] Processed net hb823/reg_file_instance/registers_reg[4][15].  Did not re-place instance hb823/reg_file_instance/registers_reg[4][15]
INFO: [Physopt 32-662] Processed net hb823/reg_file_instance/registers_reg[13][15].  Did not re-place instance hb823/reg_file_instance/registers_reg[13][15]
INFO: [Physopt 32-662] Processed net instruction_mem_instance/PC_reg[14][2].  Did not re-place instance instruction_mem_instance/ALU_out0_carry_i_2
INFO: [Physopt 32-662] Processed net hb823/reg_file_instance/ALU_out0_carry_i_31_n_0.  Did not re-place instance hb823/reg_file_instance/ALU_out0_carry_i_31
INFO: [Physopt 32-662] Processed net instruction_mem_instance/inst_reg_15[2].  Did not re-place instance instruction_mem_instance/i__carry_i_2
INFO: [Physopt 32-662] Processed net hb823/reg_file_instance/ALU_out0_carry_i_30_n_0.  Did not re-place instance hb823/reg_file_instance/ALU_out0_carry_i_30
INFO: [Physopt 32-662] Processed net instruction_mem_instance/rsR1_addr__10[3].  Did not re-place instance instruction_mem_instance/ALU_out0_carry_i_41
INFO: [Physopt 32-662] Processed net hb823/reg_file_instance/ALU_out0_carry_i_32_n_0.  Did not re-place instance hb823/reg_file_instance/ALU_out0_carry_i_32
INFO: [Physopt 32-662] Processed net hb823/reg_file_instance/ALU_out0_carry_i_33_n_0.  Did not re-place instance hb823/reg_file_instance/ALU_out0_carry_i_33
INFO: [Physopt 32-662] Processed net instruction_mem_instance/rsR1_addr__10[1].  Did not re-place instance instruction_mem_instance/ALU_out0_carry_i_23
INFO: [Physopt 32-662] Processed net hb823/reg_file_instance/memory_reg_i_150_n_0.  Did not re-place instance hb823/reg_file_instance/memory_reg_i_150
INFO: [Physopt 32-662] Processed net instruction_mem_instance/memory_reg_i_162_n_0.  Did not re-place instance instruction_mem_instance/memory_reg_i_162
INFO: [Physopt 32-662] Processed net hb823/reg_file_instance/memory_reg_i_149_n_0.  Did not re-place instance hb823/reg_file_instance/memory_reg_i_149
INFO: [Physopt 32-663] Processed net instruction_mem_instance/rsR1_addr__10[0].  Re-placed instance instruction_mem_instance/ALU_out0_carry_i_14
INFO: [Physopt 32-662] Processed net instruction_mem_instance/memory_reg_i_164_n_0.  Did not re-place instance instruction_mem_instance/memory_reg_i_164
INFO: [Physopt 32-662] Processed net hb823/reg_file_instance/ALU_out0_carry_i_29_n_0.  Did not re-place instance hb823/reg_file_instance/ALU_out0_carry_i_29
INFO: [Physopt 32-662] Processed net hb823/reg_file_instance/ALU_out0_carry_i_28_n_0.  Did not re-place instance hb823/reg_file_instance/ALU_out0_carry_i_28
INFO: [Physopt 32-662] Processed net instruction_mem_instance/memory_reg_i_161_n_0.  Did not re-place instance instruction_mem_instance/memory_reg_i_161
INFO: [Physopt 32-662] Processed net instruction_mem_instance/inst_reg_15[0].  Did not re-place instance instruction_mem_instance/i__carry_i_4
INFO: [Physopt 32-662] Processed net instruction_mem_instance/memory_reg_i_91_n_0.  Did not re-place instance instruction_mem_instance/memory_reg_i_91
INFO: [Physopt 32-662] Processed net hb823/reg_file_instance/memory_reg_i_154_n_0.  Did not re-place instance hb823/reg_file_instance/memory_reg_i_154
INFO: [Physopt 32-662] Processed net hb823/reg_file_instance/memory_reg_i_151_n_0.  Did not re-place instance hb823/reg_file_instance/memory_reg_i_151
INFO: [Physopt 32-662] Processed net instruction_mem_instance/PC_reg[14][8].  Did not re-place instance instruction_mem_instance/ALU_out0_carry__1_i_4
INFO: [Physopt 32-662] Processed net hb823/reg_file_instance/ALU_out0_carry__1_i_34_n_0.  Did not re-place instance hb823/reg_file_instance/ALU_out0_carry__1_i_34
INFO: [Physopt 32-662] Processed net instruction_mem_instance/PC_reg[11]_0[0].  Did not re-place instance instruction_mem_instance/i__carry__1_i_4
INFO: [Physopt 32-662] Processed net hb823/reg_file_instance/memory_reg_i_153_n_0.  Did not re-place instance hb823/reg_file_instance/memory_reg_i_153
INFO: [Physopt 32-662] Processed net hb823/reg_file_instance/ALU_out0_carry__1_i_33_n_0.  Did not re-place instance hb823/reg_file_instance/ALU_out0_carry__1_i_33
INFO: [Physopt 32-662] Processed net instruction_mem_instance/PC_reg[14][0].  Did not re-place instance instruction_mem_instance/ALU_out0_carry_i_4
INFO: [Physopt 32-662] Processed net hb823/reg_file_instance/ALU_out0_carry_i_37_n_0.  Did not re-place instance hb823/reg_file_instance/ALU_out0_carry_i_37
INFO: [Physopt 32-662] Processed net instruction_mem_instance/D[13].  Did not re-place instance instruction_mem_instance/registers[14][13]_i_1
INFO: [Physopt 32-662] Processed net instruction_mem_instance/hb823/main_alu/ALU_out__101[13].  Did not re-place instance instruction_mem_instance/registers[14][13]_i_2
INFO: [Physopt 32-662] Processed net instruction_mem_instance/registers[14][13]_i_3_n_0.  Did not re-place instance instruction_mem_instance/registers[14][13]_i_3
INFO: [Physopt 32-663] Processed net hb823/reg_file_instance/registers_reg[12][13].  Re-placed instance hb823/reg_file_instance/registers_reg[12][13]
INFO: [Physopt 32-662] Processed net hb823/reg_file_instance/ALU_out0_carry_i_36_n_0.  Did not re-place instance hb823/reg_file_instance/ALU_out0_carry_i_36
INFO: [Physopt 32-662] Processed net instruction_mem_instance/PC_reg[14][10].  Did not re-place instance instruction_mem_instance/ALU_out0_carry__1_i_2
INFO: [Physopt 32-662] Processed net instruction_mem_instance/PC_reg[11]_0[2].  Did not re-place instance instruction_mem_instance/i__carry__1_i_2
INFO: [Physopt 32-662] Processed net hb823/reg_file_instance/memory_reg_i_152_n_0.  Did not re-place instance hb823/reg_file_instance/memory_reg_i_152
INFO: [Physopt 32-662] Processed net hb823/reg_file_instance/registers_reg[3][15].  Did not re-place instance hb823/reg_file_instance/registers_reg[3][15]
INFO: [Physopt 32-662] Processed net hb823/reg_file_instance/memory_reg_i_156_n_0.  Did not re-place instance hb823/reg_file_instance/memory_reg_i_156
INFO: [Physopt 32-663] Processed net hb823/reg_file_instance/registers_reg[6][13].  Re-placed instance hb823/reg_file_instance/registers_reg[6][13]
INFO: [Physopt 32-662] Processed net hb823/reg_file_instance/registers_reg[6][15].  Did not re-place instance hb823/reg_file_instance/registers_reg[6][15]
INFO: [Physopt 32-662] Processed net instruction_mem_instance/memory_reg_i_163_n_0.  Did not re-place instance instruction_mem_instance/memory_reg_i_163
INFO: [Physopt 32-662] Processed net instruction_mem_instance/PC_reg[14][12].  Did not re-place instance instruction_mem_instance/ALU_out0_carry__2_i_3
INFO: [Physopt 32-662] Processed net instruction_mem_instance/PC_reg[15]_0[0].  Did not re-place instance instruction_mem_instance/i__carry__2_i_4
INFO: [Physopt 32-662] Processed net hb823/reg_file_instance/memory_reg_i_155_n_0.  Did not re-place instance hb823/reg_file_instance/memory_reg_i_155
INFO: [Physopt 32-662] Processed net hb823/reg_file_instance/registers_reg[12][15].  Did not re-place instance hb823/reg_file_instance/registers_reg[12][15]
INFO: [Physopt 32-662] Processed net instruction_mem_instance/PC_reg[14][7].  Did not re-place instance instruction_mem_instance/ALU_out0_carry__0_i_1
INFO: [Physopt 32-663] Processed net instruction_mem_instance/PC_reg[7][3].  Re-placed instance instruction_mem_instance/ALU_out0_carry__0_i_5
INFO: [Physopt 32-663] Processed net hb823/reg_file_instance/registers_reg[5][15].  Re-placed instance hb823/reg_file_instance/registers_reg[5][15]
INFO: [Physopt 32-662] Processed net hb823/reg_file_instance/registers_reg[2][15].  Did not re-place instance hb823/reg_file_instance/registers_reg[2][15]
INFO: [Physopt 32-662] Processed net instruction_mem_instance/PC_reg[14][6].  Did not re-place instance instruction_mem_instance/ALU_out0_carry__0_i_2
INFO: [Physopt 32-662] Processed net instruction_mem_instance/PC_reg[7]_0[2].  Did not re-place instance instruction_mem_instance/i__carry__0_i_2
INFO: [Physopt 32-662] Processed net hb823/reg_file_instance/ALU_out0_carry_i_39_n_0.  Did not re-place instance hb823/reg_file_instance/ALU_out0_carry_i_39
INFO: [Physopt 32-662] Processed net instruction_mem_instance/S[2].  Did not re-place instance instruction_mem_instance/ALU_out0_carry_i_6
INFO: [Physopt 32-662] Processed net hb823/reg_file_instance/registers_reg[11][13].  Did not re-place instance hb823/reg_file_instance/registers_reg[11][13]
INFO: [Physopt 32-662] Processed net hb823/reg_file_instance/registers_reg[8][15].  Did not re-place instance hb823/reg_file_instance/registers_reg[8][15]
INFO: [Physopt 32-662] Processed net hb823/reg_file_instance/registers_reg[9][15].  Did not re-place instance hb823/reg_file_instance/registers_reg[9][15]
INFO: [Physopt 32-663] Processed net instruction_mem_instance/D[11].  Re-placed instance instruction_mem_instance/registers[14][11]_i_1
INFO: [Physopt 32-662] Processed net instruction_mem_instance/hb823/main_alu/ALU_out__101[11].  Did not re-place instance instruction_mem_instance/registers[14][11]_i_2
INFO: [Physopt 32-662] Processed net instruction_mem_instance/registers[14][11]_i_3_n_0.  Did not re-place instance instruction_mem_instance/registers[14][11]_i_3
INFO: [Physopt 32-663] Processed net hb823/reg_file_instance/registers_reg[7][11].  Re-placed instance hb823/reg_file_instance/registers_reg[7][11]
INFO: [Physopt 32-662] Processed net hb823/reg_file_instance/ALU_out0_carry_i_38_n_0.  Did not re-place instance hb823/reg_file_instance/ALU_out0_carry_i_38
INFO: [Physopt 32-662] Processed net hb823/reg_file_instance/registers_reg[14][13].  Did not re-place instance hb823/reg_file_instance/registers_reg[14][13]
INFO: [Physopt 32-662] Processed net instruction_mem_instance/D[5].  Did not re-place instance instruction_mem_instance/registers[14][5]_i_1
INFO: [Physopt 32-662] Processed net instruction_mem_instance/ADDRARDADDR[5].  Did not re-place instance instruction_mem_instance/memory_reg_i_7
INFO: [Physopt 32-662] Processed net instruction_mem_instance/memory_reg_i_42_n_0.  Did not re-place instance instruction_mem_instance/memory_reg_i_42
INFO: [Physopt 32-662] Processed net hb823/reg_file_instance/registers_reg[15][15].  Did not re-place instance hb823/reg_file_instance/registers_reg[15][15]
INFO: [Physopt 32-663] Processed net hb823/reg_file_instance/registers_reg[6][5].  Re-placed instance hb823/reg_file_instance/registers_reg[6][5]
INFO: [Physopt 32-663] Processed net hb823/reg_file_instance/registers_reg[11][15].  Re-placed instance hb823/reg_file_instance/registers_reg[11][15]
INFO: [Physopt 32-662] Processed net hb823/reg_file_instance/ALU_out0_carry__2_i_26_n_0.  Did not re-place instance hb823/reg_file_instance/ALU_out0_carry__2_i_26
INFO: [Physopt 32-663] Processed net hb823/reg_file_instance/registers_reg[10][15].  Re-placed instance hb823/reg_file_instance/registers_reg[10][15]
INFO: [Physopt 32-662] Processed net instruction_mem_instance/D[10].  Did not re-place instance instruction_mem_instance/registers[14][10]_i_1
INFO: [Physopt 32-662] Processed net instruction_mem_instance/D[14].  Did not re-place instance instruction_mem_instance/registers[14][14]_i_1
INFO: [Physopt 32-662] Processed net instruction_mem_instance/ADDRARDADDR[10].  Did not re-place instance instruction_mem_instance/memory_reg_i_2
INFO: [Physopt 32-662] Processed net instruction_mem_instance/hb823/main_alu/ALU_out__101[14].  Did not re-place instance instruction_mem_instance/registers[14][14]_i_2
INFO: [Physopt 32-662] Processed net instruction_mem_instance/memory_reg_i_29_n_0.  Did not re-place instance instruction_mem_instance/memory_reg_i_29
INFO: [Physopt 32-662] Processed net instruction_mem_instance/registers[14][14]_i_3_n_0.  Did not re-place instance instruction_mem_instance/registers[14][14]_i_3
INFO: [Physopt 32-663] Processed net hb823/reg_file_instance/registers_reg[5][10].  Re-placed instance hb823/reg_file_instance/registers_reg[5][10]
INFO: [Physopt 32-663] Processed net hb823/reg_file_instance/registers_reg[7][14].  Re-placed instance hb823/reg_file_instance/registers_reg[7][14]
INFO: [Physopt 32-662] Processed net hb823/reg_file_instance/ALU_out0_carry__2_i_27_n_0.  Did not re-place instance hb823/reg_file_instance/ALU_out0_carry__2_i_27
INFO: [Physopt 32-663] Processed net instruction_mem_instance/D[2].  Re-placed instance instruction_mem_instance/registers[14][2]_i_1
INFO: [Physopt 32-662] Processed net instruction_mem_instance/ADDRARDADDR[2].  Did not re-place instance instruction_mem_instance/memory_reg_i_10
INFO: [Physopt 32-662] Processed net instruction_mem_instance/memory_reg_i_48_n_0.  Did not re-place instance instruction_mem_instance/memory_reg_i_48
INFO: [Physopt 32-663] Processed net hb823/reg_file_instance/registers_reg[14][2].  Re-placed instance hb823/reg_file_instance/registers_reg[14][2]
INFO: [Physopt 32-663] Processed net hb823/reg_file_instance/registers_reg[13][5].  Re-placed instance hb823/reg_file_instance/registers_reg[13][5]
INFO: [Physopt 32-663] Processed net hb823/reg_file_instance/registers_reg[2][2].  Re-placed instance hb823/reg_file_instance/registers_reg[2][2]
INFO: [Physopt 32-663] Processed net hb823/reg_file_instance/registers_reg[5][11].  Re-placed instance hb823/reg_file_instance/registers_reg[5][11]
INFO: [Physopt 32-662] Processed net instruction_mem_instance/memory_reg_i_90_n_0.  Did not re-place instance instruction_mem_instance/memory_reg_i_90
INFO: [Physopt 32-663] Processed net hb823/reg_file_instance/registers_reg[13][10].  Re-placed instance hb823/reg_file_instance/registers_reg[13][10]
INFO: [Physopt 32-662] Processed net hb823/reg_file_instance/memory_reg_i_130_n_0.  Did not re-place instance hb823/reg_file_instance/memory_reg_i_130
INFO: [Physopt 32-662] Processed net instruction_mem_instance/PC_reg[7][2].  Did not re-place instance instruction_mem_instance/ALU_out0_carry__0_i_6
INFO: [Physopt 32-662] Processed net hb823/reg_file_instance/memory_reg_i_129_n_0.  Did not re-place instance hb823/reg_file_instance/memory_reg_i_129
INFO: [Physopt 32-662] Processed net hb823/reg_file_instance/registers_reg[10][13].  Did not re-place instance hb823/reg_file_instance/registers_reg[10][13]
INFO: [Physopt 32-662] Processed net hb823/reg_file_instance/ALU_out0_carry__1_i_36_n_0.  Did not re-place instance hb823/reg_file_instance/ALU_out0_carry__1_i_36
INFO: [Physopt 32-662] Processed net instruction_mem_instance/D[6].  Did not re-place instance instruction_mem_instance/registers[14][6]_i_1
INFO: [Physopt 32-662] Processed net instruction_mem_instance/ADDRARDADDR[6].  Did not re-place instance instruction_mem_instance/memory_reg_i_6
INFO: [Physopt 32-662] Processed net instruction_mem_instance/memory_reg_i_40_n_0.  Did not re-place instance instruction_mem_instance/memory_reg_i_40
INFO: [Physopt 32-663] Processed net hb823/reg_file_instance/registers_reg[5][6].  Re-placed instance hb823/reg_file_instance/registers_reg[5][6]
INFO: [Physopt 32-662] Processed net hb823/reg_file_instance/ALU_out0_carry__1_i_35_n_0.  Did not re-place instance hb823/reg_file_instance/ALU_out0_carry__1_i_35
INFO: [Physopt 32-663] Processed net hb823/reg_file_instance/registers_reg[14][11].  Re-placed instance hb823/reg_file_instance/registers_reg[14][11]
INFO: [Physopt 32-662] Processed net hb823/reg_file_instance/ALU_out0_carry__1_i_27_n_0.  Did not re-place instance hb823/reg_file_instance/ALU_out0_carry__1_i_27
INFO: [Physopt 32-663] Processed net hb823/reg_file_instance/registers_reg[5][14].  Re-placed instance hb823/reg_file_instance/registers_reg[5][14]
INFO: [Physopt 32-663] Processed net hb823/reg_file_instance/registers_reg[12][2].  Re-placed instance hb823/reg_file_instance/registers_reg[12][2]
INFO: [Physopt 32-662] Processed net hb823/reg_file_instance/registers_reg[3][11].  Did not re-place instance hb823/reg_file_instance/registers_reg[3][11]
INFO: [Physopt 32-663] Processed net hb823/reg_file_instance/registers_reg[5][5].  Re-placed instance hb823/reg_file_instance/registers_reg[5][5]
INFO: [Physopt 32-662] Processed net hb823/reg_file_instance/ALU_out0_carry__2_i_29_n_0.  Did not re-place instance hb823/reg_file_instance/ALU_out0_carry__2_i_29
INFO: [Physopt 32-663] Processed net hb823/reg_file_instance/registers_reg[13][2].  Re-placed instance hb823/reg_file_instance/registers_reg[13][2]
INFO: [Physopt 32-662] Processed net instruction_mem_instance/PC_reg[7]_0[3].  Did not re-place instance instruction_mem_instance/i__carry__0_i_1
INFO: [Physopt 32-662] Processed net instruction_mem_instance/memory_reg_i_158_n_0.  Did not re-place instance instruction_mem_instance/memory_reg_i_158
INFO: [Physopt 32-662] Processed net hb823/reg_file_instance/ALU_out0_carry__2_i_28_n_0.  Did not re-place instance hb823/reg_file_instance/ALU_out0_carry__2_i_28
INFO: [Physopt 32-663] Processed net hb823/reg_file_instance/registers_reg[8][5].  Re-placed instance hb823/reg_file_instance/registers_reg[8][5]
INFO: [Physopt 32-662] Processed net hb823/reg_file_instance/registers_reg[15][5].  Did not re-place instance hb823/reg_file_instance/registers_reg[15][5]
INFO: [Physopt 32-663] Processed net hb823/reg_file_instance/registers_reg[13][6].  Re-placed instance hb823/reg_file_instance/registers_reg[13][6]
INFO: [Physopt 32-662] Processed net hb823/reg_file_instance/registers_reg[14][5].  Did not re-place instance hb823/reg_file_instance/registers_reg[14][5]
INFO: [Physopt 32-663] Processed net hb823/reg_file_instance/registers_reg[10][5].  Re-placed instance hb823/reg_file_instance/registers_reg[10][5]
INFO: [Physopt 32-662] Processed net hb823/reg_file_instance/ALU_out0_carry__0_i_26_n_0.  Did not re-place instance hb823/reg_file_instance/ALU_out0_carry__0_i_26
INFO: [Physopt 32-662] Processed net instruction_mem_instance/PC_reg[14][9].  Did not re-place instance instruction_mem_instance/ALU_out0_carry__1_i_3
INFO: [Physopt 32-662] Processed net hb823/reg_file_instance/ALU_out0_carry__1_i_30_n_0.  Did not re-place instance hb823/reg_file_instance/ALU_out0_carry__1_i_30
INFO: [Physopt 32-662] Processed net instruction_mem_instance/PC_reg[11]_0[1].  Did not re-place instance instruction_mem_instance/i__carry__1_i_3
INFO: [Physopt 32-662] Processed net hb823/reg_file_instance/ALU_out0_carry__0_i_25_n_0.  Did not re-place instance hb823/reg_file_instance/ALU_out0_carry__0_i_25
INFO: [Physopt 32-662] Processed net hb823/reg_file_instance/ALU_out0_carry__1_i_29_n_0.  Did not re-place instance hb823/reg_file_instance/ALU_out0_carry__1_i_29
INFO: [Physopt 32-663] Processed net hb823/reg_file_instance/registers_reg[1][5].  Re-placed instance hb823/reg_file_instance/registers_reg[1][5]
INFO: [Physopt 32-662] Processed net hb823/reg_file_instance/registers_reg[2][5].  Did not re-place instance hb823/reg_file_instance/registers_reg[2][5]
INFO: [Physopt 32-662] Processed net hb823/reg_file_instance/ALU_out0_carry__1_i_32_n_0.  Did not re-place instance hb823/reg_file_instance/ALU_out0_carry__1_i_32
INFO: [Physopt 32-662] Processed net instruction_mem_instance/S[0].  Did not re-place instance instruction_mem_instance/ALU_out0_carry_i_8
INFO: [Physopt 32-662] Processed net instruction_mem_instance/D[12].  Did not re-place instance instruction_mem_instance/registers[14][12]_i_1
INFO: [Physopt 32-662] Processed net instruction_mem_instance/D[7].  Did not re-place instance instruction_mem_instance/registers[14][7]_i_1
INFO: [Physopt 32-662] Processed net instruction_mem_instance/ADDRARDADDR[7].  Did not re-place instance instruction_mem_instance/memory_reg_i_5
INFO: [Physopt 32-662] Processed net instruction_mem_instance/hb823/main_alu/ALU_out__101[12].  Did not re-place instance instruction_mem_instance/registers[14][12]_i_2
INFO: [Physopt 32-662] Processed net instruction_mem_instance/memory_reg_i_38_n_0.  Did not re-place instance instruction_mem_instance/memory_reg_i_38
INFO: [Physopt 32-662] Processed net instruction_mem_instance/registers[14][12]_i_3_n_0.  Did not re-place instance instruction_mem_instance/registers[14][12]_i_3
INFO: [Physopt 32-662] Processed net hb823/reg_file_instance/registers_reg[13][7].  Did not re-place instance hb823/reg_file_instance/registers_reg[13][7]
INFO: [Physopt 32-663] Processed net hb823/reg_file_instance/registers_reg[14][12].  Re-placed instance hb823/reg_file_instance/registers_reg[14][12]
INFO: [Physopt 32-662] Processed net hb823/reg_file_instance/registers_reg[10][7].  Did not re-place instance hb823/reg_file_instance/registers_reg[10][7]
INFO: [Physopt 32-663] Processed net hb823/reg_file_instance/registers_reg[13][12].  Re-placed instance hb823/reg_file_instance/registers_reg[13][12]
INFO: [Physopt 32-662] Processed net hb823/reg_file_instance/ALU_out0_carry__1_i_31_n_0.  Did not re-place instance hb823/reg_file_instance/ALU_out0_carry__1_i_31
INFO: [Physopt 32-662] Processed net hb823/reg_file_instance/memory_reg_i_146_n_0.  Did not re-place instance hb823/reg_file_instance/memory_reg_i_146
INFO: [Physopt 32-662] Processed net hb823/reg_file_instance/memory_reg_i_145_n_0.  Did not re-place instance hb823/reg_file_instance/memory_reg_i_145
INFO: [Physopt 32-662] Processed net hb823/reg_file_instance/registers_reg[14][7].  Did not re-place instance hb823/reg_file_instance/registers_reg[14][7]
INFO: [Physopt 32-662] Processed net hb823/reg_file_instance/memory_reg_i_132_n_0.  Did not re-place instance hb823/reg_file_instance/memory_reg_i_132
INFO: [Physopt 32-663] Processed net hb823/reg_file_instance/registers_reg[4][13].  Re-placed instance hb823/reg_file_instance/registers_reg[4][13]
INFO: [Physopt 32-662] Processed net hb823/reg_file_instance/memory_reg_i_131_n_0.  Did not re-place instance hb823/reg_file_instance/memory_reg_i_131
INFO: [Physopt 32-662] Processed net hb823/reg_file_instance/registers_reg[7][13].  Did not re-place instance hb823/reg_file_instance/registers_reg[7][13]
INFO: [Physopt 32-662] Processed net instruction_mem_instance/PC_reg[14][5].  Did not re-place instance instruction_mem_instance/ALU_out0_carry__0_i_3
INFO: [Physopt 32-662] Processed net instruction_mem_instance/PC_reg[7]_0[1].  Did not re-place instance instruction_mem_instance/i__carry__0_i_3
INFO: [Physopt 32-663] Processed net hb823/reg_file_instance/registers_reg[1][2].  Re-placed instance hb823/reg_file_instance/registers_reg[1][2]
INFO: [Physopt 32-662] Processed net hb823/reg_file_instance/ALU_out0_carry__1_i_25_n_0.  Did not re-place instance hb823/reg_file_instance/ALU_out0_carry__1_i_25
INFO: [Physopt 32-663] Processed net hb823/reg_file_instance/registers_reg[3][5].  Re-placed instance hb823/reg_file_instance/registers_reg[3][5]
INFO: [Physopt 32-662] Processed net instruction_mem_instance/ADDRARDADDR[3].  Did not re-place instance instruction_mem_instance/memory_reg_i_9
INFO: [Physopt 32-662] Processed net hb823/reg_file_instance/memory_reg_i_147_n_0.  Did not re-place instance hb823/reg_file_instance/memory_reg_i_147
INFO: [Physopt 32-662] Processed net instruction_mem_instance/memory_reg_i_46_n_0.  Did not re-place instance instruction_mem_instance/memory_reg_i_46
INFO: [Physopt 32-663] Processed net hb823/reg_file_instance/registers_reg[9][11].  Re-placed instance hb823/reg_file_instance/registers_reg[9][11]
INFO: [Physopt 32-662] Processed net instruction_mem_instance/PC_reg[14][3].  Did not re-place instance instruction_mem_instance/ALU_out0_carry_i_1
INFO: [Physopt 32-662] Processed net hb823/reg_file_instance/ALU_out0_carry_i_24_n_0.  Did not re-place instance hb823/reg_file_instance/ALU_out0_carry_i_24
INFO: [Physopt 32-662] Processed net instruction_mem_instance/inst_reg_15[3].  Did not re-place instance instruction_mem_instance/i__carry_i_1
INFO: [Physopt 32-662] Processed net hb823/reg_file_instance/ALU_out0_carry__0_i_27_n_0.  Did not re-place instance hb823/reg_file_instance/ALU_out0_carry__0_i_27
INFO: [Physopt 32-662] Processed net hb823/reg_file_instance/ALU_out0_carry__1_i_26_n_0.  Did not re-place instance hb823/reg_file_instance/ALU_out0_carry__1_i_26
INFO: [Physopt 32-662] Processed net hb823/reg_file_instance/ALU_out0_carry_i_25_n_0.  Did not re-place instance hb823/reg_file_instance/ALU_out0_carry_i_25
INFO: [Physopt 32-663] Processed net hb823/reg_file_instance/registers_reg[8][10].  Re-placed instance hb823/reg_file_instance/registers_reg[8][10]
INFO: [Physopt 32-662] Processed net instruction_mem_instance/PC_reg[14][4].  Did not re-place instance instruction_mem_instance/ALU_out0_carry__0_i_4
INFO: [Physopt 32-662] Processed net hb823/reg_file_instance/ALU_out0_carry__0_i_28_n_0.  Did not re-place instance hb823/reg_file_instance/ALU_out0_carry__0_i_28
INFO: [Physopt 32-662] Processed net hb823/reg_file_instance/ALU_out0_carry__0_i_35_n_0.  Did not re-place instance hb823/reg_file_instance/ALU_out0_carry__0_i_35
INFO: [Physopt 32-662] Processed net instruction_mem_instance/PC_reg[7]_0[0].  Did not re-place instance instruction_mem_instance/i__carry__0_i_4
INFO: [Physopt 32-662] Processed net instruction_mem_instance/S[3].  Did not re-place instance instruction_mem_instance/ALU_out0_carry_i_5
INFO: [Physopt 32-663] Processed net hb823/reg_file_instance/registers_reg[11][2].  Re-placed instance hb823/reg_file_instance/registers_reg[11][2]
INFO: [Physopt 32-662] Processed net hb823/reg_file_instance/ALU_out0_carry__0_i_36_n_0.  Did not re-place instance hb823/reg_file_instance/ALU_out0_carry__0_i_36
INFO: [Physopt 32-663] Processed net hb823/reg_file_instance/registers_reg[3][13].  Re-placed instance hb823/reg_file_instance/registers_reg[3][13]
INFO: [Physopt 32-662] Processed net hb823/reg_file_instance/ALU_out0_carry__0_i_32_n_0.  Did not re-place instance hb823/reg_file_instance/ALU_out0_carry__0_i_32
INFO: [Physopt 32-662] Processed net hb823/reg_file_instance/ALU_out0_carry__0_i_31_n_0.  Did not re-place instance hb823/reg_file_instance/ALU_out0_carry__0_i_31
INFO: [Physopt 32-663] Processed net instruction_mem_instance/D[4].  Re-placed instance instruction_mem_instance/registers[14][4]_i_1
INFO: [Physopt 32-662] Processed net instruction_mem_instance/ADDRARDADDR[4].  Did not re-place instance instruction_mem_instance/memory_reg_i_8
INFO: [Physopt 32-662] Processed net instruction_mem_instance/memory_reg_i_44_n_0.  Did not re-place instance instruction_mem_instance/memory_reg_i_44
INFO: [Physopt 32-662] Processed net hb823/reg_file_instance/registers_reg[14][4].  Did not re-place instance hb823/reg_file_instance/registers_reg[14][4]
INFO: [Physopt 32-663] Processed net hb823/reg_file_instance/registers_reg[5][4].  Re-placed instance hb823/reg_file_instance/registers_reg[5][4]
INFO: [Physopt 32-663] Processed net hb823/reg_file_instance/registers_reg[14][14].  Re-placed instance hb823/reg_file_instance/registers_reg[14][14]
INFO: [Physopt 32-662] Processed net hb823/reg_file_instance/registers_reg[15][13].  Did not re-place instance hb823/reg_file_instance/registers_reg[15][13]
INFO: [Physopt 32-663] Processed net hb823/reg_file_instance/registers_reg[8][13].  Re-placed instance hb823/reg_file_instance/registers_reg[8][13]
INFO: [Physopt 32-663] Processed net hb823/reg_file_instance/registers_reg[9][5].  Re-placed instance hb823/reg_file_instance/registers_reg[9][5]
INFO: [Physopt 32-662] Processed net instruction_mem_instance/memory_reg_i_157_n_0.  Did not re-place instance instruction_mem_instance/memory_reg_i_157
INFO: [Physopt 32-663] Processed net hb823/reg_file_instance/registers_reg[10][2].  Re-placed instance hb823/reg_file_instance/registers_reg[10][2]
INFO: [Physopt 32-662] Processed net hb823/reg_file_instance/ALU_out0_carry__0_i_24_n_0.  Did not re-place instance hb823/reg_file_instance/ALU_out0_carry__0_i_24
INFO: [Physopt 32-663] Processed net hb823/reg_file_instance/registers_reg[10][11].  Re-placed instance hb823/reg_file_instance/registers_reg[10][11]
INFO: [Physopt 32-662] Processed net hb823/reg_file_instance/ALU_out0_carry__0_i_23_n_0.  Did not re-place instance hb823/reg_file_instance/ALU_out0_carry__0_i_23
INFO: [Physopt 32-662] Processed net instruction_mem_instance/PC_reg[7][0].  Did not re-place instance instruction_mem_instance/ALU_out0_carry__0_i_8
INFO: [Physopt 32-663] Processed net hb823/reg_file_instance/registers_reg[7][10].  Re-placed instance hb823/reg_file_instance/registers_reg[7][10]
INFO: [Physopt 32-663] Processed net hb823/reg_file_instance/registers_reg[8][11].  Re-placed instance hb823/reg_file_instance/registers_reg[8][11]
INFO: [Physopt 32-662] Processed net instruction_mem_instance/D[9].  Did not re-place instance instruction_mem_instance/registers[14][9]_i_1
INFO: [Physopt 32-663] Processed net hb823/reg_file_instance/registers_reg[3][9].  Re-placed instance hb823/reg_file_instance/registers_reg[3][9]
INFO: [Physopt 32-663] Processed net hb823/reg_file_instance/registers_reg[13][11].  Re-placed instance hb823/reg_file_instance/registers_reg[13][11]
INFO: [Physopt 32-663] Processed net hb823/reg_file_instance/registers_reg[4][11].  Re-placed instance hb823/reg_file_instance/registers_reg[4][11]
INFO: [Physopt 32-662] Processed net hb823/reg_file_instance/memory_reg_i_148_n_0.  Did not re-place instance hb823/reg_file_instance/memory_reg_i_148
INFO: [Physopt 32-663] Processed net hb823/reg_file_instance/registers_reg[1][11].  Re-placed instance hb823/reg_file_instance/registers_reg[1][11]
INFO: [Physopt 32-662] Processed net hb823/reg_file_instance/ALU_out0_carry__0_i_34_n_0.  Did not re-place instance hb823/reg_file_instance/ALU_out0_carry__0_i_34
INFO: [Physopt 32-662] Processed net hb823/reg_file_instance/memory_reg_i_138_n_0.  Did not re-place instance hb823/reg_file_instance/memory_reg_i_138
INFO: [Physopt 32-662] Processed net hb823/reg_file_instance/memory_reg_i_137_n_0.  Did not re-place instance hb823/reg_file_instance/memory_reg_i_137
INFO: [Physopt 32-663] Processed net hb823/reg_file_instance/registers_reg[3][2].  Re-placed instance hb823/reg_file_instance/registers_reg[3][2]
INFO: [Physopt 32-662] Processed net hb823/reg_file_instance/ALU_out0_carry__1_i_28_n_0.  Did not re-place instance hb823/reg_file_instance/ALU_out0_carry__1_i_28
INFO: [Physopt 32-662] Processed net instruction_mem_instance/PC_reg[15]_0[1].  Did not re-place instance instruction_mem_instance/i__carry__2_i_3
INFO: [Physopt 32-662] Processed net hb823/reg_file_instance/ALU_out0_carry__0_i_33_n_0.  Did not re-place instance hb823/reg_file_instance/ALU_out0_carry__0_i_33
INFO: [Physopt 32-662] Processed net hb823/reg_file_instance/ALU_out0_carry_i_27_n_0.  Did not re-place instance hb823/reg_file_instance/ALU_out0_carry_i_27
INFO: [Physopt 32-662] Processed net hb823/reg_file_instance/ALU_out0_carry__0_i_30_n_0.  Did not re-place instance hb823/reg_file_instance/ALU_out0_carry__0_i_30
INFO: [Physopt 32-662] Processed net hb823/reg_file_instance/registers_reg[1][13].  Did not re-place instance hb823/reg_file_instance/registers_reg[1][13]
INFO: [Physopt 32-662] Processed net hb823/reg_file_instance/registers_reg[9][13].  Did not re-place instance hb823/reg_file_instance/registers_reg[9][13]
INFO: [Physopt 32-663] Processed net hb823/reg_file_instance/registers_reg[4][14].  Re-placed instance hb823/reg_file_instance/registers_reg[4][14]
INFO: [Physopt 32-662] Processed net hb823/reg_file_instance/ALU_out0_carry__0_i_38_n_0.  Did not re-place instance hb823/reg_file_instance/ALU_out0_carry__0_i_38
INFO: [Physopt 32-662] Processed net hb823/reg_file_instance/registers_reg[14][10].  Did not re-place instance hb823/reg_file_instance/registers_reg[14][10]
INFO: [Physopt 32-663] Processed net hb823/reg_file_instance/registers_reg[8][14].  Re-placed instance hb823/reg_file_instance/registers_reg[8][14]
INFO: [Physopt 32-662] Processed net hb823/reg_file_instance/registers_reg[6][14].  Did not re-place instance hb823/reg_file_instance/registers_reg[6][14]
INFO: [Physopt 32-662] Processed net hb823/reg_file_instance/ALU_out0_carry_i_26_n_0.  Did not re-place instance hb823/reg_file_instance/ALU_out0_carry_i_26
INFO: [Physopt 32-662] Processed net hb823/reg_file_instance/ALU_out0_carry__0_i_29_n_0.  Did not re-place instance hb823/reg_file_instance/ALU_out0_carry__0_i_29
INFO: [Physopt 32-662] Processed net hb823/reg_file_instance/registers_reg[13][13].  Did not re-place instance hb823/reg_file_instance/registers_reg[13][13]
INFO: [Physopt 32-663] Processed net hb823/reg_file_instance/registers_reg[9][10].  Re-placed instance hb823/reg_file_instance/registers_reg[9][10]
INFO: [Physopt 32-663] Processed net hb823/reg_file_instance/registers_reg[4][2].  Re-placed instance hb823/reg_file_instance/registers_reg[4][2]
INFO: [Physopt 32-662] Processed net hb823/reg_file_instance/ALU_out0_carry__0_i_37_n_0.  Did not re-place instance hb823/reg_file_instance/ALU_out0_carry__0_i_37
INFO: [Physopt 32-663] Processed net hb823/reg_file_instance/registers_reg[5][9].  Re-placed instance hb823/reg_file_instance/registers_reg[5][9]
INFO: [Physopt 32-663] Processed net instruction_mem_instance/D[8].  Re-placed instance instruction_mem_instance/registers[14][8]_i_1
INFO: [Physopt 32-662] Processed net instruction_mem_instance/ADDRARDADDR[8].  Did not re-place instance instruction_mem_instance/memory_reg_i_4
INFO: [Physopt 32-662] Processed net instruction_mem_instance/memory_reg_i_36_n_0.  Did not re-place instance instruction_mem_instance/memory_reg_i_36
INFO: [Physopt 32-662] Processed net hb823/reg_file_instance/registers_reg[5][13].  Did not re-place instance hb823/reg_file_instance/registers_reg[5][13]
INFO: [Physopt 32-663] Processed net hb823/reg_file_instance/registers_reg[5][8].  Re-placed instance hb823/reg_file_instance/registers_reg[5][8]
INFO: [Physopt 32-662] Processed net hb823/reg_file_instance/memory_reg_i_102_n_0.  Did not re-place instance hb823/reg_file_instance/memory_reg_i_102
INFO: [Physopt 32-663] Processed net hb823/reg_file_instance/registers_reg[11][11].  Re-placed instance hb823/reg_file_instance/registers_reg[11][11]
INFO: [Physopt 32-663] Processed net hb823/reg_file_instance/registers_reg[11][14].  Re-placed instance hb823/reg_file_instance/registers_reg[11][14]
INFO: [Physopt 32-663] Processed net hb823/reg_file_instance/registers_reg[12][11].  Re-placed instance hb823/reg_file_instance/registers_reg[12][11]
INFO: [Physopt 32-662] Processed net hb823/reg_file_instance/memory_reg_i_101_n_0.  Did not re-place instance hb823/reg_file_instance/memory_reg_i_101
INFO: [Physopt 32-663] Processed net hb823/reg_file_instance/registers_reg[8][2].  Re-placed instance hb823/reg_file_instance/registers_reg[8][2]
INFO: [Physopt 32-662] Processed net instruction_mem_instance/PC_reg[7][1].  Did not re-place instance instruction_mem_instance/ALU_out0_carry__0_i_7
INFO: [Physopt 32-663] Processed net hb823/reg_file_instance/registers_reg[9][12].  Re-placed instance hb823/reg_file_instance/registers_reg[9][12]
INFO: [Physopt 32-662] Processed net hb823/reg_file_instance/registers_reg[1][7].  Did not re-place instance hb823/reg_file_instance/registers_reg[1][7]
INFO: [Physopt 32-663] Processed net hb823/reg_file_instance/registers_reg[15][14].  Re-placed instance hb823/reg_file_instance/registers_reg[15][14]
INFO: [Physopt 32-663] Processed net hb823/reg_file_instance/registers_reg[2][11].  Re-placed instance hb823/reg_file_instance/registers_reg[2][11]
INFO: [Physopt 32-663] Processed net hb823/reg_file_instance/registers_reg[15][6].  Re-placed instance hb823/reg_file_instance/registers_reg[15][6]
INFO: [Physopt 32-662] Processed net hb823/reg_file_instance/registers_reg[12][7].  Did not re-place instance hb823/reg_file_instance/registers_reg[12][7]
INFO: [Physopt 32-663] Processed net hb823/reg_file_instance/registers_reg[15][11].  Re-placed instance hb823/reg_file_instance/registers_reg[15][11]
INFO: [Physopt 32-662] Processed net instruction_mem_instance/PC_reg[11][0].  Did not re-place instance instruction_mem_instance/ALU_out0_carry__1_i_8
INFO: [Physopt 32-663] Processed net hb823/reg_file_instance/registers_reg[12][5].  Re-placed instance hb823/reg_file_instance/registers_reg[12][5]
INFO: [Physopt 32-662] Processed net hb823/reg_file_instance/registers_reg[6][8].  Did not re-place instance hb823/reg_file_instance/registers_reg[6][8]
INFO: [Physopt 32-661] Optimized 70 nets.  Re-placed 70 instances.
INFO: [Physopt 32-775] End 1 Pass. Optimized 70 nets or cells. Created 0 new cell, deleted 0 existing cell and moved 70 existing cells
INFO: [Physopt 32-619] Estimated Timing Summary | WNS=-2.428 | TNS=-499.287 |
Netlist sorting complete. Time (s): cpu = 00:00:00 ; elapsed = 00:00:00.001 . Memory (MB): peak = 2316.531 ; gain = 0.000
Phase 4 Single Cell Placement Optimization | Checksum: 24a984d79

Time (s): cpu = 00:00:30 ; elapsed = 00:00:18 . Memory (MB): peak = 2316.531 ; gain = 0.000

Phase 5 Multi Cell Placement Optimization
INFO: [Physopt 32-660] Identified 100 candidate nets for placement-based optimization.
INFO: [Physopt 32-662] Processed net instruction_mem_instance/PC_reg[14][1].  Did not re-place instance instruction_mem_instance/ALU_out0_carry_i_3/O
INFO: [Physopt 32-662] Processed net instruction_mem_instance/ADDRARDADDR[9].  Did not re-place instance instruction_mem_instance/memory_reg_i_3/O
INFO: [Physopt 32-662] Processed net instruction_mem_instance/memory_reg_i_34_n_0.  Did not re-place instance instruction_mem_instance/memory_reg_i_34/O
INFO: [Physopt 32-662] Processed net instruction_mem_instance/hb823/main_alu/ALU_out__101[15].  Did not re-place instance instruction_mem_instance/registers[14][15]_i_7/O
INFO: [Physopt 32-662] Processed net instruction_mem_instance/registers[14][15]_i_10_n_0.  Did not re-place instance instruction_mem_instance/registers[14][15]_i_10/O
INFO: [Physopt 32-662] Processed net instruction_mem_instance/PC_reg[14][2].  Did not re-place instance instruction_mem_instance/ALU_out0_carry_i_2/O
INFO: [Physopt 32-662] Processed net instruction_mem_instance/PC_reg[14][8].  Did not re-place instance instruction_mem_instance/ALU_out0_carry__1_i_4/O
INFO: [Physopt 32-662] Processed net instruction_mem_instance/PC_reg[14][0].  Did not re-place instance instruction_mem_instance/ALU_out0_carry_i_4/O
INFO: [Physopt 32-662] Processed net instruction_mem_instance/PC_reg[14][10].  Did not re-place instance instruction_mem_instance/ALU_out0_carry__1_i_2/O
INFO: [Physopt 32-662] Processed net instruction_mem_instance/PC_reg[14][6].  Did not re-place instance instruction_mem_instance/ALU_out0_carry__0_i_2/O
INFO: [Physopt 32-662] Processed net instruction_mem_instance/PC_reg[14][12].  Did not re-place instance instruction_mem_instance/ALU_out0_carry__2_i_3/O
INFO: [Physopt 32-662] Processed net instruction_mem_instance/hb823/main_alu/ALU_out__101[13].  Did not re-place instance instruction_mem_instance/registers[14][13]_i_2/O
INFO: [Physopt 32-662] Processed net instruction_mem_instance/registers[14][13]_i_3_n_0.  Did not re-place instance instruction_mem_instance/registers[14][13]_i_3/O
INFO: [Physopt 32-662] Processed net instruction_mem_instance/PC_reg[14][7].  Did not re-place instance instruction_mem_instance/ALU_out0_carry__0_i_1/O
INFO: [Physopt 32-662] Processed net instruction_mem_instance/ADDRARDADDR[2].  Did not re-place instance instruction_mem_instance/memory_reg_i_10/O
INFO: [Physopt 32-662] Processed net instruction_mem_instance/memory_reg_i_48_n_0.  Did not re-place instance instruction_mem_instance/memory_reg_i_48/O
INFO: [Physopt 32-662] Processed net instruction_mem_instance/PC_reg[14][9].  Did not re-place instance instruction_mem_instance/ALU_out0_carry__1_i_3/O
INFO: [Physopt 32-662] Processed net instruction_mem_instance/ADDRARDADDR[5].  Did not re-place instance instruction_mem_instance/memory_reg_i_7/O
INFO: [Physopt 32-662] Processed net instruction_mem_instance/memory_reg_i_42_n_0.  Did not re-place instance instruction_mem_instance/memory_reg_i_42/O
INFO: [Physopt 32-662] Processed net instruction_mem_instance/ADDRARDADDR[7].  Did not re-place instance instruction_mem_instance/memory_reg_i_5/O
INFO: [Physopt 32-662] Processed net instruction_mem_instance/memory_reg_i_38_n_0.  Did not re-place instance instruction_mem_instance/memory_reg_i_38/O
INFO: [Physopt 32-662] Processed net instruction_mem_instance/hb823/main_alu/ALU_out__101[11].  Did not re-place instance instruction_mem_instance/registers[14][11]_i_2/O
INFO: [Physopt 32-662] Processed net instruction_mem_instance/registers[14][11]_i_3_n_0.  Did not re-place instance instruction_mem_instance/registers[14][11]_i_3/O
INFO: [Physopt 32-662] Processed net instruction_mem_instance/ADDRARDADDR[10].  Did not re-place instance instruction_mem_instance/memory_reg_i_2/O
INFO: [Physopt 32-662] Processed net instruction_mem_instance/memory_reg_i_29_n_0.  Did not re-place instance instruction_mem_instance/memory_reg_i_29/O
INFO: [Physopt 32-662] Processed net instruction_mem_instance/PC_reg[14][5].  Did not re-place instance instruction_mem_instance/ALU_out0_carry__0_i_3/O
INFO: [Physopt 32-662] Processed net instruction_mem_instance/ADDRARDADDR[3].  Did not re-place instance instruction_mem_instance/memory_reg_i_9/O
INFO: [Physopt 32-662] Processed net instruction_mem_instance/memory_reg_i_46_n_0.  Did not re-place instance instruction_mem_instance/memory_reg_i_46/O
INFO: [Physopt 32-662] Processed net instruction_mem_instance/PC_reg[14][3].  Did not re-place instance instruction_mem_instance/ALU_out0_carry_i_1/O
INFO: [Physopt 32-662] Processed net instruction_mem_instance/PC_reg[14][4].  Did not re-place instance instruction_mem_instance/ALU_out0_carry__0_i_4/O
INFO: [Physopt 32-662] Processed net instruction_mem_instance/hb823/main_alu/ALU_out__101[14].  Did not re-place instance instruction_mem_instance/registers[14][14]_i_2/O
INFO: [Physopt 32-662] Processed net instruction_mem_instance/registers[14][14]_i_3_n_0.  Did not re-place instance instruction_mem_instance/registers[14][14]_i_3/O
INFO: [Physopt 32-662] Processed net instruction_mem_instance/ADDRARDADDR[6].  Did not re-place instance instruction_mem_instance/memory_reg_i_6/O
INFO: [Physopt 32-662] Processed net instruction_mem_instance/memory_reg_i_40_n_0.  Did not re-place instance instruction_mem_instance/memory_reg_i_40/O
INFO: [Physopt 32-661] Optimized 0 net.  Re-placed 0 instance.
INFO: [Physopt 32-775] End 1 Pass. Optimized 0 net or cell. Created 0 new cell, deleted 0 existing cell and moved 0 existing cell
Netlist sorting complete. Time (s): cpu = 00:00:00 ; elapsed = 00:00:00.001 . Memory (MB): peak = 2316.531 ; gain = 0.000
Phase 5 Multi Cell Placement Optimization | Checksum: 1e7647171

Time (s): cpu = 00:00:46 ; elapsed = 00:00:28 . Memory (MB): peak = 2316.531 ; gain = 0.000

Phase 6 Rewire
INFO: [Physopt 32-246] Starting Signal Push optimization...
INFO: [Physopt 32-241] No nets found for rewiring () optimization.
INFO: [Physopt 32-232] Optimized 0 net. Created 0 new instance.
INFO: [Physopt 32-775] End 1 Pass. Optimized 0 net or cell. Created 0 new cell, deleted 0 existing cell and moved 0 existing cell
Netlist sorting complete. Time (s): cpu = 00:00:00 ; elapsed = 00:00:00.001 . Memory (MB): peak = 2316.531 ; gain = 0.000
Phase 6 Rewire | Checksum: 1e7647171

Time (s): cpu = 00:00:46 ; elapsed = 00:00:28 . Memory (MB): peak = 2316.531 ; gain = 0.000

Phase 7 Critical Cell Optimization
INFO: [Physopt 32-46] Identified 30 candidate nets for critical-cell optimization.
INFO: [Physopt 32-572] Net instruction_mem_instance/PC_reg[14][1] was not replicated.
Resolution: phys_opt_design can be forced to replicate a net driver using the option -force_replication_on_nets <list of net objects>.
INFO: [Physopt 32-572] Net instruction_mem_instance/ADDRARDADDR[9] was not replicated.
Resolution: phys_opt_design can be forced to replicate a net driver using the option -force_replication_on_nets <list of net objects>.
INFO: [Physopt 32-572] Net instruction_mem_instance/D[15] was not replicated.
Resolution: phys_opt_design can be forced to replicate a net driver using the option -force_replication_on_nets <list of net objects>.
INFO: [Physopt 32-572] Net instruction_mem_instance/hb823/main_alu/ALU_out__101[15] was not replicated.
Resolution: phys_opt_design can be forced to replicate a net driver using the option -force_replication_on_nets <list of net objects>.
INFO: [Physopt 32-572] Net instruction_mem_instance/PC_reg[14][2] was not replicated.
Resolution: phys_opt_design can be forced to replicate a net driver using the option -force_replication_on_nets <list of net objects>.
INFO: [Physopt 32-572] Net instruction_mem_instance/PC_reg[14][8] was not replicated.
Resolution: phys_opt_design can be forced to replicate a net driver using the option -force_replication_on_nets <list of net objects>.
INFO: [Physopt 32-572] Net instruction_mem_instance/PC_reg[14][0] was not replicated.
Resolution: phys_opt_design can be forced to replicate a net driver using the option -force_replication_on_nets <list of net objects>.
INFO: [Physopt 32-572] Net instruction_mem_instance/PC_reg[14][10] was not replicated.
Resolution: phys_opt_design can be forced to replicate a net driver using the option -force_replication_on_nets <list of net objects>.
INFO: [Physopt 32-572] Net instruction_mem_instance/PC_reg[14][6] was not replicated.
Resolution: phys_opt_design can be forced to replicate a net driver using the option -force_replication_on_nets <list of net objects>.
INFO: [Physopt 32-572] Net instruction_mem_instance/PC_reg[14][12] was not replicated.
Resolution: phys_opt_design can be forced to replicate a net driver using the option -force_replication_on_nets <list of net objects>.
INFO: [Physopt 32-572] Net instruction_mem_instance/D[13] was not replicated.
Resolution: phys_opt_design can be forced to replicate a net driver using the option -force_replication_on_nets <list of net objects>.
INFO: [Physopt 32-572] Net instruction_mem_instance/hb823/main_alu/ALU_out__101[13] was not replicated.
Resolution: phys_opt_design can be forced to replicate a net driver using the option -force_replication_on_nets <list of net objects>.
INFO: [Physopt 32-572] Net instruction_mem_instance/PC_reg[14][7] was not replicated.
Resolution: phys_opt_design can be forced to replicate a net driver using the option -force_replication_on_nets <list of net objects>.
INFO: [Physopt 32-572] Net instruction_mem_instance/ADDRARDADDR[2] was not replicated.
Resolution: phys_opt_design can be forced to replicate a net driver using the option -force_replication_on_nets <list of net objects>.
INFO: [Physopt 32-572] Net instruction_mem_instance/rsR1_addr__10[0] was not replicated.
Resolution: phys_opt_design can be forced to replicate a net driver using the option -force_replication_on_nets <list of net objects>.
INFO: [Physopt 32-572] Net instruction_mem_instance/PC_reg[14][9] was not replicated.
Resolution: phys_opt_design can be forced to replicate a net driver using the option -force_replication_on_nets <list of net objects>.
INFO: [Physopt 32-572] Net instruction_mem_instance/D[5] was not replicated.
Resolution: phys_opt_design can be forced to replicate a net driver using the option -force_replication_on_nets <list of net objects>.
INFO: [Physopt 32-572] Net instruction_mem_instance/ADDRARDADDR[5] was not replicated.
Resolution: phys_opt_design can be forced to replicate a net driver using the option -force_replication_on_nets <list of net objects>.
INFO: [Physopt 32-572] Net instruction_mem_instance/D[7] was not replicated.
Resolution: phys_opt_design can be forced to replicate a net driver using the option -force_replication_on_nets <list of net objects>.
INFO: [Physopt 32-572] Net instruction_mem_instance/ADDRARDADDR[7] was not replicated.
Resolution: phys_opt_design can be forced to replicate a net driver using the option -force_replication_on_nets <list of net objects>.
INFO: [Physopt 32-572] Net instruction_mem_instance/D[11] was not replicated.
Resolution: phys_opt_design can be forced to replicate a net driver using the option -force_replication_on_nets <list of net objects>.
INFO: [Physopt 32-572] Net instruction_mem_instance/hb823/main_alu/ALU_out__101[11] was not replicated.
Resolution: phys_opt_design can be forced to replicate a net driver using the option -force_replication_on_nets <list of net objects>.
INFO: [Physopt 32-572] Net instruction_mem_instance/ADDRARDADDR[10] was not replicated.
Resolution: phys_opt_design can be forced to replicate a net driver using the option -force_replication_on_nets <list of net objects>.
INFO: [Physopt 32-572] Net instruction_mem_instance/PC_reg[14][5] was not replicated.
Resolution: phys_opt_design can be forced to replicate a net driver using the option -force_replication_on_nets <list of net objects>.
INFO: [Physopt 32-572] Net instruction_mem_instance/ADDRARDADDR[3] was not replicated.
Resolution: phys_opt_design can be forced to replicate a net driver using the option -force_replication_on_nets <list of net objects>.
INFO: [Physopt 32-572] Net instruction_mem_instance/PC_reg[14][3] was not replicated.
Resolution: phys_opt_design can be forced to replicate a net driver using the option -force_replication_on_nets <list of net objects>.
INFO: [Physopt 32-572] Net instruction_mem_instance/PC_reg[14][4] was not replicated.
Resolution: phys_opt_design can be forced to replicate a net driver using the option -force_replication_on_nets <list of net objects>.
INFO: [Physopt 32-572] Net instruction_mem_instance/D[14] was not replicated.
Resolution: phys_opt_design can be forced to replicate a net driver using the option -force_replication_on_nets <list of net objects>.
INFO: [Physopt 32-572] Net instruction_mem_instance/hb823/main_alu/ALU_out__101[14] was not replicated.
Resolution: phys_opt_design can be forced to replicate a net driver using the option -force_replication_on_nets <list of net objects>.
INFO: [Physopt 32-572] Net instruction_mem_instance/ADDRARDADDR[6] was not replicated.
Resolution: phys_opt_design can be forced to replicate a net driver using the option -force_replication_on_nets <list of net objects>.
INFO: [Physopt 32-232] Optimized 0 net. Created 0 new instance.
INFO: [Physopt 32-775] End 1 Pass. Optimized 0 net or cell. Created 0 new cell, deleted 0 existing cell and moved 0 existing cell
Netlist sorting complete. Time (s): cpu = 00:00:00 ; elapsed = 00:00:00.002 . Memory (MB): peak = 2316.531 ; gain = 0.000
Phase 7 Critical Cell Optimization | Checksum: 241cbdc01

Time (s): cpu = 00:01:05 ; elapsed = 00:00:39 . Memory (MB): peak = 2316.531 ; gain = 0.000

Phase 8 Fanout Optimization
INFO: [Physopt 32-64] No nets found for fanout-optimization.
INFO: [Physopt 32-232] Optimized 0 net. Created 0 new instance.
INFO: [Physopt 32-775] End 1 Pass. Optimized 0 net or cell. Created 0 new cell, deleted 0 existing cell and moved 0 existing cell
Phase 8 Fanout Optimization | Checksum: 241cbdc01

Time (s): cpu = 00:01:05 ; elapsed = 00:00:39 . Memory (MB): peak = 2316.531 ; gain = 0.000

Phase 9 Single Cell Placement Optimization
INFO: [Physopt 32-660] Identified 250 candidate nets for placement-based optimization.
INFO: [Physopt 32-662] Processed net instruction_mem_instance/rsR1_addr__10[2].  Did not re-place instance instruction_mem_instance/ALU_out0_carry_i_40
INFO: [Physopt 32-662] Processed net instruction_mem_instance/PC_reg[14][1].  Did not re-place instance instruction_mem_instance/ALU_out0_carry_i_3
INFO: [Physopt 32-662] Processed net instruction_mem_instance/ADDRARDADDR[9].  Did not re-place instance instruction_mem_instance/memory_reg_i_3
INFO: [Physopt 32-662] Processed net hb823/reg_file_instance/ALU_out0_carry_i_34_n_0.  Did not re-place instance hb823/reg_file_instance/ALU_out0_carry_i_34
INFO: [Physopt 32-662] Processed net instruction_mem_instance/inst_reg_15[1].  Did not re-place instance instruction_mem_instance/i__carry_i_3
INFO: [Physopt 32-662] Processed net instruction_mem_instance/memory_reg_i_34_n_0.  Did not re-place instance instruction_mem_instance/memory_reg_i_34
INFO: [Physopt 32-662] Processed net hb823/reg_file_instance/ALU_out0_carry_i_35_n_0.  Did not re-place instance hb823/reg_file_instance/ALU_out0_carry_i_35
INFO: [Physopt 32-662] Processed net instruction_mem_instance/S[1].  Did not re-place instance instruction_mem_instance/ALU_out0_carry_i_7
INFO: [Physopt 32-662] Processed net instruction_mem_instance/D[15].  Did not re-place instance instruction_mem_instance/registers[14][15]_i_2
INFO: [Physopt 32-662] Processed net instruction_mem_instance/hb823/main_alu/ALU_out__101[15].  Did not re-place instance instruction_mem_instance/registers[14][15]_i_7
INFO: [Physopt 32-662] Processed net instruction_mem_instance/registers[14][15]_i_10_n_0.  Did not re-place instance instruction_mem_instance/registers[14][15]_i_10
INFO: [Physopt 32-663] Processed net hb823/reg_file_instance/registers_reg[4][15].  Re-placed instance hb823/reg_file_instance/registers_reg[4][15]
INFO: [Physopt 32-662] Processed net hb823/reg_file_instance/registers_reg[13][15].  Did not re-place instance hb823/reg_file_instance/registers_reg[13][15]
INFO: [Physopt 32-662] Processed net instruction_mem_instance/PC_reg[14][2].  Did not re-place instance instruction_mem_instance/ALU_out0_carry_i_2
INFO: [Physopt 32-662] Processed net hb823/reg_file_instance/ALU_out0_carry_i_31_n_0.  Did not re-place instance hb823/reg_file_instance/ALU_out0_carry_i_31
INFO: [Physopt 32-662] Processed net instruction_mem_instance/inst_reg_15[2].  Did not re-place instance instruction_mem_instance/i__carry_i_2
INFO: [Physopt 32-662] Processed net hb823/reg_file_instance/ALU_out0_carry_i_30_n_0.  Did not re-place instance hb823/reg_file_instance/ALU_out0_carry_i_30
INFO: [Physopt 32-662] Processed net instruction_mem_instance/rsR1_addr__10[3].  Did not re-place instance instruction_mem_instance/ALU_out0_carry_i_41
INFO: [Physopt 32-662] Processed net hb823/reg_file_instance/ALU_out0_carry_i_32_n_0.  Did not re-place instance hb823/reg_file_instance/ALU_out0_carry_i_32
INFO: [Physopt 32-662] Processed net hb823/reg_file_instance/ALU_out0_carry_i_33_n_0.  Did not re-place instance hb823/reg_file_instance/ALU_out0_carry_i_33
INFO: [Physopt 32-662] Processed net hb823/reg_file_instance/registers_reg[1][15].  Did not re-place instance hb823/reg_file_instance/registers_reg[1][15]
INFO: [Physopt 32-662] Processed net hb823/reg_file_instance/registers_reg[14][15].  Did not re-place instance hb823/reg_file_instance/registers_reg[14][15]
INFO: [Physopt 32-663] Processed net instruction_mem_instance/rsR1_addr__10[1].  Re-placed instance instruction_mem_instance/ALU_out0_carry_i_23
INFO: [Physopt 32-662] Processed net hb823/reg_file_instance/memory_reg_i_150_n_0.  Did not re-place instance hb823/reg_file_instance/memory_reg_i_150
INFO: [Physopt 32-662] Processed net instruction_mem_instance/memory_reg_i_162_n_0.  Did not re-place instance instruction_mem_instance/memory_reg_i_162
INFO: [Physopt 32-662] Processed net hb823/reg_file_instance/memory_reg_i_149_n_0.  Did not re-place instance hb823/reg_file_instance/memory_reg_i_149
INFO: [Physopt 32-662] Processed net instruction_mem_instance/memory_reg_i_164_n_0.  Did not re-place instance instruction_mem_instance/memory_reg_i_164
INFO: [Physopt 32-662] Processed net hb823/reg_file_instance/ALU_out0_carry_i_29_n_0.  Did not re-place instance hb823/reg_file_instance/ALU_out0_carry_i_29
INFO: [Physopt 32-662] Processed net hb823/reg_file_instance/ALU_out0_carry_i_28_n_0.  Did not re-place instance hb823/reg_file_instance/ALU_out0_carry_i_28
INFO: [Physopt 32-662] Processed net instruction_mem_instance/memory_reg_i_161_n_0.  Did not re-place instance instruction_mem_instance/memory_reg_i_161
INFO: [Physopt 32-662] Processed net instruction_mem_instance/inst_reg_15[0].  Did not re-place instance instruction_mem_instance/i__carry_i_4
INFO: [Physopt 32-662] Processed net instruction_mem_instance/memory_reg_i_91_n_0.  Did not re-place instance instruction_mem_instance/memory_reg_i_91
INFO: [Physopt 32-662] Processed net hb823/reg_file_instance/memory_reg_i_154_n_0.  Did not re-place instance hb823/reg_file_instance/memory_reg_i_154
INFO: [Physopt 32-662] Processed net hb823/reg_file_instance/memory_reg_i_151_n_0.  Did not re-place instance hb823/reg_file_instance/memory_reg_i_151
INFO: [Physopt 32-662] Processed net hb823/reg_file_instance/memory_reg_i_153_n_0.  Did not re-place instance hb823/reg_file_instance/memory_reg_i_153
INFO: [Physopt 32-662] Processed net instruction_mem_instance/PC_reg[14][8].  Did not re-place instance instruction_mem_instance/ALU_out0_carry__1_i_4
INFO: [Physopt 32-662] Processed net hb823/reg_file_instance/ALU_out0_carry__1_i_34_n_0.  Did not re-place instance hb823/reg_file_instance/ALU_out0_carry__1_i_34
INFO: [Physopt 32-662] Processed net instruction_mem_instance/PC_reg[11]_0[0].  Did not re-place instance instruction_mem_instance/i__carry__1_i_4
INFO: [Physopt 32-662] Processed net instruction_mem_instance/PC_reg[14][0].  Did not re-place instance instruction_mem_instance/ALU_out0_carry_i_4
INFO: [Physopt 32-662] Processed net hb823/reg_file_instance/ALU_out0_carry_i_37_n_0.  Did not re-place instance hb823/reg_file_instance/ALU_out0_carry_i_37
INFO: [Physopt 32-662] Processed net hb823/reg_file_instance/ALU_out0_carry__1_i_33_n_0.  Did not re-place instance hb823/reg_file_instance/ALU_out0_carry__1_i_33
INFO: [Physopt 32-662] Processed net hb823/reg_file_instance/ALU_out0_carry_i_36_n_0.  Did not re-place instance hb823/reg_file_instance/ALU_out0_carry_i_36
INFO: [Physopt 32-662] Processed net hb823/reg_file_instance/memory_reg_i_152_n_0.  Did not re-place instance hb823/reg_file_instance/memory_reg_i_152
INFO: [Physopt 32-662] Processed net instruction_mem_instance/PC_reg[14][10].  Did not re-place instance instruction_mem_instance/ALU_out0_carry__1_i_2
INFO: [Physopt 32-662] Processed net instruction_mem_instance/PC_reg[11]_0[2].  Did not re-place instance instruction_mem_instance/i__carry__1_i_2
INFO: [Physopt 32-662] Processed net hb823/reg_file_instance/registers_reg[3][15].  Did not re-place instance hb823/reg_file_instance/registers_reg[3][15]
INFO: [Physopt 32-662] Processed net hb823/reg_file_instance/memory_reg_i_156_n_0.  Did not re-place instance hb823/reg_file_instance/memory_reg_i_156
INFO: [Physopt 32-662] Processed net hb823/reg_file_instance/registers_reg[6][15].  Did not re-place instance hb823/reg_file_instance/registers_reg[6][15]
INFO: [Physopt 32-662] Processed net instruction_mem_instance/memory_reg_i_163_n_0.  Did not re-place instance instruction_mem_instance/memory_reg_i_163
INFO: [Physopt 32-662] Processed net hb823/reg_file_instance/memory_reg_i_155_n_0.  Did not re-place instance hb823/reg_file_instance/memory_reg_i_155
INFO: [Physopt 32-662] Processed net hb823/reg_file_instance/registers_reg[12][15].  Did not re-place instance hb823/reg_file_instance/registers_reg[12][15]
INFO: [Physopt 32-662] Processed net hb823/reg_file_instance/registers_reg[2][15].  Did not re-place instance hb823/reg_file_instance/registers_reg[2][15]
INFO: [Physopt 32-662] Processed net instruction_mem_instance/PC_reg[14][6].  Did not re-place instance instruction_mem_instance/ALU_out0_carry__0_i_2
INFO: [Physopt 32-662] Processed net instruction_mem_instance/PC_reg[7]_0[2].  Did not re-place instance instruction_mem_instance/i__carry__0_i_2
INFO: [Physopt 32-662] Processed net hb823/reg_file_instance/ALU_out0_carry_i_39_n_0.  Did not re-place instance hb823/reg_file_instance/ALU_out0_carry_i_39
INFO: [Physopt 32-662] Processed net instruction_mem_instance/PC_reg[14][12].  Did not re-place instance instruction_mem_instance/ALU_out0_carry__2_i_3
INFO: [Physopt 32-662] Processed net instruction_mem_instance/PC_reg[15]_0[0].  Did not re-place instance instruction_mem_instance/i__carry__2_i_4
INFO: [Physopt 32-662] Processed net instruction_mem_instance/S[2].  Did not re-place instance instruction_mem_instance/ALU_out0_carry_i_6
INFO: [Physopt 32-662] Processed net instruction_mem_instance/D[13].  Did not re-place instance instruction_mem_instance/registers[14][13]_i_1
INFO: [Physopt 32-662] Processed net instruction_mem_instance/hb823/main_alu/ALU_out__101[13].  Did not re-place instance instruction_mem_instance/registers[14][13]_i_2
INFO: [Physopt 32-662] Processed net instruction_mem_instance/registers[14][13]_i_3_n_0.  Did not re-place instance instruction_mem_instance/registers[14][13]_i_3
INFO: [Physopt 32-662] Processed net hb823/reg_file_instance/registers_reg[11][13].  Did not re-place instance hb823/reg_file_instance/registers_reg[11][13]
INFO: [Physopt 32-662] Processed net hb823/reg_file_instance/registers_reg[6][13].  Did not re-place instance hb823/reg_file_instance/registers_reg[6][13]
INFO: [Physopt 32-662] Processed net hb823/reg_file_instance/registers_reg[8][15].  Did not re-place instance hb823/reg_file_instance/registers_reg[8][15]
INFO: [Physopt 32-662] Processed net hb823/reg_file_instance/registers_reg[9][15].  Did not re-place instance hb823/reg_file_instance/registers_reg[9][15]
INFO: [Physopt 32-662] Processed net hb823/reg_file_instance/ALU_out0_carry_i_38_n_0.  Did not re-place instance hb823/reg_file_instance/ALU_out0_carry_i_38
INFO: [Physopt 32-662] Processed net hb823/reg_file_instance/registers_reg[12][13].  Did not re-place instance hb823/reg_file_instance/registers_reg[12][13]
INFO: [Physopt 32-662] Processed net hb823/reg_file_instance/registers_reg[14][13].  Did not re-place instance hb823/reg_file_instance/registers_reg[14][13]
INFO: [Physopt 32-662] Processed net hb823/reg_file_instance/registers_reg[15][15].  Did not re-place instance hb823/reg_file_instance/registers_reg[15][15]
INFO: [Physopt 32-662] Processed net hb823/reg_file_instance/ALU_out0_carry__2_i_26_n_0.  Did not re-place instance hb823/reg_file_instance/ALU_out0_carry__2_i_26
INFO: [Physopt 32-662] Processed net hb823/reg_file_instance/memory_reg_i_128_n_0.  Did not re-place instance hb823/reg_file_instance/memory_reg_i_128
INFO: [Physopt 32-662] Processed net instruction_mem_instance/PC_reg[7][3].  Did not re-place instance instruction_mem_instance/ALU_out0_carry__0_i_5
INFO: [Physopt 32-662] Processed net hb823/reg_file_instance/memory_reg_i_127_n_0.  Did not re-place instance hb823/reg_file_instance/memory_reg_i_127
INFO: [Physopt 32-662] Processed net hb823/reg_file_instance/ALU_out0_carry__2_i_27_n_0.  Did not re-place instance hb823/reg_file_instance/ALU_out0_carry__2_i_27
INFO: [Physopt 32-662] Processed net instruction_mem_instance/memory_reg_i_90_n_0.  Did not re-place instance instruction_mem_instance/memory_reg_i_90
INFO: [Physopt 32-662] Processed net hb823/reg_file_instance/memory_reg_i_130_n_0.  Did not re-place instance hb823/reg_file_instance/memory_reg_i_130
INFO: [Physopt 32-662] Processed net instruction_mem_instance/PC_reg[7][2].  Did not re-place instance instruction_mem_instance/ALU_out0_carry__0_i_6
INFO: [Physopt 32-662] Processed net hb823/reg_file_instance/registers_reg[10][15].  Did not re-place instance hb823/reg_file_instance/registers_reg[10][15]
INFO: [Physopt 32-662] Processed net hb823/reg_file_instance/registers_reg[5][15].  Did not re-place instance hb823/reg_file_instance/registers_reg[5][15]
INFO: [Physopt 32-662] Processed net hb823/reg_file_instance/memory_reg_i_129_n_0.  Did not re-place instance hb823/reg_file_instance/memory_reg_i_129
INFO: [Physopt 32-662] Processed net hb823/reg_file_instance/registers_reg[10][13].  Did not re-place instance hb823/reg_file_instance/registers_reg[10][13]
INFO: [Physopt 32-662] Processed net hb823/reg_file_instance/ALU_out0_carry__1_i_36_n_0.  Did not re-place instance hb823/reg_file_instance/ALU_out0_carry__1_i_36
INFO: [Physopt 32-662] Processed net hb823/reg_file_instance/ALU_out0_carry__1_i_35_n_0.  Did not re-place instance hb823/reg_file_instance/ALU_out0_carry__1_i_35
INFO: [Physopt 32-662] Processed net instruction_mem_instance/PC_reg[14][7].  Did not re-place instance instruction_mem_instance/ALU_out0_carry__0_i_1
INFO: [Physopt 32-662] Processed net instruction_mem_instance/PC_reg[7]_0[3].  Did not re-place instance instruction_mem_instance/i__carry__0_i_1
INFO: [Physopt 32-662] Processed net hb823/reg_file_instance/ALU_out0_carry__1_i_27_n_0.  Did not re-place instance hb823/reg_file_instance/ALU_out0_carry__1_i_27
INFO: [Physopt 32-662] Processed net instruction_mem_instance/ADDRARDADDR[2].  Did not re-place instance instruction_mem_instance/memory_reg_i_10
INFO: [Physopt 32-662] Processed net instruction_mem_instance/memory_reg_i_48_n_0.  Did not re-place instance instruction_mem_instance/memory_reg_i_48
INFO: [Physopt 32-662] Processed net instruction_mem_instance/memory_reg_i_158_n_0.  Did not re-place instance instruction_mem_instance/memory_reg_i_158
INFO: [Physopt 32-662] Processed net hb823/reg_file_instance/ALU_out0_carry__2_i_29_n_0.  Did not re-place instance hb823/reg_file_instance/ALU_out0_carry__2_i_29
INFO: [Physopt 32-662] Processed net instruction_mem_instance/rsR1_addr__10[0].  Did not re-place instance instruction_mem_instance/ALU_out0_carry_i_14
INFO: [Physopt 32-662] Processed net instruction_mem_instance/PC_reg[14][9].  Did not re-place instance instruction_mem_instance/ALU_out0_carry__1_i_3
INFO: [Physopt 32-662] Processed net instruction_mem_instance/PC_reg[11]_0[1].  Did not re-place instance instruction_mem_instance/i__carry__1_i_3
INFO: [Physopt 32-662] Processed net instruction_mem_instance/D[5].  Did not re-place instance instruction_mem_instance/registers[14][5]_i_1
INFO: [Physopt 32-662] Processed net instruction_mem_instance/ADDRARDADDR[5].  Did not re-place instance instruction_mem_instance/memory_reg_i_7
INFO: [Physopt 32-662] Processed net instruction_mem_instance/memory_reg_i_42_n_0.  Did not re-place instance instruction_mem_instance/memory_reg_i_42
INFO: [Physopt 32-663] Processed net hb823/reg_file_instance/registers_reg[15][5].  Re-placed instance hb823/reg_file_instance/registers_reg[15][5]
INFO: [Physopt 32-662] Processed net hb823/reg_file_instance/registers_reg[14][5].  Did not re-place instance hb823/reg_file_instance/registers_reg[14][5]
INFO: [Physopt 32-662] Processed net hb823/reg_file_instance/ALU_out0_carry__2_i_28_n_0.  Did not re-place instance hb823/reg_file_instance/ALU_out0_carry__2_i_28
INFO: [Physopt 32-663] Processed net hb823/reg_file_instance/registers_reg[2][5].  Re-placed instance hb823/reg_file_instance/registers_reg[2][5]
INFO: [Physopt 32-662] Processed net hb823/reg_file_instance/ALU_out0_carry__1_i_30_n_0.  Did not re-place instance hb823/reg_file_instance/ALU_out0_carry__1_i_30
INFO: [Physopt 32-662] Processed net hb823/reg_file_instance/ALU_out0_carry__1_i_29_n_0.  Did not re-place instance hb823/reg_file_instance/ALU_out0_carry__1_i_29
INFO: [Physopt 32-662] Processed net instruction_mem_instance/S[0].  Did not re-place instance instruction_mem_instance/ALU_out0_carry_i_8
INFO: [Physopt 32-662] Processed net instruction_mem_instance/D[7].  Did not re-place instance instruction_mem_instance/registers[14][7]_i_1
INFO: [Physopt 32-662] Processed net instruction_mem_instance/ADDRARDADDR[7].  Did not re-place instance instruction_mem_instance/memory_reg_i_5
INFO: [Physopt 32-662] Processed net instruction_mem_instance/memory_reg_i_38_n_0.  Did not re-place instance instruction_mem_instance/memory_reg_i_38
INFO: [Physopt 32-663] Processed net hb823/reg_file_instance/registers_reg[13][7].  Re-placed instance hb823/reg_file_instance/registers_reg[13][7]
INFO: [Physopt 32-662] Processed net hb823/reg_file_instance/registers_reg[10][7].  Did not re-place instance hb823/reg_file_instance/registers_reg[10][7]
INFO: [Physopt 32-662] Processed net hb823/reg_file_instance/ALU_out0_carry__1_i_32_n_0.  Did not re-place instance hb823/reg_file_instance/ALU_out0_carry__1_i_32
INFO: [Physopt 32-663] Processed net instruction_mem_instance/D[11].  Re-placed instance instruction_mem_instance/registers[14][11]_i_1
INFO: [Physopt 32-662] Processed net instruction_mem_instance/hb823/main_alu/ALU_out__101[11].  Did not re-place instance instruction_mem_instance/registers[14][11]_i_2
INFO: [Physopt 32-662] Processed net instruction_mem_instance/registers[14][11]_i_3_n_0.  Did not re-place instance instruction_mem_instance/registers[14][11]_i_3
INFO: [Physopt 32-663] Processed net hb823/reg_file_instance/registers_reg[6][11].  Re-placed instance hb823/reg_file_instance/registers_reg[6][11]
INFO: [Physopt 32-662] Processed net hb823/reg_file_instance/memory_reg_i_146_n_0.  Did not re-place instance hb823/reg_file_instance/memory_reg_i_146
INFO: [Physopt 32-662] Processed net hb823/reg_file_instance/memory_reg_i_145_n_0.  Did not re-place instance hb823/reg_file_instance/memory_reg_i_145
INFO: [Physopt 32-662] Processed net hb823/reg_file_instance/registers_reg[14][7].  Did not re-place instance hb823/reg_file_instance/registers_reg[14][7]
INFO: [Physopt 32-662] Processed net hb823/reg_file_instance/memory_reg_i_132_n_0.  Did not re-place instance hb823/reg_file_instance/memory_reg_i_132
INFO: [Physopt 32-662] Processed net instruction_mem_instance/ADDRARDADDR[10].  Did not re-place instance instruction_mem_instance/memory_reg_i_2
INFO: [Physopt 32-662] Processed net instruction_mem_instance/memory_reg_i_29_n_0.  Did not re-place instance instruction_mem_instance/memory_reg_i_29
INFO: [Physopt 32-662] Processed net hb823/reg_file_instance/ALU_out0_carry__1_i_31_n_0.  Did not re-place instance hb823/reg_file_instance/ALU_out0_carry__1_i_31
INFO: [Physopt 32-662] Processed net hb823/reg_file_instance/memory_reg_i_131_n_0.  Did not re-place instance hb823/reg_file_instance/memory_reg_i_131
INFO: [Physopt 32-662] Processed net hb823/reg_file_instance/registers_reg[7][13].  Did not re-place instance hb823/reg_file_instance/registers_reg[7][13]
INFO: [Physopt 32-662] Processed net instruction_mem_instance/PC_reg[14][5].  Did not re-place instance instruction_mem_instance/ALU_out0_carry__0_i_3
INFO: [Physopt 32-662] Processed net instruction_mem_instance/PC_reg[7]_0[1].  Did not re-place instance instruction_mem_instance/i__carry__0_i_3
INFO: [Physopt 32-662] Processed net instruction_mem_instance/ADDRARDADDR[3].  Did not re-place instance instruction_mem_instance/memory_reg_i_9
INFO: [Physopt 32-662] Processed net hb823/reg_file_instance/memory_reg_i_147_n_0.  Did not re-place instance hb823/reg_file_instance/memory_reg_i_147
INFO: [Physopt 32-662] Processed net instruction_mem_instance/memory_reg_i_46_n_0.  Did not re-place instance instruction_mem_instance/memory_reg_i_46
INFO: [Physopt 32-662] Processed net instruction_mem_instance/PC_reg[14][3].  Did not re-place instance instruction_mem_instance/ALU_out0_carry_i_1
INFO: [Physopt 32-662] Processed net hb823/reg_file_instance/ALU_out0_carry_i_24_n_0.  Did not re-place instance hb823/reg_file_instance/ALU_out0_carry_i_24
INFO: [Physopt 32-662] Processed net instruction_mem_instance/inst_reg_15[3].  Did not re-place instance instruction_mem_instance/i__carry_i_1
INFO: [Physopt 32-662] Processed net hb823/reg_file_instance/ALU_out0_carry__0_i_27_n_0.  Did not re-place instance hb823/reg_file_instance/ALU_out0_carry__0_i_27
INFO: [Physopt 32-662] Processed net hb823/reg_file_instance/ALU_out0_carry_i_25_n_0.  Did not re-place instance hb823/reg_file_instance/ALU_out0_carry_i_25
INFO: [Physopt 32-662] Processed net instruction_mem_instance/PC_reg[14][4].  Did not re-place instance instruction_mem_instance/ALU_out0_carry__0_i_4
INFO: [Physopt 32-662] Processed net hb823/reg_file_instance/ALU_out0_carry__0_i_28_n_0.  Did not re-place instance hb823/reg_file_instance/ALU_out0_carry__0_i_28
INFO: [Physopt 32-662] Processed net hb823/reg_file_instance/ALU_out0_carry__0_i_35_n_0.  Did not re-place instance hb823/reg_file_instance/ALU_out0_carry__0_i_35
INFO: [Physopt 32-662] Processed net instruction_mem_instance/PC_reg[7]_0[0].  Did not re-place instance instruction_mem_instance/i__carry__0_i_4
INFO: [Physopt 32-662] Processed net instruction_mem_instance/S[3].  Did not re-place instance instruction_mem_instance/ALU_out0_carry_i_5
INFO: [Physopt 32-662] Processed net hb823/reg_file_instance/ALU_out0_carry__1_i_25_n_0.  Did not re-place instance hb823/reg_file_instance/ALU_out0_carry__1_i_25
INFO: [Physopt 32-662] Processed net hb823/reg_file_instance/ALU_out0_carry__0_i_36_n_0.  Did not re-place instance hb823/reg_file_instance/ALU_out0_carry__0_i_36
INFO: [Physopt 32-662] Processed net hb823/reg_file_instance/ALU_out0_carry__0_i_32_n_0.  Did not re-place instance hb823/reg_file_instance/ALU_out0_carry__0_i_32
INFO: [Physopt 32-662] Processed net hb823/reg_file_instance/ALU_out0_carry__1_i_26_n_0.  Did not re-place instance hb823/reg_file_instance/ALU_out0_carry__1_i_26
INFO: [Physopt 32-662] Processed net hb823/reg_file_instance/memory_reg_i_126_n_0.  Did not re-place instance hb823/reg_file_instance/memory_reg_i_126
INFO: [Physopt 32-662] Processed net hb823/reg_file_instance/ALU_out0_carry__0_i_31_n_0.  Did not re-place instance hb823/reg_file_instance/ALU_out0_carry__0_i_31
INFO: [Physopt 32-662] Processed net hb823/reg_file_instance/registers_reg[4][13].  Did not re-place instance hb823/reg_file_instance/registers_reg[4][13]
INFO: [Physopt 32-662] Processed net hb823/reg_file_instance/registers_reg[15][13].  Did not re-place instance hb823/reg_file_instance/registers_reg[15][13]
INFO: [Physopt 32-662] Processed net instruction_mem_instance/memory_reg_i_157_n_0.  Did not re-place instance instruction_mem_instance/memory_reg_i_157
INFO: [Physopt 32-662] Processed net hb823/reg_file_instance/memory_reg_i_125_n_0.  Did not re-place instance hb823/reg_file_instance/memory_reg_i_125
INFO: [Physopt 32-662] Processed net hb823/reg_file_instance/ALU_out0_carry__0_i_26_n_0.  Did not re-place instance hb823/reg_file_instance/ALU_out0_carry__0_i_26
INFO: [Physopt 32-662] Processed net hb823/reg_file_instance/ALU_out0_carry__0_i_25_n_0.  Did not re-place instance hb823/reg_file_instance/ALU_out0_carry__0_i_25
INFO: [Physopt 32-662] Processed net instruction_mem_instance/PC_reg[7][0].  Did not re-place instance instruction_mem_instance/ALU_out0_carry__0_i_8
INFO: [Physopt 32-662] Processed net hb823/reg_file_instance/registers_reg[3][13].  Did not re-place instance hb823/reg_file_instance/registers_reg[3][13]
INFO: [Physopt 32-662] Processed net hb823/reg_file_instance/memory_reg_i_148_n_0.  Did not re-place instance hb823/reg_file_instance/memory_reg_i_148
INFO: [Physopt 32-662] Processed net hb823/reg_file_instance/registers_reg[8][13].  Did not re-place instance hb823/reg_file_instance/registers_reg[8][13]
INFO: [Physopt 32-662] Processed net hb823/reg_file_instance/ALU_out0_carry__0_i_34_n_0.  Did not re-place instance hb823/reg_file_instance/ALU_out0_carry__0_i_34
INFO: [Physopt 32-662] Processed net instruction_mem_instance/D[14].  Did not re-place instance instruction_mem_instance/registers[14][14]_i_1
INFO: [Physopt 32-662] Processed net instruction_mem_instance/hb823/main_alu/ALU_out__101[14].  Did not re-place instance instruction_mem_instance/registers[14][14]_i_2
INFO: [Physopt 32-662] Processed net instruction_mem_instance/registers[14][14]_i_3_n_0.  Did not re-place instance instruction_mem_instance/registers[14][14]_i_3
INFO: [Physopt 32-662] Processed net hb823/reg_file_instance/registers_reg[14][14].  Did not re-place instance hb823/reg_file_instance/registers_reg[14][14]
INFO: [Physopt 32-662] Processed net hb823/reg_file_instance/memory_reg_i_138_n_0.  Did not re-place instance hb823/reg_file_instance/memory_reg_i_138
INFO: [Physopt 32-662] Processed net instruction_mem_instance/ADDRARDADDR[6].  Did not re-place instance instruction_mem_instance/memory_reg_i_6
INFO: [Physopt 32-662] Processed net hb823/reg_file_instance/memory_reg_i_137_n_0.  Did not re-place instance hb823/reg_file_instance/memory_reg_i_137
INFO: [Physopt 32-662] Processed net instruction_mem_instance/memory_reg_i_40_n_0.  Did not re-place instance instruction_mem_instance/memory_reg_i_40
INFO: [Physopt 32-662] Processed net hb823/reg_file_instance/ALU_out0_carry__0_i_33_n_0.  Did not re-place instance hb823/reg_file_instance/ALU_out0_carry__0_i_33
INFO: [Physopt 32-662] Processed net hb823/reg_file_instance/ALU_out0_carry_i_27_n_0.  Did not re-place instance hb823/reg_file_instance/ALU_out0_carry_i_27
INFO: [Physopt 32-662] Processed net hb823/reg_file_instance/ALU_out0_carry__0_i_30_n_0.  Did not re-place instance hb823/reg_file_instance/ALU_out0_carry__0_i_30
INFO: [Physopt 32-662] Processed net hb823/reg_file_instance/registers_reg[1][13].  Did not re-place instance hb823/reg_file_instance/registers_reg[1][13]
INFO: [Physopt 32-662] Processed net hb823/reg_file_instance/registers_reg[9][13].  Did not re-place instance hb823/reg_file_instance/registers_reg[9][13]
INFO: [Physopt 32-662] Processed net hb823/reg_file_instance/registers_reg[4][11].  Did not re-place instance hb823/reg_file_instance/registers_reg[4][11]
INFO: [Physopt 32-662] Processed net hb823/reg_file_instance/ALU_out0_carry__0_i_38_n_0.  Did not re-place instance hb823/reg_file_instance/ALU_out0_carry__0_i_38
INFO: [Physopt 32-662] Processed net instruction_mem_instance/D[10].  Did not re-place instance instruction_mem_instance/registers[14][10]_i_1
INFO: [Physopt 32-662] Processed net hb823/reg_file_instance/registers_reg[14][10].  Did not re-place instance hb823/reg_file_instance/registers_reg[14][10]
INFO: [Physopt 32-662] Processed net hb823/reg_file_instance/ALU_out0_carry__1_i_28_n_0.  Did not re-place instance hb823/reg_file_instance/ALU_out0_carry__1_i_28
INFO: [Physopt 32-662] Processed net instruction_mem_instance/PC_reg[15]_0[1].  Did not re-place instance instruction_mem_instance/i__carry__2_i_3
INFO: [Physopt 32-662] Processed net hb823/reg_file_instance/registers_reg[6][14].  Did not re-place instance hb823/reg_file_instance/registers_reg[6][14]
INFO: [Physopt 32-662] Processed net hb823/reg_file_instance/ALU_out0_carry_i_26_n_0.  Did not re-place instance hb823/reg_file_instance/ALU_out0_carry_i_26
INFO: [Physopt 32-662] Processed net hb823/reg_file_instance/registers_reg[5][14].  Did not re-place instance hb823/reg_file_instance/registers_reg[5][14]
INFO: [Physopt 32-662] Processed net hb823/reg_file_instance/ALU_out0_carry__0_i_29_n_0.  Did not re-place instance hb823/reg_file_instance/ALU_out0_carry__0_i_29
INFO: [Physopt 32-662] Processed net hb823/reg_file_instance/registers_reg[13][13].  Did not re-place instance hb823/reg_file_instance/registers_reg[13][13]
INFO: [Physopt 32-662] Processed net hb823/reg_file_instance/registers_reg[1][11].  Did not re-place instance hb823/reg_file_instance/registers_reg[1][11]
INFO: [Physopt 32-662] Processed net hb823/reg_file_instance/registers_reg[11][15].  Did not re-place instance hb823/reg_file_instance/registers_reg[11][15]
INFO: [Physopt 32-662] Processed net hb823/reg_file_instance/ALU_out0_carry__0_i_37_n_0.  Did not re-place instance hb823/reg_file_instance/ALU_out0_carry__0_i_37
INFO: [Physopt 32-663] Processed net hb823/reg_file_instance/registers_reg[8][10].  Re-placed instance hb823/reg_file_instance/registers_reg[8][10]
INFO: [Physopt 32-662] Processed net hb823/reg_file_instance/registers_reg[5][13].  Did not re-place instance hb823/reg_file_instance/registers_reg[5][13]
INFO: [Physopt 32-662] Processed net instruction_mem_instance/PC_reg[7][1].  Did not re-place instance instruction_mem_instance/ALU_out0_carry__0_i_7
INFO: [Physopt 32-663] Processed net hb823/reg_file_instance/registers_reg[4][14].  Re-placed instance hb823/reg_file_instance/registers_reg[4][14]
INFO: [Physopt 32-662] Processed net hb823/reg_file_instance/registers_reg[8][14].  Did not re-place instance hb823/reg_file_instance/registers_reg[8][14]
INFO: [Physopt 32-662] Processed net hb823/reg_file_instance/registers_reg[1][7].  Did not re-place instance hb823/reg_file_instance/registers_reg[1][7]
INFO: [Physopt 32-662] Processed net hb823/reg_file_instance/registers_reg[5][10].  Did not re-place instance hb823/reg_file_instance/registers_reg[5][10]
INFO: [Physopt 32-662] Processed net hb823/reg_file_instance/memory_reg_i_102_n_0.  Did not re-place instance hb823/reg_file_instance/memory_reg_i_102
INFO: [Physopt 32-662] Processed net hb823/reg_file_instance/memory_reg_i_101_n_0.  Did not re-place instance hb823/reg_file_instance/memory_reg_i_101
INFO: [Physopt 32-662] Processed net hb823/reg_file_instance/registers_reg[12][7].  Did not re-place instance hb823/reg_file_instance/registers_reg[12][7]
INFO: [Physopt 32-662] Processed net instruction_mem_instance/D[12].  Did not re-place instance instruction_mem_instance/registers[14][12]_i_1
INFO: [Physopt 32-662] Processed net instruction_mem_instance/hb823/main_alu/ALU_out__101[12].  Did not re-place instance instruction_mem_instance/registers[14][12]_i_2
INFO: [Physopt 32-662] Processed net instruction_mem_instance/registers[14][12]_i_3_n_0.  Did not re-place instance instruction_mem_instance/registers[14][12]_i_3
INFO: [Physopt 32-663] Processed net hb823/reg_file_instance/registers_reg[11][12].  Re-placed instance hb823/reg_file_instance/registers_reg[11][12]
INFO: [Physopt 32-663] Processed net hb823/reg_file_instance/registers_reg[2][11].  Re-placed instance hb823/reg_file_instance/registers_reg[2][11]
INFO: [Physopt 32-662] Processed net hb823/reg_file_instance/registers_reg[5][11].  Did not re-place instance hb823/reg_file_instance/registers_reg[5][11]
INFO: [Physopt 32-663] Processed net hb823/reg_file_instance/registers_reg[1][14].  Re-placed instance hb823/reg_file_instance/registers_reg[1][14]
INFO: [Physopt 32-662] Processed net instruction_mem_instance/D[9].  Did not re-place instance instruction_mem_instance/registers[14][9]_i_1
INFO: [Physopt 32-663] Processed net hb823/reg_file_instance/registers_reg[4][9].  Re-placed instance hb823/reg_file_instance/registers_reg[4][9]
INFO: [Physopt 32-662] Processed net instruction_mem_instance/PC_reg[11][0].  Did not re-place instance instruction_mem_instance/ALU_out0_carry__1_i_8
INFO: [Physopt 32-662] Processed net hb823/reg_file_instance/registers_reg[15][14].  Did not re-place instance hb823/reg_file_instance/registers_reg[15][14]
INFO: [Physopt 32-662] Processed net hb823/reg_file_instance/ALU_out0_carry__0_i_24_n_0.  Did not re-place instance hb823/reg_file_instance/ALU_out0_carry__0_i_24
INFO: [Physopt 32-662] Processed net instruction_mem_instance/D[6].  Did not re-place instance instruction_mem_instance/registers[14][6]_i_1
INFO: [Physopt 32-663] Processed net hb823/reg_file_instance/registers_reg[7][6].  Re-placed instance hb823/reg_file_instance/registers_reg[7][6]
INFO: [Physopt 32-663] Processed net hb823/reg_file_instance/registers_reg[8][12].  Re-placed instance hb823/reg_file_instance/registers_reg[8][12]
INFO: [Physopt 32-662] Processed net hb823/reg_file_instance/ALU_out0_carry__0_i_23_n_0.  Did not re-place instance hb823/reg_file_instance/ALU_out0_carry__0_i_23
INFO: [Physopt 32-662] Processed net hb823/reg_file_instance/registers_reg[15][7].  Did not re-place instance hb823/reg_file_instance/registers_reg[15][7]
INFO: [Physopt 32-663] Processed net hb823/reg_file_instance/registers_reg[9][7].  Re-placed instance hb823/reg_file_instance/registers_reg[9][7]
INFO: [Physopt 32-662] Processed net hb823/reg_file_instance/registers_reg[11][7].  Did not re-place instance hb823/reg_file_instance/registers_reg[11][7]
INFO: [Physopt 32-662] Processed net instruction_mem_instance/PC_reg[11][2].  Did not re-place instance instruction_mem_instance/ALU_out0_carry__1_i_6
INFO: [Physopt 32-663] Processed net hb823/reg_file_instance/registers_reg[9][6].  Re-placed instance hb823/reg_file_instance/registers_reg[9][6]
INFO: [Physopt 32-662] Processed net hb823/reg_file_instance/memory_reg_i_106_n_0.  Did not re-place instance hb823/reg_file_instance/memory_reg_i_106
INFO: [Physopt 32-662] Processed net hb823/reg_file_instance/memory_reg_i_105_n_0.  Did not re-place instance hb823/reg_file_instance/memory_reg_i_105
INFO: [Physopt 32-662] Processed net instruction_mem_instance/PC_reg[15][0].  Did not re-place instance instruction_mem_instance/ALU_out0_carry__2_i_7
INFO: [Physopt 32-663] Processed net hb823/reg_file_instance/registers_reg[10][9].  Re-placed instance hb823/reg_file_instance/registers_reg[10][9]
INFO: [Physopt 32-663] Processed net hb823/reg_file_instance/registers_reg[14][9].  Re-placed instance hb823/reg_file_instance/registers_reg[14][9]
INFO: [Physopt 32-663] Processed net hb823/reg_file_instance/registers_reg[7][9].  Re-placed instance hb823/reg_file_instance/registers_reg[7][9]
INFO: [Physopt 32-662] Processed net hb823/reg_file_instance/registers_reg[14][12].  Did not re-place instance hb823/reg_file_instance/registers_reg[14][12]
INFO: [Physopt 32-663] Processed net hb823/reg_file_instance/registers_reg[14][6].  Re-placed instance hb823/reg_file_instance/registers_reg[14][6]
INFO: [Physopt 32-663] Processed net hb823/reg_file_instance/registers_reg[2][14].  Re-placed instance hb823/reg_file_instance/registers_reg[2][14]
INFO: [Physopt 32-663] Processed net hb823/reg_file_instance/registers_reg[3][7].  Re-placed instance hb823/reg_file_instance/registers_reg[3][7]
INFO: [Physopt 32-662] Processed net hb823/reg_file_instance/memory_reg_i_140_n_0.  Did not re-place instance hb823/reg_file_instance/memory_reg_i_140
INFO: [Physopt 32-662] Processed net hb823/reg_file_instance/registers_reg[7][14].  Did not re-place instance hb823/reg_file_instance/registers_reg[7][14]
INFO: [Physopt 32-663] Processed net hb823/reg_file_instance/registers_reg[4][5].  Re-placed instance hb823/reg_file_instance/registers_reg[4][5]
INFO: [Physopt 32-663] Processed net hb823/reg_file_instance/registers_reg[6][7].  Re-placed instance hb823/reg_file_instance/registers_reg[6][7]
INFO: [Physopt 32-663] Processed net hb823/reg_file_instance/registers_reg[5][12].  Re-placed instance hb823/reg_file_instance/registers_reg[5][12]
INFO: [Physopt 32-663] Processed net hb823/reg_file_instance/registers_reg[4][12].  Re-placed instance hb823/reg_file_instance/registers_reg[4][12]
INFO: [Physopt 32-662] Processed net hb823/reg_file_instance/memory_reg_i_118_n_0.  Did not re-place instance hb823/reg_file_instance/memory_reg_i_118
INFO: [Physopt 32-662] Processed net hb823/reg_file_instance/memory_reg_i_139_n_0.  Did not re-place instance hb823/reg_file_instance/memory_reg_i_139
INFO: [Physopt 32-663] Processed net hb823/reg_file_instance/registers_reg[11][5].  Re-placed instance hb823/reg_file_instance/registers_reg[11][5]
INFO: [Physopt 32-662] Processed net instruction_mem_instance/PC_reg[14][11].  Did not re-place instance instruction_mem_instance/ALU_out0_carry__1_i_1
INFO: [Physopt 32-662] Processed net hb823/reg_file_instance/ALU_out0_carry__1_i_21_n_0.  Did not re-place instance hb823/reg_file_instance/ALU_out0_carry__1_i_21
INFO: [Physopt 32-662] Processed net instruction_mem_instance/PC_reg[11]_0[3].  Did not re-place instance instruction_mem_instance/i__carry__1_i_1
INFO: [Physopt 32-662] Processed net hb823/reg_file_instance/ALU_out0_carry__1_i_22_n_0.  Did not re-place instance hb823/reg_file_instance/ALU_out0_carry__1_i_22
INFO: [Physopt 32-662] Processed net hb823/reg_file_instance/memory_reg_i_122_n_0.  Did not re-place instance hb823/reg_file_instance/memory_reg_i_122
INFO: [Physopt 32-662] Processed net hb823/reg_file_instance/memory_reg_i_117_n_0.  Did not re-place instance hb823/reg_file_instance/memory_reg_i_117
INFO: [Physopt 32-662] Processed net hb823/reg_file_instance/memory_reg_i_121_n_0.  Did not re-place instance hb823/reg_file_instance/memory_reg_i_121
INFO: [Physopt 32-663] Processed net hb823/reg_file_instance/registers_reg[12][9].  Re-placed instance hb823/reg_file_instance/registers_reg[12][9]
INFO: [Physopt 32-663] Processed net hb823/reg_file_instance/registers_reg[2][7].  Re-placed instance hb823/reg_file_instance/registers_reg[2][7]
INFO: [Common 17-14] Message 'Physopt 32-663' appears 100 times and further instances of the messages will be disabled. Use the Tcl command set_msg_config to change the current settings.
INFO: [Physopt 32-662] Processed net instruction_mem_instance/hb823/ALU_A[15].  Did not re-place instance instruction_mem_instance/ALU_out0_carry__2_i_11
INFO: [Physopt 32-662] Processed net hb823/reg_file_instance/BrLT_carry__0_i_15_n_0.  Did not re-place instance hb823/reg_file_instance/BrLT_carry__0_i_15
INFO: [Physopt 32-662] Processed net instruction_mem_instance/PC_reg[15]_0[3].  Did not re-place instance instruction_mem_instance/i__carry__2_i_1
INFO: [Physopt 32-662] Processed net hb823/reg_file_instance/registers_reg[9][14].  Did not re-place instance hb823/reg_file_instance/registers_reg[9][14]
INFO: [Physopt 32-662] Processed net hb823/reg_file_instance/memory_reg_i_104_n_0.  Did not re-place instance hb823/reg_file_instance/memory_reg_i_104
INFO: [Physopt 32-662] Processed net hb823/reg_file_instance/registers_reg[2][12].  Did not re-place instance hb823/reg_file_instance/registers_reg[2][12]
INFO: [Physopt 32-661] Optimized 34 nets.  Re-placed 34 instances.
INFO: [Physopt 32-775] End 1 Pass. Optimized 34 nets or cells. Created 0 new cell, deleted 0 existing cell and moved 34 existing cells
INFO: [Physopt 32-619] Estimated Timing Summary | WNS=-2.428 | TNS=-494.502 |
Netlist sorting complete. Time (s): cpu = 00:00:00 ; elapsed = 00:00:00 . Memory (MB): peak = 2316.531 ; gain = 0.000
Phase 9 Single Cell Placement Optimization | Checksum: 28aac7449

Time (s): cpu = 00:01:27 ; elapsed = 00:00:52 . Memory (MB): peak = 2316.531 ; gain = 0.000

Phase 10 Multi Cell Placement Optimization
INFO: [Physopt 32-660] Identified 100 candidate nets for placement-based optimization.
INFO: [Physopt 32-662] Processed net instruction_mem_instance/PC_reg[14][1].  Did not re-place instance instruction_mem_instance/ALU_out0_carry_i_3/O
INFO: [Physopt 32-662] Processed net instruction_mem_instance/ADDRARDADDR[9].  Did not re-place instance instruction_mem_instance/memory_reg_i_3/O
INFO: [Physopt 32-662] Processed net instruction_mem_instance/memory_reg_i_34_n_0.  Did not re-place instance instruction_mem_instance/memory_reg_i_34/O
INFO: [Physopt 32-662] Processed net instruction_mem_instance/hb823/main_alu/ALU_out__101[15].  Did not re-place instance instruction_mem_instance/registers[14][15]_i_7/O
INFO: [Physopt 32-662] Processed net instruction_mem_instance/registers[14][15]_i_10_n_0.  Did not re-place instance instruction_mem_instance/registers[14][15]_i_10/O
INFO: [Physopt 32-662] Processed net instruction_mem_instance/PC_reg[14][2].  Did not re-place instance instruction_mem_instance/ALU_out0_carry_i_2/O
INFO: [Physopt 32-662] Processed net instruction_mem_instance/PC_reg[14][0].  Did not re-place instance instruction_mem_instance/ALU_out0_carry_i_4/O
INFO: [Physopt 32-662] Processed net instruction_mem_instance/PC_reg[14][8].  Did not re-place instance instruction_mem_instance/ALU_out0_carry__1_i_4/O
INFO: [Physopt 32-662] Processed net instruction_mem_instance/hb823/main_alu/ALU_out__101[13].  Did not re-place instance instruction_mem_instance/registers[14][13]_i_2/O
INFO: [Physopt 32-662] Processed net instruction_mem_instance/registers[14][13]_i_3_n_0.  Did not re-place instance instruction_mem_instance/registers[14][13]_i_3/O
INFO: [Physopt 32-662] Processed net instruction_mem_instance/PC_reg[14][12].  Did not re-place instance instruction_mem_instance/ALU_out0_carry__2_i_3/O
INFO: [Physopt 32-662] Processed net instruction_mem_instance/PC_reg[14][10].  Did not re-place instance instruction_mem_instance/ALU_out0_carry__1_i_2/O
INFO: [Physopt 32-662] Processed net instruction_mem_instance/ADDRARDADDR[2].  Did not re-place instance instruction_mem_instance/memory_reg_i_10/O
INFO: [Physopt 32-662] Processed net instruction_mem_instance/memory_reg_i_48_n_0.  Did not re-place instance instruction_mem_instance/memory_reg_i_48/O
INFO: [Physopt 32-662] Processed net instruction_mem_instance/PC_reg[14][9].  Did not re-place instance instruction_mem_instance/ALU_out0_carry__1_i_3/O
INFO: [Physopt 32-662] Processed net instruction_mem_instance/ADDRARDADDR[5].  Did not re-place instance instruction_mem_instance/memory_reg_i_7/O
INFO: [Physopt 32-662] Processed net instruction_mem_instance/memory_reg_i_42_n_0.  Did not re-place instance instruction_mem_instance/memory_reg_i_42/O
INFO: [Physopt 32-662] Processed net instruction_mem_instance/ADDRARDADDR[7].  Did not re-place instance instruction_mem_instance/memory_reg_i_5/O
INFO: [Physopt 32-662] Processed net instruction_mem_instance/memory_reg_i_38_n_0.  Did not re-place instance instruction_mem_instance/memory_reg_i_38/O
INFO: [Physopt 32-662] Processed net instruction_mem_instance/ADDRARDADDR[10].  Did not re-place instance instruction_mem_instance/memory_reg_i_2/O
INFO: [Physopt 32-662] Processed net instruction_mem_instance/memory_reg_i_29_n_0.  Did not re-place instance instruction_mem_instance/memory_reg_i_29/O
INFO: [Physopt 32-662] Processed net instruction_mem_instance/ADDRARDADDR[3].  Did not re-place instance instruction_mem_instance/memory_reg_i_9/O
INFO: [Physopt 32-662] Processed net instruction_mem_instance/memory_reg_i_46_n_0.  Did not re-place instance instruction_mem_instance/memory_reg_i_46/O
INFO: [Physopt 32-662] Processed net instruction_mem_instance/PC_reg[14][3].  Did not re-place instance instruction_mem_instance/ALU_out0_carry_i_1/O
INFO: [Physopt 32-662] Processed net instruction_mem_instance/PC_reg[14][6].  Did not re-place instance instruction_mem_instance/ALU_out0_carry__0_i_2/O
INFO: [Physopt 32-662] Processed net instruction_mem_instance/PC_reg[14][7].  Did not re-place instance instruction_mem_instance/ALU_out0_carry__0_i_1/O
INFO: [Physopt 32-662] Processed net instruction_mem_instance/PC_reg[14][4].  Did not re-place instance instruction_mem_instance/ALU_out0_carry__0_i_4/O
INFO: [Physopt 32-662] Processed net instruction_mem_instance/PC_reg[14][5].  Did not re-place instance instruction_mem_instance/ALU_out0_carry__0_i_3/O
INFO: [Physopt 32-662] Processed net instruction_mem_instance/hb823/main_alu/ALU_out__101[14].  Did not re-place instance instruction_mem_instance/registers[14][14]_i_2/O
INFO: [Physopt 32-662] Processed net instruction_mem_instance/registers[14][14]_i_3_n_0.  Did not re-place instance instruction_mem_instance/registers[14][14]_i_3/O
INFO: [Physopt 32-662] Processed net instruction_mem_instance/hb823/main_alu/ALU_out__101[11].  Did not re-place instance instruction_mem_instance/registers[14][11]_i_2/O
INFO: [Physopt 32-662] Processed net instruction_mem_instance/registers[14][11]_i_3_n_0.  Did not re-place instance instruction_mem_instance/registers[14][11]_i_3/O
INFO: [Physopt 32-662] Processed net instruction_mem_instance/ADDRARDADDR[6].  Did not re-place instance instruction_mem_instance/memory_reg_i_6/O
INFO: [Physopt 32-662] Processed net instruction_mem_instance/memory_reg_i_40_n_0.  Did not re-place instance instruction_mem_instance/memory_reg_i_40/O
INFO: [Physopt 32-661] Optimized 0 net.  Re-placed 0 instance.
INFO: [Physopt 32-775] End 1 Pass. Optimized 0 net or cell. Created 0 new cell, deleted 0 existing cell and moved 0 existing cell
Netlist sorting complete. Time (s): cpu = 00:00:00 ; elapsed = 00:00:00.001 . Memory (MB): peak = 2316.531 ; gain = 0.000
Phase 10 Multi Cell Placement Optimization | Checksum: 2a45d8b13

Time (s): cpu = 00:01:42 ; elapsed = 00:01:01 . Memory (MB): peak = 2316.531 ; gain = 0.000

Phase 11 Rewire
INFO: [Physopt 32-246] Starting Signal Push optimization...
INFO: [Physopt 32-241] No nets found for rewiring () optimization.
INFO: [Physopt 32-232] Optimized 0 net. Created 0 new instance.
INFO: [Physopt 32-775] End 1 Pass. Optimized 0 net or cell. Created 0 new cell, deleted 0 existing cell and moved 0 existing cell
Netlist sorting complete. Time (s): cpu = 00:00:00 ; elapsed = 00:00:00.001 . Memory (MB): peak = 2316.531 ; gain = 0.000
Phase 11 Rewire | Checksum: 2a45d8b13

Time (s): cpu = 00:01:42 ; elapsed = 00:01:01 . Memory (MB): peak = 2316.531 ; gain = 0.000

Phase 12 Critical Cell Optimization
INFO: [Physopt 32-46] Identified 30 candidate nets for critical-cell optimization.
INFO: [Physopt 32-572] Net instruction_mem_instance/D[15] was not replicated.
Resolution: phys_opt_design can be forced to replicate a net driver using the option -force_replication_on_nets <list of net objects>.
INFO: [Physopt 32-572] Net instruction_mem_instance/hb823/main_alu/ALU_out__101[15] was not replicated.
Resolution: phys_opt_design can be forced to replicate a net driver using the option -force_replication_on_nets <list of net objects>.
INFO: [Physopt 32-572] Net instruction_mem_instance/PC_reg[14][8] was not replicated.
Resolution: phys_opt_design can be forced to replicate a net driver using the option -force_replication_on_nets <list of net objects>.
INFO: [Physopt 32-572] Net instruction_mem_instance/hb823/main_alu/ALU_out__101[13] was not replicated.
Resolution: phys_opt_design can be forced to replicate a net driver using the option -force_replication_on_nets <list of net objects>.
INFO: [Physopt 32-572] Net instruction_mem_instance/PC_reg[14][12] was not replicated.
Resolution: phys_opt_design can be forced to replicate a net driver using the option -force_replication_on_nets <list of net objects>.
INFO: [Physopt 32-572] Net instruction_mem_instance/PC_reg[14][10] was not replicated.
Resolution: phys_opt_design can be forced to replicate a net driver using the option -force_replication_on_nets <list of net objects>.
INFO: [Physopt 32-572] Net instruction_mem_instance/rsR1_addr__10[0] was not replicated.
Resolution: phys_opt_design can be forced to replicate a net driver using the option -force_replication_on_nets <list of net objects>.
INFO: [Physopt 32-572] Net instruction_mem_instance/PC_reg[14][9] was not replicated.
Resolution: phys_opt_design can be forced to replicate a net driver using the option -force_replication_on_nets <list of net objects>.
INFO: [Physopt 32-572] Net instruction_mem_instance/D[5] was not replicated.
Resolution: phys_opt_design can be forced to replicate a net driver using the option -force_replication_on_nets <list of net objects>.
INFO: [Physopt 32-572] Net instruction_mem_instance/ADDRARDADDR[5] was not replicated.
Resolution: phys_opt_design can be forced to replicate a net driver using the option -force_replication_on_nets <list of net objects>.
INFO: [Physopt 32-572] Net instruction_mem_instance/D[7] was not replicated.
Resolution: phys_opt_design can be forced to replicate a net driver using the option -force_replication_on_nets <list of net objects>.
INFO: [Physopt 32-572] Net instruction_mem_instance/ADDRARDADDR[7] was not replicated.
Resolution: phys_opt_design can be forced to replicate a net driver using the option -force_replication_on_nets <list of net objects>.
INFO: [Physopt 32-572] Net instruction_mem_instance/ADDRARDADDR[10] was not replicated.
Resolution: phys_opt_design can be forced to replicate a net driver using the option -force_replication_on_nets <list of net objects>.
INFO: [Physopt 32-572] Net instruction_mem_instance/PC_reg[14][6] was not replicated.
Resolution: phys_opt_design can be forced to replicate a net driver using the option -force_replication_on_nets <list of net objects>.
INFO: [Physopt 32-572] Net instruction_mem_instance/PC_reg[14][7] was not replicated.
Resolution: phys_opt_design can be forced to replicate a net driver using the option -force_replication_on_nets <list of net objects>.
INFO: [Physopt 32-572] Net instruction_mem_instance/PC_reg[14][5] was not replicated.
Resolution: phys_opt_design can be forced to replicate a net driver using the option -force_replication_on_nets <list of net objects>.
INFO: [Physopt 32-572] Net instruction_mem_instance/D[11] was not replicated.
Resolution: phys_opt_design can be forced to replicate a net driver using the option -force_replication_on_nets <list of net objects>.
INFO: [Physopt 32-572] Net instruction_mem_instance/hb823/main_alu/ALU_out__101[11] was not replicated.
Resolution: phys_opt_design can be forced to replicate a net driver using the option -force_replication_on_nets <list of net objects>.
INFO: [Physopt 32-572] Net instruction_mem_instance/ADDRARDADDR[6] was not replicated.
Resolution: phys_opt_design can be forced to replicate a net driver using the option -force_replication_on_nets <list of net objects>.
INFO: [Physopt 32-572] Net instruction_mem_instance/D[10] was not replicated.
Resolution: phys_opt_design can be forced to replicate a net driver using the option -force_replication_on_nets <list of net objects>.
INFO: [Physopt 32-572] Net instruction_mem_instance/D[12] was not replicated.
Resolution: phys_opt_design can be forced to replicate a net driver using the option -force_replication_on_nets <list of net objects>.
INFO: [Physopt 32-572] Net instruction_mem_instance/hb823/main_alu/ALU_out__101[12] was not replicated.
Resolution: phys_opt_design can be forced to replicate a net driver using the option -force_replication_on_nets <list of net objects>.
INFO: [Physopt 32-572] Net instruction_mem_instance/D[9] was not replicated.
Resolution: phys_opt_design can be forced to replicate a net driver using the option -force_replication_on_nets <list of net objects>.
INFO: [Physopt 32-572] Net instruction_mem_instance/PC_reg[14][11] was not replicated.
Resolution: phys_opt_design can be forced to replicate a net driver using the option -force_replication_on_nets <list of net objects>.
INFO: [Physopt 32-572] Net instruction_mem_instance/hb823/ALU_A[15] was not replicated.
Resolution: phys_opt_design can be forced to replicate a net driver using the option -force_replication_on_nets <list of net objects>.
INFO: [Physopt 32-572] Net instruction_mem_instance/ADDRARDADDR[8] was not replicated.
Resolution: phys_opt_design can be forced to replicate a net driver using the option -force_replication_on_nets <list of net objects>.
INFO: [Physopt 32-572] Net instruction_mem_instance/D[6] was not replicated.
Resolution: phys_opt_design can be forced to replicate a net driver using the option -force_replication_on_nets <list of net objects>.
INFO: [Physopt 32-572] Net instruction_mem_instance/PC_reg[14][14] was not replicated.
Resolution: phys_opt_design can be forced to replicate a net driver using the option -force_replication_on_nets <list of net objects>.
INFO: [Physopt 32-572] Net instruction_mem_instance/D[8] was not replicated.
Resolution: phys_opt_design can be forced to replicate a net driver using the option -force_replication_on_nets <list of net objects>.
INFO: [Physopt 32-572] Net instruction_mem_instance/D[2] was not replicated.
Resolution: phys_opt_design can be forced to replicate a net driver using the option -force_replication_on_nets <list of net objects>.
INFO: [Physopt 32-232] Optimized 0 net. Created 0 new instance.
INFO: [Physopt 32-775] End 1 Pass. Optimized 0 net or cell. Created 0 new cell, deleted 0 existing cell and moved 0 existing cell
Netlist sorting complete. Time (s): cpu = 00:00:00 ; elapsed = 00:00:00.001 . Memory (MB): peak = 2316.531 ; gain = 0.000
Phase 12 Critical Cell Optimization | Checksum: 22c29bf7b

Time (s): cpu = 00:02:01 ; elapsed = 00:01:12 . Memory (MB): peak = 2316.531 ; gain = 0.000

Phase 13 SLR Crossing Optimization
Phase 13 SLR Crossing Optimization | Checksum: 22c29bf7b

Time (s): cpu = 00:02:01 ; elapsed = 00:01:12 . Memory (MB): peak = 2316.531 ; gain = 0.000

Phase 14 Fanout Optimization
INFO: [Physopt 32-76] Pass 1. Identified 1 candidate net for fanout optimization.
INFO: [Physopt 32-572] Net instruction_mem_instance/rsR1_addr__10[1] was not replicated.
Resolution: phys_opt_design can be forced to replicate a net driver using the option -force_replication_on_nets <list of net objects>.
INFO: [Physopt 32-232] Optimized 0 net. Created 0 new instance.
INFO: [Physopt 32-775] End 1 Pass. Optimized 0 net or cell. Created 0 new cell, deleted 0 existing cell and moved 0 existing cell
Netlist sorting complete. Time (s): cpu = 00:00:00 ; elapsed = 00:00:00.001 . Memory (MB): peak = 2316.531 ; gain = 0.000
Phase 14 Fanout Optimization | Checksum: 1b82169ce

Time (s): cpu = 00:02:01 ; elapsed = 00:01:12 . Memory (MB): peak = 2316.531 ; gain = 0.000

Phase 15 Single Cell Placement Optimization
INFO: [Physopt 32-660] Identified 250 candidate nets for placement-based optimization.
INFO: [Physopt 32-662] Processed net instruction_mem_instance/rsR1_addr__10[2].  Did not re-place instance instruction_mem_instance/ALU_out0_carry_i_40
INFO: [Physopt 32-662] Processed net instruction_mem_instance/PC_reg[14][1].  Did not re-place instance instruction_mem_instance/ALU_out0_carry_i_3
INFO: [Physopt 32-662] Processed net instruction_mem_instance/ADDRARDADDR[9].  Did not re-place instance instruction_mem_instance/memory_reg_i_3
INFO: [Physopt 32-662] Processed net hb823/reg_file_instance/ALU_out0_carry_i_34_n_0.  Did not re-place instance hb823/reg_file_instance/ALU_out0_carry_i_34
INFO: [Physopt 32-662] Processed net instruction_mem_instance/inst_reg_15[1].  Did not re-place instance instruction_mem_instance/i__carry_i_3
INFO: [Physopt 32-662] Processed net instruction_mem_instance/memory_reg_i_34_n_0.  Did not re-place instance instruction_mem_instance/memory_reg_i_34
INFO: [Physopt 32-662] Processed net hb823/reg_file_instance/ALU_out0_carry_i_35_n_0.  Did not re-place instance hb823/reg_file_instance/ALU_out0_carry_i_35
INFO: [Physopt 32-662] Processed net instruction_mem_instance/S[1].  Did not re-place instance instruction_mem_instance/ALU_out0_carry_i_7
INFO: [Physopt 32-662] Processed net instruction_mem_instance/D[15].  Did not re-place instance instruction_mem_instance/registers[14][15]_i_2
INFO: [Physopt 32-662] Processed net instruction_mem_instance/hb823/main_alu/ALU_out__101[15].  Did not re-place instance instruction_mem_instance/registers[14][15]_i_7
INFO: [Physopt 32-662] Processed net instruction_mem_instance/registers[14][15]_i_10_n_0.  Did not re-place instance instruction_mem_instance/registers[14][15]_i_10
INFO: [Physopt 32-662] Processed net hb823/reg_file_instance/registers_reg[13][15].  Did not re-place instance hb823/reg_file_instance/registers_reg[13][15]
INFO: [Physopt 32-662] Processed net instruction_mem_instance/PC_reg[14][2].  Did not re-place instance instruction_mem_instance/ALU_out0_carry_i_2
INFO: [Physopt 32-662] Processed net hb823/reg_file_instance/ALU_out0_carry_i_31_n_0.  Did not re-place instance hb823/reg_file_instance/ALU_out0_carry_i_31
INFO: [Physopt 32-662] Processed net instruction_mem_instance/inst_reg_15[2].  Did not re-place instance instruction_mem_instance/i__carry_i_2
INFO: [Physopt 32-662] Processed net hb823/reg_file_instance/ALU_out0_carry_i_30_n_0.  Did not re-place instance hb823/reg_file_instance/ALU_out0_carry_i_30
INFO: [Physopt 32-662] Processed net instruction_mem_instance/rsR1_addr__10[3].  Did not re-place instance instruction_mem_instance/ALU_out0_carry_i_41
INFO: [Physopt 32-662] Processed net hb823/reg_file_instance/ALU_out0_carry_i_32_n_0.  Did not re-place instance hb823/reg_file_instance/ALU_out0_carry_i_32
INFO: [Physopt 32-662] Processed net hb823/reg_file_instance/ALU_out0_carry_i_33_n_0.  Did not re-place instance hb823/reg_file_instance/ALU_out0_carry_i_33
INFO: [Physopt 32-662] Processed net hb823/reg_file_instance/registers_reg[1][15].  Did not re-place instance hb823/reg_file_instance/registers_reg[1][15]
INFO: [Physopt 32-662] Processed net hb823/reg_file_instance/registers_reg[14][15].  Did not re-place instance hb823/reg_file_instance/registers_reg[14][15]
INFO: [Physopt 32-662] Processed net hb823/reg_file_instance/memory_reg_i_150_n_0.  Did not re-place instance hb823/reg_file_instance/memory_reg_i_150
INFO: [Physopt 32-662] Processed net instruction_mem_instance/memory_reg_i_162_n_0.  Did not re-place instance instruction_mem_instance/memory_reg_i_162
INFO: [Physopt 32-662] Processed net hb823/reg_file_instance/memory_reg_i_149_n_0.  Did not re-place instance hb823/reg_file_instance/memory_reg_i_149
INFO: [Physopt 32-662] Processed net instruction_mem_instance/memory_reg_i_164_n_0.  Did not re-place instance instruction_mem_instance/memory_reg_i_164
INFO: [Physopt 32-662] Processed net instruction_mem_instance/rsR1_addr__10[1].  Did not re-place instance instruction_mem_instance/ALU_out0_carry_i_23
INFO: [Physopt 32-662] Processed net hb823/reg_file_instance/ALU_out0_carry_i_29_n_0.  Did not re-place instance hb823/reg_file_instance/ALU_out0_carry_i_29
INFO: [Physopt 32-662] Processed net hb823/reg_file_instance/ALU_out0_carry_i_28_n_0.  Did not re-place instance hb823/reg_file_instance/ALU_out0_carry_i_28
INFO: [Physopt 32-662] Processed net instruction_mem_instance/memory_reg_i_161_n_0.  Did not re-place instance instruction_mem_instance/memory_reg_i_161
INFO: [Physopt 32-662] Processed net instruction_mem_instance/inst_reg_15[0].  Did not re-place instance instruction_mem_instance/i__carry_i_4
INFO: [Physopt 32-662] Processed net instruction_mem_instance/memory_reg_i_91_n_0.  Did not re-place instance instruction_mem_instance/memory_reg_i_91
INFO: [Physopt 32-662] Processed net hb823/reg_file_instance/memory_reg_i_154_n_0.  Did not re-place instance hb823/reg_file_instance/memory_reg_i_154
INFO: [Physopt 32-662] Processed net hb823/reg_file_instance/memory_reg_i_151_n_0.  Did not re-place instance hb823/reg_file_instance/memory_reg_i_151
INFO: [Physopt 32-662] Processed net hb823/reg_file_instance/memory_reg_i_153_n_0.  Did not re-place instance hb823/reg_file_instance/memory_reg_i_153
INFO: [Physopt 32-662] Processed net instruction_mem_instance/PC_reg[14][0].  Did not re-place instance instruction_mem_instance/ALU_out0_carry_i_4
INFO: [Physopt 32-662] Processed net hb823/reg_file_instance/ALU_out0_carry_i_37_n_0.  Did not re-place instance hb823/reg_file_instance/ALU_out0_carry_i_37
INFO: [Physopt 32-662] Processed net instruction_mem_instance/PC_reg[14][8].  Did not re-place instance instruction_mem_instance/ALU_out0_carry__1_i_4
INFO: [Physopt 32-662] Processed net hb823/reg_file_instance/ALU_out0_carry__1_i_34_n_0.  Did not re-place instance hb823/reg_file_instance/ALU_out0_carry__1_i_34
INFO: [Physopt 32-662] Processed net instruction_mem_instance/PC_reg[11]_0[0].  Did not re-place instance instruction_mem_instance/i__carry__1_i_4
INFO: [Physopt 32-662] Processed net hb823/reg_file_instance/ALU_out0_carry_i_36_n_0.  Did not re-place instance hb823/reg_file_instance/ALU_out0_carry_i_36
INFO: [Physopt 32-662] Processed net hb823/reg_file_instance/ALU_out0_carry__1_i_33_n_0.  Did not re-place instance hb823/reg_file_instance/ALU_out0_carry__1_i_33
INFO: [Physopt 32-662] Processed net hb823/reg_file_instance/memory_reg_i_152_n_0.  Did not re-place instance hb823/reg_file_instance/memory_reg_i_152
INFO: [Physopt 32-662] Processed net hb823/reg_file_instance/registers_reg[3][15].  Did not re-place instance hb823/reg_file_instance/registers_reg[3][15]
INFO: [Physopt 32-662] Processed net hb823/reg_file_instance/memory_reg_i_156_n_0.  Did not re-place instance hb823/reg_file_instance/memory_reg_i_156
INFO: [Physopt 32-662] Processed net hb823/reg_file_instance/registers_reg[6][15].  Did not re-place instance hb823/reg_file_instance/registers_reg[6][15]
INFO: [Physopt 32-662] Processed net instruction_mem_instance/memory_reg_i_163_n_0.  Did not re-place instance instruction_mem_instance/memory_reg_i_163
INFO: [Physopt 32-662] Processed net hb823/reg_file_instance/memory_reg_i_155_n_0.  Did not re-place instance hb823/reg_file_instance/memory_reg_i_155
INFO: [Physopt 32-662] Processed net hb823/reg_file_instance/registers_reg[12][15].  Did not re-place instance hb823/reg_file_instance/registers_reg[12][15]
INFO: [Physopt 32-662] Processed net hb823/reg_file_instance/registers_reg[4][15].  Did not re-place instance hb823/reg_file_instance/registers_reg[4][15]
INFO: [Physopt 32-662] Processed net hb823/reg_file_instance/registers_reg[2][15].  Did not re-place instance hb823/reg_file_instance/registers_reg[2][15]
INFO: [Physopt 32-662] Processed net hb823/reg_file_instance/ALU_out0_carry_i_39_n_0.  Did not re-place instance hb823/reg_file_instance/ALU_out0_carry_i_39
INFO: [Physopt 32-662] Processed net instruction_mem_instance/S[2].  Did not re-place instance instruction_mem_instance/ALU_out0_carry_i_6
INFO: [Physopt 32-662] Processed net instruction_mem_instance/D[13].  Did not re-place instance instruction_mem_instance/registers[14][13]_i_1
INFO: [Physopt 32-662] Processed net instruction_mem_instance/hb823/main_alu/ALU_out__101[13].  Did not re-place instance instruction_mem_instance/registers[14][13]_i_2
INFO: [Physopt 32-662] Processed net instruction_mem_instance/registers[14][13]_i_3_n_0.  Did not re-place instance instruction_mem_instance/registers[14][13]_i_3
INFO: [Physopt 32-662] Processed net hb823/reg_file_instance/registers_reg[11][13].  Did not re-place instance hb823/reg_file_instance/registers_reg[11][13]
INFO: [Physopt 32-662] Processed net hb823/reg_file_instance/registers_reg[6][13].  Did not re-place instance hb823/reg_file_instance/registers_reg[6][13]
INFO: [Physopt 32-662] Processed net hb823/reg_file_instance/registers_reg[8][15].  Did not re-place instance hb823/reg_file_instance/registers_reg[8][15]
INFO: [Physopt 32-662] Processed net hb823/reg_file_instance/registers_reg[9][15].  Did not re-place instance hb823/reg_file_instance/registers_reg[9][15]
INFO: [Physopt 32-662] Processed net hb823/reg_file_instance/ALU_out0_carry_i_38_n_0.  Did not re-place instance hb823/reg_file_instance/ALU_out0_carry_i_38
INFO: [Physopt 32-662] Processed net hb823/reg_file_instance/registers_reg[12][13].  Did not re-place instance hb823/reg_file_instance/registers_reg[12][13]
INFO: [Physopt 32-662] Processed net hb823/reg_file_instance/registers_reg[14][13].  Did not re-place instance hb823/reg_file_instance/registers_reg[14][13]
INFO: [Physopt 32-662] Processed net hb823/reg_file_instance/registers_reg[15][15].  Did not re-place instance hb823/reg_file_instance/registers_reg[15][15]
INFO: [Physopt 32-662] Processed net instruction_mem_instance/PC_reg[14][12].  Did not re-place instance instruction_mem_instance/ALU_out0_carry__2_i_3
INFO: [Physopt 32-662] Processed net hb823/reg_file_instance/ALU_out0_carry__2_i_26_n_0.  Did not re-place instance hb823/reg_file_instance/ALU_out0_carry__2_i_26
INFO: [Physopt 32-662] Processed net instruction_mem_instance/PC_reg[15]_0[0].  Did not re-place instance instruction_mem_instance/i__carry__2_i_4
INFO: [Physopt 32-662] Processed net hb823/reg_file_instance/memory_reg_i_128_n_0.  Did not re-place instance hb823/reg_file_instance/memory_reg_i_128
INFO: [Physopt 32-662] Processed net instruction_mem_instance/PC_reg[7][3].  Did not re-place instance instruction_mem_instance/ALU_out0_carry__0_i_5
INFO: [Physopt 32-662] Processed net hb823/reg_file_instance/memory_reg_i_127_n_0.  Did not re-place instance hb823/reg_file_instance/memory_reg_i_127
INFO: [Physopt 32-662] Processed net hb823/reg_file_instance/ALU_out0_carry__2_i_27_n_0.  Did not re-place instance hb823/reg_file_instance/ALU_out0_carry__2_i_27
INFO: [Physopt 32-662] Processed net instruction_mem_instance/memory_reg_i_90_n_0.  Did not re-place instance instruction_mem_instance/memory_reg_i_90
INFO: [Physopt 32-662] Processed net hb823/reg_file_instance/memory_reg_i_130_n_0.  Did not re-place instance hb823/reg_file_instance/memory_reg_i_130
INFO: [Physopt 32-662] Processed net instruction_mem_instance/PC_reg[7][2].  Did not re-place instance instruction_mem_instance/ALU_out0_carry__0_i_6
INFO: [Physopt 32-662] Processed net hb823/reg_file_instance/registers_reg[10][15].  Did not re-place instance hb823/reg_file_instance/registers_reg[10][15]
INFO: [Physopt 32-662] Processed net hb823/reg_file_instance/registers_reg[5][15].  Did not re-place instance hb823/reg_file_instance/registers_reg[5][15]
INFO: [Physopt 32-662] Processed net hb823/reg_file_instance/memory_reg_i_129_n_0.  Did not re-place instance hb823/reg_file_instance/memory_reg_i_129
INFO: [Physopt 32-662] Processed net hb823/reg_file_instance/registers_reg[10][13].  Did not re-place instance hb823/reg_file_instance/registers_reg[10][13]
INFO: [Physopt 32-662] Processed net instruction_mem_instance/PC_reg[14][10].  Did not re-place instance instruction_mem_instance/ALU_out0_carry__1_i_2
INFO: [Physopt 32-662] Processed net instruction_mem_instance/PC_reg[11]_0[2].  Did not re-place instance instruction_mem_instance/i__carry__1_i_2
INFO: [Physopt 32-662] Processed net hb823/reg_file_instance/ALU_out0_carry__1_i_36_n_0.  Did not re-place instance hb823/reg_file_instance/ALU_out0_carry__1_i_36
INFO: [Physopt 32-662] Processed net hb823/reg_file_instance/ALU_out0_carry__1_i_35_n_0.  Did not re-place instance hb823/reg_file_instance/ALU_out0_carry__1_i_35
INFO: [Physopt 32-662] Processed net hb823/reg_file_instance/ALU_out0_carry__1_i_27_n_0.  Did not re-place instance hb823/reg_file_instance/ALU_out0_carry__1_i_27
INFO: [Physopt 32-662] Processed net instruction_mem_instance/ADDRARDADDR[2].  Did not re-place instance instruction_mem_instance/memory_reg_i_10
INFO: [Physopt 32-662] Processed net instruction_mem_instance/memory_reg_i_48_n_0.  Did not re-place instance instruction_mem_instance/memory_reg_i_48
INFO: [Physopt 32-662] Processed net instruction_mem_instance/memory_reg_i_158_n_0.  Did not re-place instance instruction_mem_instance/memory_reg_i_158
INFO: [Physopt 32-662] Processed net hb823/reg_file_instance/ALU_out0_carry__2_i_29_n_0.  Did not re-place instance hb823/reg_file_instance/ALU_out0_carry__2_i_29
INFO: [Physopt 32-662] Processed net instruction_mem_instance/rsR1_addr__10[0].  Did not re-place instance instruction_mem_instance/ALU_out0_carry_i_14
INFO: [Physopt 32-662] Processed net instruction_mem_instance/PC_reg[14][9].  Did not re-place instance instruction_mem_instance/ALU_out0_carry__1_i_3
INFO: [Physopt 32-662] Processed net instruction_mem_instance/PC_reg[11]_0[1].  Did not re-place instance instruction_mem_instance/i__carry__1_i_3
INFO: [Physopt 32-662] Processed net instruction_mem_instance/ADDRARDADDR[5].  Did not re-place instance instruction_mem_instance/memory_reg_i_7
INFO: [Physopt 32-662] Processed net instruction_mem_instance/memory_reg_i_42_n_0.  Did not re-place instance instruction_mem_instance/memory_reg_i_42
INFO: [Physopt 32-662] Processed net hb823/reg_file_instance/ALU_out0_carry__2_i_28_n_0.  Did not re-place instance hb823/reg_file_instance/ALU_out0_carry__2_i_28
INFO: [Physopt 32-662] Processed net instruction_mem_instance/PC_reg[7]_0[2].  Did not re-place instance instruction_mem_instance/i__carry__0_i_2
INFO: [Physopt 32-662] Processed net hb823/reg_file_instance/ALU_out0_carry__1_i_30_n_0.  Did not re-place instance hb823/reg_file_instance/ALU_out0_carry__1_i_30
INFO: [Physopt 32-662] Processed net hb823/reg_file_instance/ALU_out0_carry__1_i_29_n_0.  Did not re-place instance hb823/reg_file_instance/ALU_out0_carry__1_i_29
INFO: [Physopt 32-662] Processed net instruction_mem_instance/S[0].  Did not re-place instance instruction_mem_instance/ALU_out0_carry_i_8
INFO: [Physopt 32-662] Processed net instruction_mem_instance/D[7].  Did not re-place instance instruction_mem_instance/registers[14][7]_i_1
INFO: [Physopt 32-662] Processed net instruction_mem_instance/ADDRARDADDR[7].  Did not re-place instance instruction_mem_instance/memory_reg_i_5
INFO: [Physopt 32-662] Processed net instruction_mem_instance/memory_reg_i_38_n_0.  Did not re-place instance instruction_mem_instance/memory_reg_i_38
INFO: [Physopt 32-662] Processed net hb823/reg_file_instance/ALU_out0_carry__1_i_32_n_0.  Did not re-place instance hb823/reg_file_instance/ALU_out0_carry__1_i_32
INFO: [Physopt 32-662] Processed net hb823/reg_file_instance/memory_reg_i_146_n_0.  Did not re-place instance hb823/reg_file_instance/memory_reg_i_146
INFO: [Physopt 32-662] Processed net hb823/reg_file_instance/memory_reg_i_145_n_0.  Did not re-place instance hb823/reg_file_instance/memory_reg_i_145
INFO: [Physopt 32-662] Processed net hb823/reg_file_instance/registers_reg[14][7].  Did not re-place instance hb823/reg_file_instance/registers_reg[14][7]
INFO: [Physopt 32-662] Processed net hb823/reg_file_instance/memory_reg_i_132_n_0.  Did not re-place instance hb823/reg_file_instance/memory_reg_i_132
INFO: [Physopt 32-662] Processed net instruction_mem_instance/ADDRARDADDR[10].  Did not re-place instance instruction_mem_instance/memory_reg_i_2
INFO: [Physopt 32-662] Processed net instruction_mem_instance/memory_reg_i_29_n_0.  Did not re-place instance instruction_mem_instance/memory_reg_i_29
INFO: [Physopt 32-662] Processed net hb823/reg_file_instance/ALU_out0_carry__1_i_31_n_0.  Did not re-place instance hb823/reg_file_instance/ALU_out0_carry__1_i_31
INFO: [Physopt 32-662] Processed net hb823/reg_file_instance/memory_reg_i_131_n_0.  Did not re-place instance hb823/reg_file_instance/memory_reg_i_131
INFO: [Physopt 32-662] Processed net hb823/reg_file_instance/registers_reg[7][13].  Did not re-place instance hb823/reg_file_instance/registers_reg[7][13]
INFO: [Physopt 32-662] Processed net instruction_mem_instance/ADDRARDADDR[3].  Did not re-place instance instruction_mem_instance/memory_reg_i_9
INFO: [Physopt 32-662] Processed net hb823/reg_file_instance/memory_reg_i_147_n_0.  Did not re-place instance hb823/reg_file_instance/memory_reg_i_147
INFO: [Physopt 32-662] Processed net instruction_mem_instance/memory_reg_i_46_n_0.  Did not re-place instance instruction_mem_instance/memory_reg_i_46
INFO: [Physopt 32-662] Processed net instruction_mem_instance/PC_reg[14][3].  Did not re-place instance instruction_mem_instance/ALU_out0_carry_i_1
INFO: [Physopt 32-662] Processed net hb823/reg_file_instance/ALU_out0_carry_i_24_n_0.  Did not re-place instance hb823/reg_file_instance/ALU_out0_carry_i_24
INFO: [Physopt 32-662] Processed net instruction_mem_instance/inst_reg_15[3].  Did not re-place instance instruction_mem_instance/i__carry_i_1
INFO: [Physopt 32-662] Processed net instruction_mem_instance/PC_reg[14][6].  Did not re-place instance instruction_mem_instance/ALU_out0_carry__0_i_2
INFO: [Physopt 32-662] Processed net hb823/reg_file_instance/ALU_out0_carry__0_i_27_n_0.  Did not re-place instance hb823/reg_file_instance/ALU_out0_carry__0_i_27
INFO: [Physopt 32-662] Processed net instruction_mem_instance/PC_reg[14][7].  Did not re-place instance instruction_mem_instance/ALU_out0_carry__0_i_1
INFO: [Physopt 32-662] Processed net instruction_mem_instance/PC_reg[7]_0[3].  Did not re-place instance instruction_mem_instance/i__carry__0_i_1
INFO: [Physopt 32-662] Processed net hb823/reg_file_instance/ALU_out0_carry_i_25_n_0.  Did not re-place instance hb823/reg_file_instance/ALU_out0_carry_i_25
INFO: [Physopt 32-662] Processed net instruction_mem_instance/PC_reg[14][4].  Did not re-place instance instruction_mem_instance/ALU_out0_carry__0_i_4
INFO: [Physopt 32-662] Processed net hb823/reg_file_instance/ALU_out0_carry__0_i_28_n_0.  Did not re-place instance hb823/reg_file_instance/ALU_out0_carry__0_i_28
INFO: [Physopt 32-662] Processed net hb823/reg_file_instance/ALU_out0_carry__0_i_35_n_0.  Did not re-place instance hb823/reg_file_instance/ALU_out0_carry__0_i_35
INFO: [Physopt 32-662] Processed net instruction_mem_instance/PC_reg[7]_0[0].  Did not re-place instance instruction_mem_instance/i__carry__0_i_4
INFO: [Physopt 32-662] Processed net instruction_mem_instance/S[3].  Did not re-place instance instruction_mem_instance/ALU_out0_carry_i_5
INFO: [Physopt 32-662] Processed net hb823/reg_file_instance/ALU_out0_carry__1_i_25_n_0.  Did not re-place instance hb823/reg_file_instance/ALU_out0_carry__1_i_25
INFO: [Physopt 32-662] Processed net hb823/reg_file_instance/ALU_out0_carry__0_i_36_n_0.  Did not re-place instance hb823/reg_file_instance/ALU_out0_carry__0_i_36
INFO: [Physopt 32-662] Processed net instruction_mem_instance/PC_reg[14][5].  Did not re-place instance instruction_mem_instance/ALU_out0_carry__0_i_3
INFO: [Physopt 32-662] Processed net hb823/reg_file_instance/ALU_out0_carry__0_i_32_n_0.  Did not re-place instance hb823/reg_file_instance/ALU_out0_carry__0_i_32
INFO: [Physopt 32-662] Processed net instruction_mem_instance/PC_reg[7]_0[1].  Did not re-place instance instruction_mem_instance/i__carry__0_i_3
INFO: [Physopt 32-662] Processed net hb823/reg_file_instance/memory_reg_i_126_n_0.  Did not re-place instance hb823/reg_file_instance/memory_reg_i_126
INFO: [Physopt 32-662] Processed net hb823/reg_file_instance/ALU_out0_carry__1_i_26_n_0.  Did not re-place instance hb823/reg_file_instance/ALU_out0_carry__1_i_26
INFO: [Physopt 32-662] Processed net hb823/reg_file_instance/ALU_out0_carry__0_i_31_n_0.  Did not re-place instance hb823/reg_file_instance/ALU_out0_carry__0_i_31
INFO: [Physopt 32-662] Processed net hb823/reg_file_instance/registers_reg[4][13].  Did not re-place instance hb823/reg_file_instance/registers_reg[4][13]
INFO: [Physopt 32-662] Processed net hb823/reg_file_instance/registers_reg[15][13].  Did not re-place instance hb823/reg_file_instance/registers_reg[15][13]
INFO: [Physopt 32-662] Processed net instruction_mem_instance/memory_reg_i_157_n_0.  Did not re-place instance instruction_mem_instance/memory_reg_i_157
INFO: [Physopt 32-662] Processed net hb823/reg_file_instance/memory_reg_i_125_n_0.  Did not re-place instance hb823/reg_file_instance/memory_reg_i_125
INFO: [Physopt 32-662] Processed net hb823/reg_file_instance/ALU_out0_carry__0_i_26_n_0.  Did not re-place instance hb823/reg_file_instance/ALU_out0_carry__0_i_26
INFO: [Physopt 32-662] Processed net hb823/reg_file_instance/ALU_out0_carry__0_i_25_n_0.  Did not re-place instance hb823/reg_file_instance/ALU_out0_carry__0_i_25
INFO: [Physopt 32-662] Processed net instruction_mem_instance/PC_reg[7][0].  Did not re-place instance instruction_mem_instance/ALU_out0_carry__0_i_8
INFO: [Physopt 32-662] Processed net hb823/reg_file_instance/registers_reg[3][13].  Did not re-place instance hb823/reg_file_instance/registers_reg[3][13]
INFO: [Physopt 32-662] Processed net hb823/reg_file_instance/memory_reg_i_148_n_0.  Did not re-place instance hb823/reg_file_instance/memory_reg_i_148
INFO: [Physopt 32-662] Processed net hb823/reg_file_instance/registers_reg[8][13].  Did not re-place instance hb823/reg_file_instance/registers_reg[8][13]
INFO: [Physopt 32-662] Processed net hb823/reg_file_instance/ALU_out0_carry__0_i_34_n_0.  Did not re-place instance hb823/reg_file_instance/ALU_out0_carry__0_i_34
INFO: [Physopt 32-662] Processed net instruction_mem_instance/D[14].  Did not re-place instance instruction_mem_instance/registers[14][14]_i_1
INFO: [Physopt 32-662] Processed net instruction_mem_instance/hb823/main_alu/ALU_out__101[14].  Did not re-place instance instruction_mem_instance/registers[14][14]_i_2
INFO: [Physopt 32-662] Processed net instruction_mem_instance/registers[14][14]_i_3_n_0.  Did not re-place instance instruction_mem_instance/registers[14][14]_i_3
INFO: [Physopt 32-662] Processed net hb823/reg_file_instance/memory_reg_i_138_n_0.  Did not re-place instance hb823/reg_file_instance/memory_reg_i_138
INFO: [Physopt 32-662] Processed net instruction_mem_instance/hb823/main_alu/ALU_out__101[11].  Did not re-place instance instruction_mem_instance/registers[14][11]_i_2
INFO: [Physopt 32-662] Processed net instruction_mem_instance/registers[14][11]_i_3_n_0.  Did not re-place instance instruction_mem_instance/registers[14][11]_i_3
INFO: [Physopt 32-662] Processed net hb823/reg_file_instance/registers_reg[11][11].  Did not re-place instance hb823/reg_file_instance/registers_reg[11][11]
INFO: [Physopt 32-662] Processed net instruction_mem_instance/ADDRARDADDR[6].  Did not re-place instance instruction_mem_instance/memory_reg_i_6
INFO: [Physopt 32-662] Processed net hb823/reg_file_instance/memory_reg_i_137_n_0.  Did not re-place instance hb823/reg_file_instance/memory_reg_i_137
INFO: [Physopt 32-662] Processed net instruction_mem_instance/memory_reg_i_40_n_0.  Did not re-place instance instruction_mem_instance/memory_reg_i_40
INFO: [Physopt 32-662] Processed net hb823/reg_file_instance/registers_reg[13][7].  Did not re-place instance hb823/reg_file_instance/registers_reg[13][7]
INFO: [Physopt 32-662] Processed net hb823/reg_file_instance/registers_reg[10][11].  Did not re-place instance hb823/reg_file_instance/registers_reg[10][11]
INFO: [Physopt 32-662] Processed net hb823/reg_file_instance/ALU_out0_carry__0_i_33_n_0.  Did not re-place instance hb823/reg_file_instance/ALU_out0_carry__0_i_33
INFO: [Physopt 32-662] Processed net hb823/reg_file_instance/ALU_out0_carry_i_27_n_0.  Did not re-place instance hb823/reg_file_instance/ALU_out0_carry_i_27
INFO: [Physopt 32-662] Processed net hb823/reg_file_instance/ALU_out0_carry__0_i_30_n_0.  Did not re-place instance hb823/reg_file_instance/ALU_out0_carry__0_i_30
INFO: [Physopt 32-662] Processed net hb823/reg_file_instance/registers_reg[1][13].  Did not re-place instance hb823/reg_file_instance/registers_reg[1][13]
INFO: [Physopt 32-662] Processed net hb823/reg_file_instance/registers_reg[9][13].  Did not re-place instance hb823/reg_file_instance/registers_reg[9][13]
INFO: [Physopt 32-662] Processed net hb823/reg_file_instance/ALU_out0_carry__0_i_38_n_0.  Did not re-place instance hb823/reg_file_instance/ALU_out0_carry__0_i_38
INFO: [Physopt 32-662] Processed net instruction_mem_instance/D[10].  Did not re-place instance instruction_mem_instance/registers[14][10]_i_1
INFO: [Physopt 32-662] Processed net hb823/reg_file_instance/registers_reg[14][10].  Did not re-place instance hb823/reg_file_instance/registers_reg[14][10]
INFO: [Physopt 32-662] Processed net hb823/reg_file_instance/ALU_out0_carry__1_i_28_n_0.  Did not re-place instance hb823/reg_file_instance/ALU_out0_carry__1_i_28
INFO: [Physopt 32-662] Processed net instruction_mem_instance/PC_reg[15]_0[1].  Did not re-place instance instruction_mem_instance/i__carry__2_i_3
INFO: [Physopt 32-662] Processed net hb823/reg_file_instance/registers_reg[6][14].  Did not re-place instance hb823/reg_file_instance/registers_reg[6][14]
INFO: [Physopt 32-662] Processed net hb823/reg_file_instance/ALU_out0_carry_i_26_n_0.  Did not re-place instance hb823/reg_file_instance/ALU_out0_carry_i_26
INFO: [Physopt 32-662] Processed net hb823/reg_file_instance/registers_reg[5][14].  Did not re-place instance hb823/reg_file_instance/registers_reg[5][14]
INFO: [Physopt 32-662] Processed net hb823/reg_file_instance/ALU_out0_carry__0_i_29_n_0.  Did not re-place instance hb823/reg_file_instance/ALU_out0_carry__0_i_29
INFO: [Physopt 32-662] Processed net hb823/reg_file_instance/registers_reg[13][13].  Did not re-place instance hb823/reg_file_instance/registers_reg[13][13]
INFO: [Physopt 32-662] Processed net hb823/reg_file_instance/registers_reg[8][11].  Did not re-place instance hb823/reg_file_instance/registers_reg[8][11]
INFO: [Physopt 32-662] Processed net hb823/reg_file_instance/registers_reg[7][11].  Did not re-place instance hb823/reg_file_instance/registers_reg[7][11]
INFO: [Physopt 32-662] Processed net hb823/reg_file_instance/registers_reg[11][15].  Did not re-place instance hb823/reg_file_instance/registers_reg[11][15]
INFO: [Physopt 32-662] Processed net hb823/reg_file_instance/ALU_out0_carry__0_i_37_n_0.  Did not re-place instance hb823/reg_file_instance/ALU_out0_carry__0_i_37
INFO: [Physopt 32-662] Processed net hb823/reg_file_instance/registers_reg[5][13].  Did not re-place instance hb823/reg_file_instance/registers_reg[5][13]
INFO: [Physopt 32-662] Processed net hb823/reg_file_instance/registers_reg[8][14].  Did not re-place instance hb823/reg_file_instance/registers_reg[8][14]
INFO: [Physopt 32-662] Processed net hb823/reg_file_instance/registers_reg[1][7].  Did not re-place instance hb823/reg_file_instance/registers_reg[1][7]
INFO: [Physopt 32-662] Processed net hb823/reg_file_instance/registers_reg[4][14].  Did not re-place instance hb823/reg_file_instance/registers_reg[4][14]
INFO: [Physopt 32-662] Processed net hb823/reg_file_instance/memory_reg_i_102_n_0.  Did not re-place instance hb823/reg_file_instance/memory_reg_i_102
INFO: [Physopt 32-662] Processed net hb823/reg_file_instance/memory_reg_i_101_n_0.  Did not re-place instance hb823/reg_file_instance/memory_reg_i_101
INFO: [Physopt 32-662] Processed net hb823/reg_file_instance/registers_reg[12][7].  Did not re-place instance hb823/reg_file_instance/registers_reg[12][7]
INFO: [Physopt 32-662] Processed net instruction_mem_instance/PC_reg[7][1].  Did not re-place instance instruction_mem_instance/ALU_out0_carry__0_i_7
INFO: [Physopt 32-662] Processed net hb823/reg_file_instance/registers_reg[12][11].  Did not re-place instance hb823/reg_file_instance/registers_reg[12][11]
INFO: [Physopt 32-662] Processed net hb823/reg_file_instance/registers_reg[3][11].  Did not re-place instance hb823/reg_file_instance/registers_reg[3][11]
INFO: [Physopt 32-662] Processed net hb823/reg_file_instance/registers_reg[5][11].  Did not re-place instance hb823/reg_file_instance/registers_reg[5][11]
INFO: [Physopt 32-662] Processed net hb823/reg_file_instance/registers_reg[15][14].  Did not re-place instance hb823/reg_file_instance/registers_reg[15][14]
INFO: [Physopt 32-662] Processed net instruction_mem_instance/PC_reg[11][0].  Did not re-place instance instruction_mem_instance/ALU_out0_carry__1_i_8
INFO: [Physopt 32-662] Processed net hb823/reg_file_instance/ALU_out0_carry__0_i_24_n_0.  Did not re-place instance hb823/reg_file_instance/ALU_out0_carry__0_i_24
INFO: [Physopt 32-662] Processed net hb823/reg_file_instance/ALU_out0_carry__0_i_23_n_0.  Did not re-place instance hb823/reg_file_instance/ALU_out0_carry__0_i_23
INFO: [Physopt 32-662] Processed net hb823/reg_file_instance/registers_reg[15][11].  Did not re-place instance hb823/reg_file_instance/registers_reg[15][11]
INFO: [Physopt 32-662] Processed net hb823/reg_file_instance/registers_reg[15][7].  Did not re-place instance hb823/reg_file_instance/registers_reg[15][7]
INFO: [Physopt 32-662] Processed net hb823/reg_file_instance/registers_reg[14][11].  Did not re-place instance hb823/reg_file_instance/registers_reg[14][11]
INFO: [Physopt 32-662] Processed net hb823/reg_file_instance/registers_reg[11][7].  Did not re-place instance hb823/reg_file_instance/registers_reg[11][7]
INFO: [Physopt 32-662] Processed net hb823/reg_file_instance/memory_reg_i_106_n_0.  Did not re-place instance hb823/reg_file_instance/memory_reg_i_106
INFO: [Physopt 32-662] Processed net hb823/reg_file_instance/memory_reg_i_105_n_0.  Did not re-place instance hb823/reg_file_instance/memory_reg_i_105
INFO: [Physopt 32-662] Processed net instruction_mem_instance/D[12].  Did not re-place instance instruction_mem_instance/registers[14][12]_i_1
INFO: [Physopt 32-662] Processed net instruction_mem_instance/hb823/main_alu/ALU_out__101[12].  Did not re-place instance instruction_mem_instance/registers[14][12]_i_2
INFO: [Physopt 32-662] Processed net instruction_mem_instance/registers[14][12]_i_3_n_0.  Did not re-place instance instruction_mem_instance/registers[14][12]_i_3
INFO: [Physopt 32-662] Processed net hb823/reg_file_instance/registers_reg[14][12].  Did not re-place instance hb823/reg_file_instance/registers_reg[14][12]
INFO: [Physopt 32-662] Processed net hb823/reg_file_instance/memory_reg_i_140_n_0.  Did not re-place instance hb823/reg_file_instance/memory_reg_i_140
INFO: [Physopt 32-662] Processed net hb823/reg_file_instance/registers_reg[7][14].  Did not re-place instance hb823/reg_file_instance/registers_reg[7][14]
INFO: [Physopt 32-662] Processed net hb823/reg_file_instance/memory_reg_i_139_n_0.  Did not re-place instance hb823/reg_file_instance/memory_reg_i_139
INFO: [Physopt 32-662] Processed net hb823/reg_file_instance/memory_reg_i_118_n_0.  Did not re-place instance hb823/reg_file_instance/memory_reg_i_118
INFO: [Physopt 32-662] Processed net instruction_mem_instance/D[9].  Did not re-place instance instruction_mem_instance/registers[14][9]_i_1
INFO: [Physopt 32-662] Processed net hb823/reg_file_instance/registers_reg[11][12].  Did not re-place instance hb823/reg_file_instance/registers_reg[11][12]
INFO: [Physopt 32-662] Processed net hb823/reg_file_instance/registers_reg[14][9].  Did not re-place instance hb823/reg_file_instance/registers_reg[14][9]
INFO: [Physopt 32-662] Processed net hb823/reg_file_instance/registers_reg[10][9].  Did not re-place instance hb823/reg_file_instance/registers_reg[10][9]
INFO: [Physopt 32-662] Processed net instruction_mem_instance/PC_reg[14][11].  Did not re-place instance instruction_mem_instance/ALU_out0_carry__1_i_1
INFO: [Physopt 32-662] Processed net hb823/reg_file_instance/ALU_out0_carry__1_i_21_n_0.  Did not re-place instance hb823/reg_file_instance/ALU_out0_carry__1_i_21
INFO: [Physopt 32-662] Processed net instruction_mem_instance/PC_reg[11]_0[3].  Did not re-place instance instruction_mem_instance/i__carry__1_i_1
INFO: [Physopt 32-662] Processed net instruction_mem_instance/PC_reg[15][0].  Did not re-place instance instruction_mem_instance/ALU_out0_carry__2_i_7
INFO: [Physopt 32-662] Processed net hb823/reg_file_instance/ALU_out0_carry__1_i_22_n_0.  Did not re-place instance hb823/reg_file_instance/ALU_out0_carry__1_i_22
INFO: [Physopt 32-662] Processed net hb823/reg_file_instance/memory_reg_i_122_n_0.  Did not re-place instance hb823/reg_file_instance/memory_reg_i_122
INFO: [Physopt 32-662] Processed net hb823/reg_file_instance/memory_reg_i_117_n_0.  Did not re-place instance hb823/reg_file_instance/memory_reg_i_117
INFO: [Physopt 32-662] Processed net hb823/reg_file_instance/registers_reg[3][7].  Did not re-place instance hb823/reg_file_instance/registers_reg[3][7]
INFO: [Physopt 32-662] Processed net hb823/reg_file_instance/memory_reg_i_121_n_0.  Did not re-place instance hb823/reg_file_instance/memory_reg_i_121
INFO: [Physopt 32-662] Processed net hb823/reg_file_instance/registers_reg[4][9].  Did not re-place instance hb823/reg_file_instance/registers_reg[4][9]
INFO: [Physopt 32-662] Processed net hb823/reg_file_instance/registers_reg[1][14].  Did not re-place instance hb823/reg_file_instance/registers_reg[1][14]
INFO: [Physopt 32-662] Processed net hb823/reg_file_instance/registers_reg[2][14].  Did not re-place instance hb823/reg_file_instance/registers_reg[2][14]
INFO: [Physopt 32-662] Processed net hb823/reg_file_instance/registers_reg[9][14].  Did not re-place instance hb823/reg_file_instance/registers_reg[9][14]
INFO: [Physopt 32-662] Processed net instruction_mem_instance/hb823/ALU_A[15].  Did not re-place instance instruction_mem_instance/ALU_out0_carry__2_i_11
INFO: [Physopt 32-662] Processed net hb823/reg_file_instance/BrLT_carry__0_i_15_n_0.  Did not re-place instance hb823/reg_file_instance/BrLT_carry__0_i_15
INFO: [Physopt 32-662] Processed net instruction_mem_instance/PC_reg[15]_0[3].  Did not re-place instance instruction_mem_instance/i__carry__2_i_1
INFO: [Physopt 32-662] Processed net hb823/reg_file_instance/memory_reg_i_104_n_0.  Did not re-place instance hb823/reg_file_instance/memory_reg_i_104
INFO: [Physopt 32-662] Processed net hb823/reg_file_instance/registers_reg[2][12].  Did not re-place instance hb823/reg_file_instance/registers_reg[2][12]
INFO: [Physopt 32-662] Processed net hb823/reg_file_instance/registers_reg[7][9].  Did not re-place instance hb823/reg_file_instance/registers_reg[7][9]
INFO: [Physopt 32-662] Processed net hb823/reg_file_instance/BrLT_carry__0_i_14_n_0.  Did not re-place instance hb823/reg_file_instance/BrLT_carry__0_i_14
INFO: [Physopt 32-662] Processed net hb823/reg_file_instance/memory_reg_i_103_n_0.  Did not re-place instance hb823/reg_file_instance/memory_reg_i_103
INFO: [Physopt 32-662] Processed net hb823/reg_file_instance/registers_reg[11][10].  Did not re-place instance hb823/reg_file_instance/registers_reg[11][10]
INFO: [Physopt 32-662] Processed net instruction_mem_instance/PC_reg[11][2].  Did not re-place instance instruction_mem_instance/ALU_out0_carry__1_i_6
INFO: [Physopt 32-662] Processed net hb823/reg_file_instance/ALU_out0_carry__1_i_24_n_0.  Did not re-place instance hb823/reg_file_instance/ALU_out0_carry__1_i_24
INFO: [Physopt 32-662] Processed net hb823/reg_file_instance/registers_reg[12][9].  Did not re-place instance hb823/reg_file_instance/registers_reg[12][9]
INFO: [Physopt 32-662] Processed net instruction_mem_instance/inst_reg_14[13].  Did not re-place instance instruction_mem_instance/PC[13]_i_1
INFO: [Physopt 32-662] Processed net hb823/pc_inst/Q[13].  Did not re-place instance hb823/pc_inst/PC_reg[13]
INFO: [Physopt 32-662] Processed net hb823/reg_file_instance/ALU_out0_carry__1_i_23_n_0.  Did not re-place instance hb823/reg_file_instance/ALU_out0_carry__1_i_23
INFO: [Physopt 32-662] Processed net instruction_mem_instance/PC_reg[11][1].  Did not re-place instance instruction_mem_instance/ALU_out0_carry__1_i_7
INFO: [Physopt 32-662] Processed net hb823/reg_file_instance/registers_reg[9][11].  Did not re-place instance hb823/reg_file_instance/registers_reg[9][11]
INFO: [Physopt 32-662] Processed net hb823/reg_file_instance/memory_reg_i_120_n_0.  Did not re-place instance hb823/reg_file_instance/memory_reg_i_120
INFO: [Physopt 32-662] Processed net instruction_mem_instance/ADDRARDADDR[8].  Did not re-place instance instruction_mem_instance/memory_reg_i_4
INFO: [Physopt 32-661] Optimized 10 nets.  Re-placed 10 instances.
INFO: [Physopt 32-775] End 1 Pass. Optimized 10 nets or cells. Created 0 new cell, deleted 0 existing cell and moved 10 existing cells
INFO: [Physopt 32-619] Estimated Timing Summary | WNS=-2.428 | TNS=-494.567 |
Netlist sorting complete. Time (s): cpu = 00:00:00 ; elapsed = 00:00:00.001 . Memory (MB): peak = 2316.531 ; gain = 0.000
Phase 15 Single Cell Placement Optimization | Checksum: 1c080fb05

Time (s): cpu = 00:02:24 ; elapsed = 00:01:27 . Memory (MB): peak = 2316.531 ; gain = 0.000

Phase 16 Multi Cell Placement Optimization
INFO: [Physopt 32-660] Identified 100 candidate nets for placement-based optimization.
INFO: [Physopt 32-662] Processed net instruction_mem_instance/PC_reg[14][1].  Did not re-place instance instruction_mem_instance/ALU_out0_carry_i_3/O
INFO: [Physopt 32-662] Processed net instruction_mem_instance/ADDRARDADDR[9].  Did not re-place instance instruction_mem_instance/memory_reg_i_3/O
INFO: [Physopt 32-662] Processed net instruction_mem_instance/memory_reg_i_34_n_0.  Did not re-place instance instruction_mem_instance/memory_reg_i_34/O
INFO: [Physopt 32-662] Processed net instruction_mem_instance/hb823/main_alu/ALU_out__101[15].  Did not re-place instance instruction_mem_instance/registers[14][15]_i_7/O
INFO: [Physopt 32-662] Processed net instruction_mem_instance/registers[14][15]_i_10_n_0.  Did not re-place instance instruction_mem_instance/registers[14][15]_i_10/O
INFO: [Physopt 32-662] Processed net instruction_mem_instance/PC_reg[14][2].  Did not re-place instance instruction_mem_instance/ALU_out0_carry_i_2/O
INFO: [Physopt 32-662] Processed net instruction_mem_instance/PC_reg[14][0].  Did not re-place instance instruction_mem_instance/ALU_out0_carry_i_4/O
INFO: [Physopt 32-662] Processed net instruction_mem_instance/PC_reg[14][8].  Did not re-place instance instruction_mem_instance/ALU_out0_carry__1_i_4/O
INFO: [Physopt 32-662] Processed net instruction_mem_instance/hb823/main_alu/ALU_out__101[13].  Did not re-place instance instruction_mem_instance/registers[14][13]_i_2/O
INFO: [Physopt 32-662] Processed net instruction_mem_instance/registers[14][13]_i_3_n_0.  Did not re-place instance instruction_mem_instance/registers[14][13]_i_3/O
INFO: [Physopt 32-662] Processed net instruction_mem_instance/PC_reg[14][12].  Did not re-place instance instruction_mem_instance/ALU_out0_carry__2_i_3/O
INFO: [Physopt 32-662] Processed net instruction_mem_instance/PC_reg[14][10].  Did not re-place instance instruction_mem_instance/ALU_out0_carry__1_i_2/O
INFO: [Physopt 32-662] Processed net instruction_mem_instance/ADDRARDADDR[2].  Did not re-place instance instruction_mem_instance/memory_reg_i_10/O
INFO: [Physopt 32-662] Processed net instruction_mem_instance/memory_reg_i_48_n_0.  Did not re-place instance instruction_mem_instance/memory_reg_i_48/O
INFO: [Physopt 32-662] Processed net instruction_mem_instance/PC_reg[14][9].  Did not re-place instance instruction_mem_instance/ALU_out0_carry__1_i_3/O
INFO: [Physopt 32-662] Processed net instruction_mem_instance/ADDRARDADDR[7].  Did not re-place instance instruction_mem_instance/memory_reg_i_5/O
INFO: [Physopt 32-662] Processed net instruction_mem_instance/memory_reg_i_38_n_0.  Did not re-place instance instruction_mem_instance/memory_reg_i_38/O
INFO: [Physopt 32-662] Processed net instruction_mem_instance/ADDRARDADDR[10].  Did not re-place instance instruction_mem_instance/memory_reg_i_2/O
INFO: [Physopt 32-662] Processed net instruction_mem_instance/memory_reg_i_29_n_0.  Did not re-place instance instruction_mem_instance/memory_reg_i_29/O
INFO: [Physopt 32-662] Processed net instruction_mem_instance/ADDRARDADDR[3].  Did not re-place instance instruction_mem_instance/memory_reg_i_9/O
INFO: [Physopt 32-662] Processed net instruction_mem_instance/memory_reg_i_46_n_0.  Did not re-place instance instruction_mem_instance/memory_reg_i_46/O
INFO: [Physopt 32-662] Processed net instruction_mem_instance/PC_reg[14][3].  Did not re-place instance instruction_mem_instance/ALU_out0_carry_i_1/O
INFO: [Physopt 32-662] Processed net instruction_mem_instance/ADDRARDADDR[5].  Did not re-place instance instruction_mem_instance/memory_reg_i_7/O
INFO: [Physopt 32-662] Processed net instruction_mem_instance/memory_reg_i_42_n_0.  Did not re-place instance instruction_mem_instance/memory_reg_i_42/O
INFO: [Physopt 32-662] Processed net instruction_mem_instance/PC_reg[14][6].  Did not re-place instance instruction_mem_instance/ALU_out0_carry__0_i_2/O
INFO: [Physopt 32-662] Processed net instruction_mem_instance/PC_reg[14][7].  Did not re-place instance instruction_mem_instance/ALU_out0_carry__0_i_1/O
INFO: [Physopt 32-662] Processed net instruction_mem_instance/PC_reg[14][4].  Did not re-place instance instruction_mem_instance/ALU_out0_carry__0_i_4/O
INFO: [Physopt 32-662] Processed net instruction_mem_instance/PC_reg[14][5].  Did not re-place instance instruction_mem_instance/ALU_out0_carry__0_i_3/O
INFO: [Physopt 32-662] Processed net instruction_mem_instance/ADDRARDADDR[6].  Did not re-place instance instruction_mem_instance/memory_reg_i_6/O
INFO: [Physopt 32-662] Processed net instruction_mem_instance/memory_reg_i_40_n_0.  Did not re-place instance instruction_mem_instance/memory_reg_i_40/O
INFO: [Physopt 32-662] Processed net instruction_mem_instance/hb823/main_alu/ALU_out__101[11].  Did not re-place instance instruction_mem_instance/registers[14][11]_i_2/O
INFO: [Physopt 32-662] Processed net instruction_mem_instance/registers[14][11]_i_3_n_0.  Did not re-place instance instruction_mem_instance/registers[14][11]_i_3/O
INFO: [Physopt 32-662] Processed net instruction_mem_instance/hb823/main_alu/ALU_out__101[14].  Did not re-place instance instruction_mem_instance/registers[14][14]_i_2/O
INFO: [Physopt 32-662] Processed net instruction_mem_instance/registers[14][14]_i_3_n_0.  Did not re-place instance instruction_mem_instance/registers[14][14]_i_3/O
INFO: [Physopt 32-661] Optimized 0 net.  Re-placed 0 instance.
INFO: [Physopt 32-775] End 1 Pass. Optimized 0 net or cell. Created 0 new cell, deleted 0 existing cell and moved 0 existing cell
Netlist sorting complete. Time (s): cpu = 00:00:00 ; elapsed = 00:00:00 . Memory (MB): peak = 2316.531 ; gain = 0.000
Phase 16 Multi Cell Placement Optimization | Checksum: 24f62ea8f

Time (s): cpu = 00:02:41 ; elapsed = 00:01:36 . Memory (MB): peak = 2316.531 ; gain = 0.000

Phase 17 Rewire
INFO: [Physopt 32-246] Starting Signal Push optimization...
INFO: [Physopt 32-241] No nets found for rewiring () optimization.
INFO: [Physopt 32-232] Optimized 0 net. Created 0 new instance.
INFO: [Physopt 32-775] End 1 Pass. Optimized 0 net or cell. Created 0 new cell, deleted 0 existing cell and moved 0 existing cell
Netlist sorting complete. Time (s): cpu = 00:00:00 ; elapsed = 00:00:00 . Memory (MB): peak = 2316.531 ; gain = 0.000
Phase 17 Rewire | Checksum: 24f62ea8f

Time (s): cpu = 00:02:41 ; elapsed = 00:01:36 . Memory (MB): peak = 2316.531 ; gain = 0.000

Phase 18 Critical Cell Optimization
INFO: [Physopt 32-46] Identified 16 candidate nets for critical-cell optimization.
INFO: [Physopt 32-572] Net instruction_mem_instance/D[7] was not replicated.
Resolution: phys_opt_design can be forced to replicate a net driver using the option -force_replication_on_nets <list of net objects>.
INFO: [Physopt 32-572] Net instruction_mem_instance/ADDRARDADDR[7] was not replicated.
Resolution: phys_opt_design can be forced to replicate a net driver using the option -force_replication_on_nets <list of net objects>.
INFO: [Physopt 32-572] Net instruction_mem_instance/ADDRARDADDR[5] was not replicated.
Resolution: phys_opt_design can be forced to replicate a net driver using the option -force_replication_on_nets <list of net objects>.
INFO: [Physopt 32-572] Net instruction_mem_instance/D[5] was not replicated.
Resolution: phys_opt_design can be forced to replicate a net driver using the option -force_replication_on_nets <list of net objects>.
INFO: [Physopt 32-572] Net instruction_mem_instance/D[11] was not replicated.
Resolution: phys_opt_design can be forced to replicate a net driver using the option -force_replication_on_nets <list of net objects>.
INFO: [Physopt 32-572] Net instruction_mem_instance/hb823/main_alu/ALU_out__101[11] was not replicated.
Resolution: phys_opt_design can be forced to replicate a net driver using the option -force_replication_on_nets <list of net objects>.
INFO: [Physopt 32-572] Net instruction_mem_instance/D[14] was not replicated.
Resolution: phys_opt_design can be forced to replicate a net driver using the option -force_replication_on_nets <list of net objects>.
INFO: [Physopt 32-572] Net instruction_mem_instance/hb823/main_alu/ALU_out__101[14] was not replicated.
Resolution: phys_opt_design can be forced to replicate a net driver using the option -force_replication_on_nets <list of net objects>.
INFO: [Physopt 32-572] Net instruction_mem_instance/D[1] was not replicated.
Resolution: phys_opt_design can be forced to replicate a net driver using the option -force_replication_on_nets <list of net objects>.
INFO: [Physopt 32-572] Net instruction_mem_instance/ADDRARDADDR[1] was not replicated.
Resolution: phys_opt_design can be forced to replicate a net driver using the option -force_replication_on_nets <list of net objects>.
INFO: [Physopt 32-572] Net instruction_mem_instance/D[3] was not replicated.
Resolution: phys_opt_design can be forced to replicate a net driver using the option -force_replication_on_nets <list of net objects>.
INFO: [Physopt 32-572] Net instruction_mem_instance/ADDRARDADDR[4] was not replicated.
Resolution: phys_opt_design can be forced to replicate a net driver using the option -force_replication_on_nets <list of net objects>.
INFO: [Physopt 32-572] Net instruction_mem_instance/PC_reg[14][13] was not replicated.
Resolution: phys_opt_design can be forced to replicate a net driver using the option -force_replication_on_nets <list of net objects>.
INFO: [Physopt 32-572] Net instruction_mem_instance/D[4] was not replicated.
Resolution: phys_opt_design can be forced to replicate a net driver using the option -force_replication_on_nets <list of net objects>.
INFO: [Physopt 32-572] Net instruction_mem_instance/ADDRARDADDR[0] was not replicated.
Resolution: phys_opt_design can be forced to replicate a net driver using the option -force_replication_on_nets <list of net objects>.
INFO: [Physopt 32-572] Net instruction_mem_instance/PC_Sel was not replicated.
Resolution: phys_opt_design can be forced to replicate a net driver using the option -force_replication_on_nets <list of net objects>.
INFO: [Physopt 32-232] Optimized 0 net. Created 0 new instance.
INFO: [Physopt 32-775] End 1 Pass. Optimized 0 net or cell. Created 0 new cell, deleted 0 existing cell and moved 0 existing cell
Netlist sorting complete. Time (s): cpu = 00:00:00 ; elapsed = 00:00:00.003 . Memory (MB): peak = 2316.531 ; gain = 0.000
Phase 18 Critical Cell Optimization | Checksum: 1cc537abe

Time (s): cpu = 00:02:52 ; elapsed = 00:01:43 . Memory (MB): peak = 2316.531 ; gain = 0.000

Phase 19 DSP Register Optimization
INFO: [Physopt 32-456] No candidate cells for DSP register optimization found in the design.
INFO: [Physopt 32-775] End 1 Pass. Optimized 0 net or cell. Created 0 new cell, deleted 0 existing cell and moved 0 existing cell
Phase 19 DSP Register Optimization | Checksum: 1cc537abe

Time (s): cpu = 00:02:52 ; elapsed = 00:01:43 . Memory (MB): peak = 2316.531 ; gain = 0.000

Phase 20 BRAM Register Optimization
INFO: [Physopt 32-614] Property 'READ_WIDTH_B' on BRAM cell 'instruction_mem_instance/inst_reg' Port 'B' is 0. Skip BRAM Register Optimization on the port
INFO: [Physopt 32-526] No candidate cells for BRAM register optimization found in the design
INFO: [Physopt 32-775] End 1 Pass. Optimized 0 net or cell. Created 0 new cell, deleted 0 existing cell and moved 0 existing cell
Phase 20 BRAM Register Optimization | Checksum: 1cc537abe

Time (s): cpu = 00:02:52 ; elapsed = 00:01:43 . Memory (MB): peak = 2316.531 ; gain = 0.000

Phase 21 URAM Register Optimization
INFO: [Physopt 32-846] No candidate cells for URAM register optimization found in the design
INFO: [Physopt 32-775] End 1 Pass. Optimized 0 net or cell. Created 0 new cell, deleted 0 existing cell and moved 0 existing cell
INFO: [Physopt 32-846] No candidate cells for URAM register optimization found in the design
INFO: [Physopt 32-775] End 1 Pass. Optimized 0 net or cell. Created 0 new cell, deleted 0 existing cell and moved 0 existing cell
Phase 21 URAM Register Optimization | Checksum: 1cc537abe

Time (s): cpu = 00:02:52 ; elapsed = 00:01:43 . Memory (MB): peak = 2316.531 ; gain = 0.000

Phase 22 Shift Register Optimization
INFO: [Physopt 32-1401] No candidate cells found for Shift Register optimization.
INFO: [Physopt 32-677] No candidate cells for Shift Register optimization found in the design
INFO: [Physopt 32-775] End 1 Pass. Optimized 0 net or cell. Created 0 new cell, deleted 0 existing cell and moved 0 existing cell
Phase 22 Shift Register Optimization | Checksum: 1cc537abe

Time (s): cpu = 00:02:52 ; elapsed = 00:01:43 . Memory (MB): peak = 2316.531 ; gain = 0.000

Phase 23 DSP Register Optimization
INFO: [Physopt 32-456] No candidate cells for DSP register optimization found in the design.
INFO: [Physopt 32-775] End 1 Pass. Optimized 0 net or cell. Created 0 new cell, deleted 0 existing cell and moved 0 existing cell
Phase 23 DSP Register Optimization | Checksum: 1cc537abe

Time (s): cpu = 00:02:52 ; elapsed = 00:01:43 . Memory (MB): peak = 2316.531 ; gain = 0.000

Phase 24 BRAM Register Optimization
INFO: [Physopt 32-614] Property 'READ_WIDTH_B' on BRAM cell 'instruction_mem_instance/inst_reg' Port 'B' is 0. Skip BRAM Register Optimization on the port
INFO: [Physopt 32-526] No candidate cells for BRAM register optimization found in the design
INFO: [Physopt 32-775] End 1 Pass. Optimized 0 net or cell. Created 0 new cell, deleted 0 existing cell and moved 0 existing cell
Phase 24 BRAM Register Optimization | Checksum: 1cc537abe

Time (s): cpu = 00:02:52 ; elapsed = 00:01:43 . Memory (MB): peak = 2316.531 ; gain = 0.000

Phase 25 URAM Register Optimization
INFO: [Physopt 32-846] No candidate cells for URAM register optimization found in the design
INFO: [Physopt 32-775] End 1 Pass. Optimized 0 net or cell. Created 0 new cell, deleted 0 existing cell and moved 0 existing cell
INFO: [Physopt 32-846] No candidate cells for URAM register optimization found in the design
INFO: [Physopt 32-775] End 1 Pass. Optimized 0 net or cell. Created 0 new cell, deleted 0 existing cell and moved 0 existing cell
Phase 25 URAM Register Optimization | Checksum: 1cc537abe

Time (s): cpu = 00:02:52 ; elapsed = 00:01:43 . Memory (MB): peak = 2316.531 ; gain = 0.000

Phase 26 Shift Register Optimization
INFO: [Physopt 32-1401] No candidate cells found for Shift Register optimization.
INFO: [Physopt 32-677] No candidate cells for Shift Register optimization found in the design
INFO: [Physopt 32-775] End 1 Pass. Optimized 0 net or cell. Created 0 new cell, deleted 0 existing cell and moved 0 existing cell
Phase 26 Shift Register Optimization | Checksum: 1cc537abe

Time (s): cpu = 00:02:52 ; elapsed = 00:01:43 . Memory (MB): peak = 2316.531 ; gain = 0.000

Phase 27 Critical Pin Optimization
INFO: [Physopt 32-606] Identified 100 candidate nets for critical-pin optimization.
INFO: [Physopt 32-608] Optimized 21 nets.  Swapped 403 pins.
INFO: [Physopt 32-775] End 1 Pass. Optimized 21 nets or cells. Created 0 new cell, deleted 0 existing cell and moved 403 existing cells
INFO: [Physopt 32-619] Estimated Timing Summary | WNS=-2.262 | TNS=-449.646 |
Netlist sorting complete. Time (s): cpu = 00:00:00 ; elapsed = 00:00:00.001 . Memory (MB): peak = 2316.531 ; gain = 0.000
Phase 27 Critical Pin Optimization | Checksum: 1cc537abe

Time (s): cpu = 00:02:53 ; elapsed = 00:01:43 . Memory (MB): peak = 2316.531 ; gain = 0.000

Phase 28 Very High Fanout Optimization
INFO: [Physopt 32-65] No nets found for high-fanout optimization.
INFO: [Physopt 32-232] Optimized 0 net. Created 0 new instance.
INFO: [Physopt 32-775] End 1 Pass. Optimized 0 net or cell. Created 0 new cell, deleted 0 existing cell and moved 0 existing cell
Phase 28 Very High Fanout Optimization | Checksum: 1cc537abe

Time (s): cpu = 00:02:53 ; elapsed = 00:01:43 . Memory (MB): peak = 2316.531 ; gain = 0.000

Phase 29 Single Cell Placement Optimization
INFO: [Physopt 32-660] Identified 250 candidate nets for placement-based optimization.
INFO: [Physopt 32-662] Processed net instruction_mem_instance/rsR1_addr__10[2].  Did not re-place instance instruction_mem_instance/ALU_out0_carry_i_40
INFO: [Physopt 32-662] Processed net instruction_mem_instance/PC_reg[14][1].  Did not re-place instance instruction_mem_instance/ALU_out0_carry_i_3
INFO: [Physopt 32-662] Processed net instruction_mem_instance/ADDRARDADDR[9].  Did not re-place instance instruction_mem_instance/memory_reg_i_3
INFO: [Physopt 32-662] Processed net hb823/reg_file_instance/ALU_out0_carry_i_34_n_0.  Did not re-place instance hb823/reg_file_instance/ALU_out0_carry_i_34
INFO: [Physopt 32-662] Processed net instruction_mem_instance/inst_reg_15[1].  Did not re-place instance instruction_mem_instance/i__carry_i_3
INFO: [Physopt 32-662] Processed net instruction_mem_instance/memory_reg_i_34_n_0.  Did not re-place instance instruction_mem_instance/memory_reg_i_34
INFO: [Physopt 32-662] Processed net instruction_mem_instance/PC_reg[14][2].  Did not re-place instance instruction_mem_instance/ALU_out0_carry_i_2
INFO: [Physopt 32-662] Processed net hb823/reg_file_instance/ALU_out0_carry_i_31_n_0.  Did not re-place instance hb823/reg_file_instance/ALU_out0_carry_i_31
INFO: [Physopt 32-662] Processed net instruction_mem_instance/inst_reg_15[2].  Did not re-place instance instruction_mem_instance/i__carry_i_2
INFO: [Physopt 32-662] Processed net hb823/reg_file_instance/ALU_out0_carry_i_30_n_0.  Did not re-place instance hb823/reg_file_instance/ALU_out0_carry_i_30
INFO: [Physopt 32-662] Processed net hb823/reg_file_instance/ALU_out0_carry_i_35_n_0.  Did not re-place instance hb823/reg_file_instance/ALU_out0_carry_i_35
INFO: [Physopt 32-662] Processed net instruction_mem_instance/S[2].  Did not re-place instance instruction_mem_instance/ALU_out0_carry_i_6
INFO: [Physopt 32-662] Processed net instruction_mem_instance/D[15].  Did not re-place instance instruction_mem_instance/registers[14][15]_i_2
INFO: [Physopt 32-662] Processed net instruction_mem_instance/hb823/main_alu/ALU_out__101[15].  Did not re-place instance instruction_mem_instance/registers[14][15]_i_7
INFO: [Physopt 32-662] Processed net instruction_mem_instance/registers[14][15]_i_10_n_0.  Did not re-place instance instruction_mem_instance/registers[14][15]_i_10
INFO: [Physopt 32-662] Processed net hb823/reg_file_instance/registers_reg[13][15].  Did not re-place instance hb823/reg_file_instance/registers_reg[13][15]
INFO: [Physopt 32-662] Processed net hb823/reg_file_instance/ALU_out0_carry_i_33_n_0.  Did not re-place instance hb823/reg_file_instance/ALU_out0_carry_i_33
INFO: [Physopt 32-662] Processed net hb823/reg_file_instance/registers_reg[1][15].  Did not re-place instance hb823/reg_file_instance/registers_reg[1][15]
INFO: [Physopt 32-662] Processed net hb823/reg_file_instance/ALU_out0_carry_i_32_n_0.  Did not re-place instance hb823/reg_file_instance/ALU_out0_carry_i_32
INFO: [Physopt 32-662] Processed net hb823/reg_file_instance/registers_reg[14][15].  Did not re-place instance hb823/reg_file_instance/registers_reg[14][15]
INFO: [Physopt 32-662] Processed net hb823/reg_file_instance/memory_reg_i_130_n_0.  Did not re-place instance hb823/reg_file_instance/memory_reg_i_130
INFO: [Physopt 32-662] Processed net instruction_mem_instance/PC_reg[7][2].  Did not re-place instance instruction_mem_instance/ALU_out0_carry__0_i_6
INFO: [Physopt 32-662] Processed net instruction_mem_instance/memory_reg_i_161_n_0.  Did not re-place instance instruction_mem_instance/memory_reg_i_161
INFO: [Physopt 32-662] Processed net hb823/reg_file_instance/memory_reg_i_129_n_0.  Did not re-place instance hb823/reg_file_instance/memory_reg_i_129
INFO: [Physopt 32-662] Processed net hb823/reg_file_instance/memory_reg_i_150_n_0.  Did not re-place instance hb823/reg_file_instance/memory_reg_i_150
INFO: [Physopt 32-662] Processed net instruction_mem_instance/S[1].  Did not re-place instance instruction_mem_instance/ALU_out0_carry_i_7
INFO: [Physopt 32-662] Processed net hb823/reg_file_instance/memory_reg_i_149_n_0.  Did not re-place instance hb823/reg_file_instance/memory_reg_i_149
INFO: [Physopt 32-662] Processed net instruction_mem_instance/rsR1_addr__10[3].  Did not re-place instance instruction_mem_instance/ALU_out0_carry_i_41
INFO: [Physopt 32-662] Processed net hb823/reg_file_instance/ALU_out0_carry_i_29_n_0.  Did not re-place instance hb823/reg_file_instance/ALU_out0_carry_i_29
INFO: [Physopt 32-662] Processed net hb823/reg_file_instance/ALU_out0_carry_i_28_n_0.  Did not re-place instance hb823/reg_file_instance/ALU_out0_carry_i_28
INFO: [Physopt 32-662] Processed net instruction_mem_instance/memory_reg_i_91_n_0.  Did not re-place instance instruction_mem_instance/memory_reg_i_91
INFO: [Physopt 32-662] Processed net hb823/reg_file_instance/memory_reg_i_154_n_0.  Did not re-place instance hb823/reg_file_instance/memory_reg_i_154
INFO: [Physopt 32-662] Processed net instruction_mem_instance/inst_reg_15[0].  Did not re-place instance instruction_mem_instance/i__carry_i_4
INFO: [Physopt 32-662] Processed net instruction_mem_instance/PC_reg[7]_0[2].  Did not re-place instance instruction_mem_instance/i__carry__0_i_2
INFO: [Physopt 32-662] Processed net hb823/reg_file_instance/memory_reg_i_151_n_0.  Did not re-place instance hb823/reg_file_instance/memory_reg_i_151
INFO: [Physopt 32-662] Processed net hb823/reg_file_instance/memory_reg_i_153_n_0.  Did not re-place instance hb823/reg_file_instance/memory_reg_i_153
INFO: [Physopt 32-662] Processed net instruction_mem_instance/memory_reg_i_163_n_0.  Did not re-place instance instruction_mem_instance/memory_reg_i_163
INFO: [Physopt 32-662] Processed net hb823/reg_file_instance/memory_reg_i_146_n_0.  Did not re-place instance hb823/reg_file_instance/memory_reg_i_146
INFO: [Physopt 32-662] Processed net hb823/reg_file_instance/memory_reg_i_145_n_0.  Did not re-place instance hb823/reg_file_instance/memory_reg_i_145
INFO: [Physopt 32-662] Processed net hb823/reg_file_instance/memory_reg_i_147_n_0.  Did not re-place instance hb823/reg_file_instance/memory_reg_i_147
INFO: [Physopt 32-662] Processed net hb823/reg_file_instance/memory_reg_i_156_n_0.  Did not re-place instance hb823/reg_file_instance/memory_reg_i_156
INFO: [Physopt 32-662] Processed net instruction_mem_instance/rsR1_addr__10[1].  Did not re-place instance instruction_mem_instance/ALU_out0_carry_i_23
INFO: [Physopt 32-662] Processed net hb823/reg_file_instance/memory_reg_i_155_n_0.  Did not re-place instance hb823/reg_file_instance/memory_reg_i_155
INFO: [Physopt 32-662] Processed net hb823/reg_file_instance/registers_reg[3][15].  Did not re-place instance hb823/reg_file_instance/registers_reg[3][15]
INFO: [Physopt 32-662] Processed net hb823/reg_file_instance/registers_reg[6][15].  Did not re-place instance hb823/reg_file_instance/registers_reg[6][15]
INFO: [Physopt 32-662] Processed net instruction_mem_instance/PC_reg[14][3].  Did not re-place instance instruction_mem_instance/ALU_out0_carry_i_1
INFO: [Physopt 32-662] Processed net hb823/reg_file_instance/ALU_out0_carry_i_24_n_0.  Did not re-place instance hb823/reg_file_instance/ALU_out0_carry_i_24
INFO: [Physopt 32-662] Processed net instruction_mem_instance/inst_reg_15[3].  Did not re-place instance instruction_mem_instance/i__carry_i_1
INFO: [Physopt 32-662] Processed net instruction_mem_instance/PC_reg[14][6].  Did not re-place instance instruction_mem_instance/ALU_out0_carry__0_i_2
INFO: [Physopt 32-662] Processed net hb823/reg_file_instance/ALU_out0_carry__0_i_27_n_0.  Did not re-place instance hb823/reg_file_instance/ALU_out0_carry__0_i_27
INFO: [Physopt 32-662] Processed net hb823/reg_file_instance/registers_reg[12][15].  Did not re-place instance hb823/reg_file_instance/registers_reg[12][15]
INFO: [Physopt 32-662] Processed net hb823/reg_file_instance/memory_reg_i_132_n_0.  Did not re-place instance hb823/reg_file_instance/memory_reg_i_132
INFO: [Physopt 32-662] Processed net hb823/reg_file_instance/registers_reg[4][15].  Did not re-place instance hb823/reg_file_instance/registers_reg[4][15]
INFO: [Physopt 32-662] Processed net hb823/reg_file_instance/ALU_out0_carry_i_25_n_0.  Did not re-place instance hb823/reg_file_instance/ALU_out0_carry_i_25
INFO: [Physopt 32-662] Processed net hb823/reg_file_instance/memory_reg_i_152_n_0.  Did not re-place instance hb823/reg_file_instance/memory_reg_i_152
INFO: [Physopt 32-662] Processed net hb823/reg_file_instance/registers_reg[2][15].  Did not re-place instance hb823/reg_file_instance/registers_reg[2][15]
INFO: [Physopt 32-662] Processed net instruction_mem_instance/PC_reg[14][4].  Did not re-place instance instruction_mem_instance/ALU_out0_carry__0_i_4
INFO: [Physopt 32-662] Processed net hb823/reg_file_instance/ALU_out0_carry__0_i_28_n_0.  Did not re-place instance hb823/reg_file_instance/ALU_out0_carry__0_i_28
INFO: [Physopt 32-662] Processed net hb823/reg_file_instance/ALU_out0_carry__0_i_35_n_0.  Did not re-place instance hb823/reg_file_instance/ALU_out0_carry__0_i_35
INFO: [Physopt 32-662] Processed net instruction_mem_instance/PC_reg[7]_0[0].  Did not re-place instance instruction_mem_instance/i__carry__0_i_4
INFO: [Physopt 32-662] Processed net instruction_mem_instance/S[3].  Did not re-place instance instruction_mem_instance/ALU_out0_carry_i_5
INFO: [Physopt 32-662] Processed net hb823/reg_file_instance/ALU_out0_carry__0_i_36_n_0.  Did not re-place instance hb823/reg_file_instance/ALU_out0_carry__0_i_36
INFO: [Physopt 32-662] Processed net instruction_mem_instance/D[13].  Did not re-place instance instruction_mem_instance/registers[14][13]_i_1
INFO: [Physopt 32-662] Processed net instruction_mem_instance/hb823/main_alu/ALU_out__101[13].  Did not re-place instance instruction_mem_instance/registers[14][13]_i_2
INFO: [Physopt 32-662] Processed net instruction_mem_instance/registers[14][13]_i_3_n_0.  Did not re-place instance instruction_mem_instance/registers[14][13]_i_3
INFO: [Physopt 32-662] Processed net hb823/reg_file_instance/registers_reg[11][13].  Did not re-place instance hb823/reg_file_instance/registers_reg[11][13]
INFO: [Physopt 32-662] Processed net instruction_mem_instance/PC_reg[14][5].  Did not re-place instance instruction_mem_instance/ALU_out0_carry__0_i_3
INFO: [Physopt 32-662] Processed net hb823/reg_file_instance/ALU_out0_carry__0_i_32_n_0.  Did not re-place instance hb823/reg_file_instance/ALU_out0_carry__0_i_32
INFO: [Physopt 32-662] Processed net hb823/reg_file_instance/memory_reg_i_131_n_0.  Did not re-place instance hb823/reg_file_instance/memory_reg_i_131
INFO: [Physopt 32-662] Processed net instruction_mem_instance/PC_reg[7]_0[1].  Did not re-place instance instruction_mem_instance/i__carry__0_i_3
INFO: [Physopt 32-662] Processed net hb823/reg_file_instance/registers_reg[6][13].  Did not re-place instance hb823/reg_file_instance/registers_reg[6][13]
INFO: [Physopt 32-662] Processed net hb823/reg_file_instance/registers_reg[8][15].  Did not re-place instance hb823/reg_file_instance/registers_reg[8][15]
INFO: [Physopt 32-662] Processed net hb823/reg_file_instance/registers_reg[9][15].  Did not re-place instance hb823/reg_file_instance/registers_reg[9][15]
INFO: [Physopt 32-662] Processed net hb823/reg_file_instance/ALU_out0_carry__0_i_31_n_0.  Did not re-place instance hb823/reg_file_instance/ALU_out0_carry__0_i_31
INFO: [Physopt 32-662] Processed net hb823/reg_file_instance/registers_reg[12][13].  Did not re-place instance hb823/reg_file_instance/registers_reg[12][13]
INFO: [Physopt 32-662] Processed net hb823/reg_file_instance/registers_reg[14][13].  Did not re-place instance hb823/reg_file_instance/registers_reg[14][13]
INFO: [Physopt 32-662] Processed net hb823/reg_file_instance/registers_reg[15][15].  Did not re-place instance hb823/reg_file_instance/registers_reg[15][15]
INFO: [Physopt 32-662] Processed net hb823/reg_file_instance/memory_reg_i_148_n_0.  Did not re-place instance hb823/reg_file_instance/memory_reg_i_148
INFO: [Physopt 32-662] Processed net instruction_mem_instance/memory_reg_i_164_n_0.  Did not re-place instance instruction_mem_instance/memory_reg_i_164
INFO: [Physopt 32-662] Processed net instruction_mem_instance/PC_reg[14][0].  Did not re-place instance instruction_mem_instance/ALU_out0_carry_i_4
INFO: [Physopt 32-662] Processed net hb823/reg_file_instance/ALU_out0_carry_i_37_n_0.  Did not re-place instance hb823/reg_file_instance/ALU_out0_carry_i_37
INFO: [Physopt 32-662] Processed net hb823/reg_file_instance/ALU_out0_carry_i_36_n_0.  Did not re-place instance hb823/reg_file_instance/ALU_out0_carry_i_36
INFO: [Physopt 32-662] Processed net hb823/reg_file_instance/memory_reg_i_138_n_0.  Did not re-place instance hb823/reg_file_instance/memory_reg_i_138
INFO: [Physopt 32-662] Processed net instruction_mem_instance/PC_reg[7][0].  Did not re-place instance instruction_mem_instance/ALU_out0_carry__0_i_8
INFO: [Physopt 32-662] Processed net hb823/reg_file_instance/ALU_out0_carry__0_i_38_n_0.  Did not re-place instance hb823/reg_file_instance/ALU_out0_carry__0_i_38
INFO: [Physopt 32-662] Processed net hb823/reg_file_instance/memory_reg_i_137_n_0.  Did not re-place instance hb823/reg_file_instance/memory_reg_i_137
INFO: [Physopt 32-662] Processed net hb823/reg_file_instance/ALU_out0_carry__0_i_29_n_0.  Did not re-place instance hb823/reg_file_instance/ALU_out0_carry__0_i_29
INFO: [Physopt 32-662] Processed net hb823/reg_file_instance/ALU_out0_carry__0_i_34_n_0.  Did not re-place instance hb823/reg_file_instance/ALU_out0_carry__0_i_34
INFO: [Physopt 32-662] Processed net hb823/reg_file_instance/ALU_out0_carry__0_i_37_n_0.  Did not re-place instance hb823/reg_file_instance/ALU_out0_carry__0_i_37
INFO: [Physopt 32-662] Processed net hb823/reg_file_instance/registers_reg[10][15].  Did not re-place instance hb823/reg_file_instance/registers_reg[10][15]
INFO: [Physopt 32-662] Processed net hb823/reg_file_instance/registers_reg[10][13].  Did not re-place instance hb823/reg_file_instance/registers_reg[10][13]
INFO: [Physopt 32-662] Processed net hb823/reg_file_instance/registers_reg[5][15].  Did not re-place instance hb823/reg_file_instance/registers_reg[5][15]
INFO: [Physopt 32-662] Processed net hb823/reg_file_instance/ALU_out0_carry__0_i_30_n_0.  Did not re-place instance hb823/reg_file_instance/ALU_out0_carry__0_i_30
INFO: [Physopt 32-662] Processed net hb823/reg_file_instance/ALU_out0_carry__0_i_33_n_0.  Did not re-place instance hb823/reg_file_instance/ALU_out0_carry__0_i_33
INFO: [Physopt 32-662] Processed net hb823/reg_file_instance/ALU_out0_carry_i_27_n_0.  Did not re-place instance hb823/reg_file_instance/ALU_out0_carry_i_27
INFO: [Physopt 32-662] Processed net instruction_mem_instance/memory_reg_i_90_n_0.  Did not re-place instance instruction_mem_instance/memory_reg_i_90
INFO: [Physopt 32-662] Processed net instruction_mem_instance/PC_reg[14][12].  Did not re-place instance instruction_mem_instance/ALU_out0_carry__2_i_3
INFO: [Physopt 32-662] Processed net hb823/reg_file_instance/ALU_out0_carry__2_i_26_n_0.  Did not re-place instance hb823/reg_file_instance/ALU_out0_carry__2_i_26
INFO: [Physopt 32-662] Processed net instruction_mem_instance/PC_reg[15]_0[0].  Did not re-place instance instruction_mem_instance/i__carry__2_i_4
INFO: [Physopt 32-662] Processed net instruction_mem_instance/memory_reg_i_162_n_0.  Did not re-place instance instruction_mem_instance/memory_reg_i_162
INFO: [Physopt 32-662] Processed net instruction_mem_instance/rsR1_addr__10[0].  Did not re-place instance instruction_mem_instance/ALU_out0_carry_i_14
INFO: [Physopt 32-662] Processed net hb823/reg_file_instance/ALU_out0_carry__2_i_27_n_0.  Did not re-place instance hb823/reg_file_instance/ALU_out0_carry__2_i_27
INFO: [Physopt 32-662] Processed net hb823/reg_file_instance/ALU_out0_carry_i_26_n_0.  Did not re-place instance hb823/reg_file_instance/ALU_out0_carry_i_26
INFO: [Physopt 32-662] Processed net hb823/reg_file_instance/ALU_out0_carry_i_39_n_0.  Did not re-place instance hb823/reg_file_instance/ALU_out0_carry_i_39
INFO: [Physopt 32-662] Processed net hb823/reg_file_instance/ALU_out0_carry_i_38_n_0.  Did not re-place instance hb823/reg_file_instance/ALU_out0_carry_i_38
INFO: [Physopt 32-662] Processed net hb823/reg_file_instance/memory_reg_i_102_n_0.  Did not re-place instance hb823/reg_file_instance/memory_reg_i_102
INFO: [Physopt 32-662] Processed net instruction_mem_instance/PC_reg[15]_0[1].  Did not re-place instance instruction_mem_instance/i__carry__2_i_3
INFO: [Physopt 32-662] Processed net instruction_mem_instance/PC_reg[7]_0[3].  Did not re-place instance instruction_mem_instance/i__carry__0_i_1
INFO: [Physopt 32-662] Processed net hb823/reg_file_instance/memory_reg_i_101_n_0.  Did not re-place instance hb823/reg_file_instance/memory_reg_i_101
INFO: [Physopt 32-662] Processed net instruction_mem_instance/PC_reg[14][9].  Did not re-place instance instruction_mem_instance/ALU_out0_carry__1_i_3
INFO: [Physopt 32-662] Processed net instruction_mem_instance/PC_reg[11]_0[1].  Did not re-place instance instruction_mem_instance/i__carry__1_i_3
INFO: [Physopt 32-662] Processed net instruction_mem_instance/PC_reg[7][1].  Did not re-place instance instruction_mem_instance/ALU_out0_carry__0_i_7
INFO: [Physopt 32-662] Processed net instruction_mem_instance/memory_reg_i_158_n_0.  Did not re-place instance instruction_mem_instance/memory_reg_i_158
INFO: [Physopt 32-662] Processed net instruction_mem_instance/PC_reg[14][8].  Did not re-place instance instruction_mem_instance/ALU_out0_carry__1_i_4
INFO: [Physopt 32-662] Processed net hb823/reg_file_instance/ALU_out0_carry__1_i_34_n_0.  Did not re-place instance hb823/reg_file_instance/ALU_out0_carry__1_i_34
INFO: [Physopt 32-662] Processed net instruction_mem_instance/PC_reg[11][0].  Did not re-place instance instruction_mem_instance/ALU_out0_carry__1_i_8
INFO: [Physopt 32-662] Processed net hb823/reg_file_instance/ALU_out0_carry__1_i_33_n_0.  Did not re-place instance hb823/reg_file_instance/ALU_out0_carry__1_i_33
INFO: [Physopt 32-662] Processed net hb823/reg_file_instance/memory_reg_i_106_n_0.  Did not re-place instance hb823/reg_file_instance/memory_reg_i_106
INFO: [Physopt 32-662] Processed net hb823/reg_file_instance/memory_reg_i_105_n_0.  Did not re-place instance hb823/reg_file_instance/memory_reg_i_105
INFO: [Physopt 32-662] Processed net instruction_mem_instance/S[0].  Did not re-place instance instruction_mem_instance/ALU_out0_carry_i_8
INFO: [Physopt 32-662] Processed net hb823/reg_file_instance/ALU_out0_carry__1_i_30_n_0.  Did not re-place instance hb823/reg_file_instance/ALU_out0_carry__1_i_30
INFO: [Physopt 32-662] Processed net hb823/reg_file_instance/ALU_out0_carry__2_i_29_n_0.  Did not re-place instance hb823/reg_file_instance/ALU_out0_carry__2_i_29
INFO: [Physopt 32-662] Processed net hb823/reg_file_instance/ALU_out0_carry__1_i_29_n_0.  Did not re-place instance hb823/reg_file_instance/ALU_out0_carry__1_i_29
INFO: [Physopt 32-662] Processed net instruction_mem_instance/PC_reg[14][7].  Did not re-place instance instruction_mem_instance/ALU_out0_carry__0_i_1
INFO: [Physopt 32-662] Processed net hb823/reg_file_instance/ALU_out0_carry__0_i_26_n_0.  Did not re-place instance hb823/reg_file_instance/ALU_out0_carry__0_i_26
INFO: [Physopt 32-662] Processed net instruction_mem_instance/PC_reg[7][3].  Did not re-place instance instruction_mem_instance/ALU_out0_carry__0_i_5
INFO: [Physopt 32-662] Processed net hb823/reg_file_instance/ALU_out0_carry__0_i_25_n_0.  Did not re-place instance hb823/reg_file_instance/ALU_out0_carry__0_i_25
INFO: [Physopt 32-662] Processed net hb823/reg_file_instance/ALU_out0_carry__2_i_28_n_0.  Did not re-place instance hb823/reg_file_instance/ALU_out0_carry__2_i_28
INFO: [Physopt 32-662] Processed net instruction_mem_instance/memory_reg_i_157_n_0.  Did not re-place instance instruction_mem_instance/memory_reg_i_157
INFO: [Physopt 32-662] Processed net instruction_mem_instance/D[7].  Did not re-place instance instruction_mem_instance/registers[14][7]_i_1
INFO: [Physopt 32-662] Processed net instruction_mem_instance/ADDRARDADDR[7].  Did not re-place instance instruction_mem_instance/memory_reg_i_5
INFO: [Physopt 32-662] Processed net instruction_mem_instance/memory_reg_i_38_n_0.  Did not re-place instance instruction_mem_instance/memory_reg_i_38
INFO: [Physopt 32-662] Processed net hb823/reg_file_instance/registers_reg[14][7].  Did not re-place instance hb823/reg_file_instance/registers_reg[14][7]
INFO: [Physopt 32-662] Processed net instruction_mem_instance/ADDRARDADDR[10].  Did not re-place instance instruction_mem_instance/memory_reg_i_2
INFO: [Physopt 32-662] Processed net instruction_mem_instance/memory_reg_i_29_n_0.  Did not re-place instance instruction_mem_instance/memory_reg_i_29
INFO: [Physopt 32-662] Processed net hb823/reg_file_instance/memory_reg_i_128_n_0.  Did not re-place instance hb823/reg_file_instance/memory_reg_i_128
INFO: [Physopt 32-662] Processed net hb823/reg_file_instance/memory_reg_i_127_n_0.  Did not re-place instance hb823/reg_file_instance/memory_reg_i_127
INFO: [Physopt 32-662] Processed net hb823/reg_file_instance/memory_reg_i_122_n_0.  Did not re-place instance hb823/reg_file_instance/memory_reg_i_122
INFO: [Physopt 32-662] Processed net instruction_mem_instance/PC_reg[11]_0[0].  Did not re-place instance instruction_mem_instance/i__carry__1_i_4
INFO: [Physopt 32-662] Processed net instruction_mem_instance/PC_reg[14][11].  Did not re-place instance instruction_mem_instance/ALU_out0_carry__1_i_1
INFO: [Physopt 32-662] Processed net hb823/reg_file_instance/ALU_out0_carry__1_i_24_n_0.  Did not re-place instance hb823/reg_file_instance/ALU_out0_carry__1_i_24
INFO: [Physopt 32-662] Processed net hb823/reg_file_instance/memory_reg_i_121_n_0.  Did not re-place instance hb823/reg_file_instance/memory_reg_i_121
INFO: [Physopt 32-662] Processed net instruction_mem_instance/PC_reg[11]_0[3].  Did not re-place instance instruction_mem_instance/i__carry__1_i_1
INFO: [Physopt 32-662] Processed net hb823/reg_file_instance/memory_reg_i_139_n_0.  Did not re-place instance hb823/reg_file_instance/memory_reg_i_139
INFO: [Physopt 32-662] Processed net hb823/reg_file_instance/registers_reg[7][13].  Did not re-place instance hb823/reg_file_instance/registers_reg[7][13]
INFO: [Physopt 32-662] Processed net hb823/reg_file_instance/ALU_out0_carry__1_i_21_n_0.  Did not re-place instance hb823/reg_file_instance/ALU_out0_carry__1_i_21
INFO: [Physopt 32-662] Processed net instruction_mem_instance/PC_reg[15][0].  Did not re-place instance instruction_mem_instance/ALU_out0_carry__2_i_7
INFO: [Physopt 32-662] Processed net instruction_mem_instance/ADDRARDADDR[5].  Did not re-place instance instruction_mem_instance/memory_reg_i_7
INFO: [Physopt 32-662] Processed net hb823/reg_file_instance/memory_reg_i_140_n_0.  Did not re-place instance hb823/reg_file_instance/memory_reg_i_140
INFO: [Physopt 32-662] Processed net instruction_mem_instance/memory_reg_i_42_n_0.  Did not re-place instance instruction_mem_instance/memory_reg_i_42
INFO: [Physopt 32-662] Processed net hb823/reg_file_instance/ALU_out0_carry__1_i_22_n_0.  Did not re-place instance hb823/reg_file_instance/ALU_out0_carry__1_i_22
INFO: [Physopt 32-662] Processed net hb823/reg_file_instance/memory_reg_i_126_n_0.  Did not re-place instance hb823/reg_file_instance/memory_reg_i_126
INFO: [Physopt 32-662] Processed net instruction_mem_instance/PC_reg[11][1].  Did not re-place instance instruction_mem_instance/ALU_out0_carry__1_i_7
INFO: [Physopt 32-662] Processed net instruction_mem_instance/hb823/ALU_A[15].  Did not re-place instance instruction_mem_instance/ALU_out0_carry__2_i_11
INFO: [Physopt 32-662] Processed net hb823/reg_file_instance/BrLT_carry__0_i_15_n_0.  Did not re-place instance hb823/reg_file_instance/BrLT_carry__0_i_15
INFO: [Physopt 32-662] Processed net instruction_mem_instance/PC_reg[15]_0[3].  Did not re-place instance instruction_mem_instance/i__carry__2_i_1
INFO: [Physopt 32-662] Processed net hb823/reg_file_instance/memory_reg_i_125_n_0.  Did not re-place instance hb823/reg_file_instance/memory_reg_i_125
INFO: [Physopt 32-662] Processed net instruction_mem_instance/PC_reg[14][10].  Did not re-place instance instruction_mem_instance/ALU_out0_carry__1_i_2
INFO: [Physopt 32-662] Processed net hb823/reg_file_instance/ALU_out0_carry__1_i_27_n_0.  Did not re-place instance hb823/reg_file_instance/ALU_out0_carry__1_i_27
INFO: [Physopt 32-662] Processed net instruction_mem_instance/ADDRARDADDR[2].  Did not re-place instance instruction_mem_instance/memory_reg_i_10
INFO: [Physopt 32-662] Processed net instruction_mem_instance/memory_reg_i_48_n_0.  Did not re-place instance instruction_mem_instance/memory_reg_i_48
INFO: [Physopt 32-662] Processed net hb823/reg_file_instance/registers_reg[4][13].  Did not re-place instance hb823/reg_file_instance/registers_reg[4][13]
INFO: [Physopt 32-662] Processed net hb823/reg_file_instance/registers_reg[15][13].  Did not re-place instance hb823/reg_file_instance/registers_reg[15][13]
INFO: [Physopt 32-662] Processed net hb823/reg_file_instance/ALU_out0_carry__1_i_32_n_0.  Did not re-place instance hb823/reg_file_instance/ALU_out0_carry__1_i_32
INFO: [Physopt 32-662] Processed net hb823/reg_file_instance/BrLT_carry__0_i_14_n_0.  Did not re-place instance hb823/reg_file_instance/BrLT_carry__0_i_14
INFO: [Physopt 32-662] Processed net hb823/reg_file_instance/registers_reg[5][5].  Did not re-place instance hb823/reg_file_instance/registers_reg[5][5]
INFO: [Physopt 32-662] Processed net hb823/reg_file_instance/registers_reg[3][13].  Did not re-place instance hb823/reg_file_instance/registers_reg[3][13]
INFO: [Physopt 32-662] Processed net hb823/reg_file_instance/ALU_out0_carry__1_i_31_n_0.  Did not re-place instance hb823/reg_file_instance/ALU_out0_carry__1_i_31
INFO: [Physopt 32-662] Processed net hb823/reg_file_instance/registers_reg[8][13].  Did not re-place instance hb823/reg_file_instance/registers_reg[8][13]
INFO: [Physopt 32-662] Processed net hb823/reg_file_instance/memory_reg_i_104_n_0.  Did not re-place instance hb823/reg_file_instance/memory_reg_i_104
INFO: [Physopt 32-662] Processed net hb823/reg_file_instance/memory_reg_i_103_n_0.  Did not re-place instance hb823/reg_file_instance/memory_reg_i_103
INFO: [Physopt 32-662] Processed net instruction_mem_instance/PC_reg[11][2].  Did not re-place instance instruction_mem_instance/ALU_out0_carry__1_i_6
INFO: [Physopt 32-662] Processed net instruction_mem_instance/ADDRARDADDR[6].  Did not re-place instance instruction_mem_instance/memory_reg_i_6
INFO: [Physopt 32-662] Processed net instruction_mem_instance/memory_reg_i_40_n_0.  Did not re-place instance instruction_mem_instance/memory_reg_i_40
INFO: [Physopt 32-662] Processed net hb823/reg_file_instance/registers_reg[13][7].  Did not re-place instance hb823/reg_file_instance/registers_reg[13][7]
INFO: [Physopt 32-662] Processed net hb823/reg_file_instance/registers_reg[8][5].  Did not re-place instance hb823/reg_file_instance/registers_reg[8][5]
INFO: [Physopt 32-662] Processed net hb823/reg_file_instance/ALU_out0_carry__1_i_36_n_0.  Did not re-place instance hb823/reg_file_instance/ALU_out0_carry__1_i_36
INFO: [Physopt 32-662] Processed net hb823/reg_file_instance/registers_reg[1][13].  Did not re-place instance hb823/reg_file_instance/registers_reg[1][13]
INFO: [Physopt 32-662] Processed net hb823/reg_file_instance/registers_reg[9][13].  Did not re-place instance hb823/reg_file_instance/registers_reg[9][13]
INFO: [Physopt 32-662] Processed net instruction_mem_instance/D[11].  Did not re-place instance instruction_mem_instance/registers[14][11]_i_1
INFO: [Physopt 32-662] Processed net instruction_mem_instance/hb823/main_alu/ALU_out__101[11].  Did not re-place instance instruction_mem_instance/registers[14][11]_i_2
INFO: [Physopt 32-662] Processed net instruction_mem_instance/registers[14][11]_i_3_n_0.  Did not re-place instance instruction_mem_instance/registers[14][11]_i_3
INFO: [Physopt 32-662] Processed net hb823/reg_file_instance/registers_reg[4][11].  Did not re-place instance hb823/reg_file_instance/registers_reg[4][11]
INFO: [Physopt 32-662] Processed net hb823/reg_file_instance/ALU_out0_carry__1_i_23_n_0.  Did not re-place instance hb823/reg_file_instance/ALU_out0_carry__1_i_23
INFO: [Physopt 32-662] Processed net instruction_mem_instance/D[10].  Did not re-place instance instruction_mem_instance/registers[14][10]_i_1
INFO: [Physopt 32-662] Processed net hb823/reg_file_instance/registers_reg[14][10].  Did not re-place instance hb823/reg_file_instance/registers_reg[14][10]
INFO: [Physopt 32-662] Processed net instruction_mem_instance/D[14].  Did not re-place instance instruction_mem_instance/registers[14][14]_i_1
INFO: [Physopt 32-662] Processed net instruction_mem_instance/hb823/main_alu/ALU_out__101[14].  Did not re-place instance instruction_mem_instance/registers[14][14]_i_2
INFO: [Physopt 32-662] Processed net hb823/reg_file_instance/ALU_out0_carry__1_i_35_n_0.  Did not re-place instance hb823/reg_file_instance/ALU_out0_carry__1_i_35
INFO: [Physopt 32-662] Processed net instruction_mem_instance/registers[14][14]_i_3_n_0.  Did not re-place instance instruction_mem_instance/registers[14][14]_i_3
INFO: [Physopt 32-662] Processed net hb823/reg_file_instance/registers_reg[6][14].  Did not re-place instance hb823/reg_file_instance/registers_reg[6][14]
INFO: [Physopt 32-662] Processed net instruction_mem_instance/ADDRARDADDR[3].  Did not re-place instance instruction_mem_instance/memory_reg_i_9
INFO: [Physopt 32-662] Processed net instruction_mem_instance/memory_reg_i_46_n_0.  Did not re-place instance instruction_mem_instance/memory_reg_i_46
INFO: [Physopt 32-662] Processed net hb823/reg_file_instance/registers_reg[5][14].  Did not re-place instance hb823/reg_file_instance/registers_reg[5][14]
INFO: [Physopt 32-662] Processed net hb823/reg_file_instance/registers_reg[13][13].  Did not re-place instance hb823/reg_file_instance/registers_reg[13][13]
INFO: [Physopt 32-662] Processed net hb823/reg_file_instance/registers_reg[14][14].  Did not re-place instance hb823/reg_file_instance/registers_reg[14][14]
INFO: [Physopt 32-662] Processed net hb823/reg_file_instance/registers_reg[1][11].  Did not re-place instance hb823/reg_file_instance/registers_reg[1][11]
INFO: [Physopt 32-662] Processed net instruction_mem_instance/PC_reg[11]_0[2].  Did not re-place instance instruction_mem_instance/i__carry__1_i_2
INFO: [Physopt 32-662] Processed net hb823/reg_file_instance/registers_reg[11][15].  Did not re-place instance hb823/reg_file_instance/registers_reg[11][15]
INFO: [Physopt 32-662] Processed net instruction_mem_instance/PC_reg[14][14].  Did not re-place instance instruction_mem_instance/ALU_out0_carry__2_i_1
INFO: [Physopt 32-662] Processed net hb823/reg_file_instance/ALU_out0_carry__2_i_19_n_0.  Did not re-place instance hb823/reg_file_instance/ALU_out0_carry__2_i_19
INFO: [Physopt 32-662] Processed net instruction_mem_instance/PC_reg[15]_0[2].  Did not re-place instance instruction_mem_instance/i__carry__2_i_2
INFO: [Physopt 32-662] Processed net hb823/reg_file_instance/registers_reg[5][13].  Did not re-place instance hb823/reg_file_instance/registers_reg[5][13]
INFO: [Physopt 32-662] Processed net hb823/reg_file_instance/ALU_out0_carry__2_i_18_n_0.  Did not re-place instance hb823/reg_file_instance/ALU_out0_carry__2_i_18
INFO: [Physopt 32-662] Processed net hb823/reg_file_instance/registers_reg[8][14].  Did not re-place instance hb823/reg_file_instance/registers_reg[8][14]
INFO: [Physopt 32-662] Processed net hb823/reg_file_instance/BrLT_carry__0_i_13_n_0.  Did not re-place instance hb823/reg_file_instance/BrLT_carry__0_i_13
INFO: [Physopt 32-662] Processed net hb823/reg_file_instance/registers_reg[4][14].  Did not re-place instance hb823/reg_file_instance/registers_reg[4][14]
INFO: [Physopt 32-662] Processed net hb823/reg_file_instance/BrLT_carry__0_i_12_n_0.  Did not re-place instance hb823/reg_file_instance/BrLT_carry__0_i_12
INFO: [Physopt 32-662] Processed net hb823/reg_file_instance/registers_reg[1][7].  Did not re-place instance hb823/reg_file_instance/registers_reg[1][7]
INFO: [Physopt 32-662] Processed net hb823/reg_file_instance/memory_reg_i_134_n_0.  Did not re-place instance hb823/reg_file_instance/memory_reg_i_134
INFO: [Physopt 32-662] Processed net hb823/reg_file_instance/memory_reg_i_108_n_0.  Did not re-place instance hb823/reg_file_instance/memory_reg_i_108
INFO: [Physopt 32-662] Processed net hb823/reg_file_instance/memory_reg_i_107_n_0.  Did not re-place instance hb823/reg_file_instance/memory_reg_i_107
INFO: [Physopt 32-662] Processed net hb823/reg_file_instance/ALU_out0_carry__0_i_24_n_0.  Did not re-place instance hb823/reg_file_instance/ALU_out0_carry__0_i_24
INFO: [Physopt 32-662] Processed net hb823/reg_file_instance/registers_reg[12][7].  Did not re-place instance hb823/reg_file_instance/registers_reg[12][7]
INFO: [Physopt 32-662] Processed net hb823/reg_file_instance/ALU_out0_carry__1_i_26_n_0.  Did not re-place instance hb823/reg_file_instance/ALU_out0_carry__1_i_26
INFO: [Physopt 32-662] Processed net hb823/reg_file_instance/ALU_out0_carry__2_i_21_n_0.  Did not re-place instance hb823/reg_file_instance/ALU_out0_carry__2_i_21
INFO: [Physopt 32-662] Processed net hb823/reg_file_instance/ALU_out0_carry__1_i_25_n_0.  Did not re-place instance hb823/reg_file_instance/ALU_out0_carry__1_i_25
INFO: [Physopt 32-662] Processed net hb823/reg_file_instance/memory_reg_i_133_n_0.  Did not re-place instance hb823/reg_file_instance/memory_reg_i_133
INFO: [Physopt 32-662] Processed net hb823/reg_file_instance/registers_reg[5][11].  Did not re-place instance hb823/reg_file_instance/registers_reg[5][11]
INFO: [Physopt 32-662] Processed net hb823/reg_file_instance/ALU_out0_carry__0_i_23_n_0.  Did not re-place instance hb823/reg_file_instance/ALU_out0_carry__0_i_23
INFO: [Physopt 32-662] Processed net hb823/reg_file_instance/registers_reg[15][14].  Did not re-place instance hb823/reg_file_instance/registers_reg[15][14]
INFO: [Physopt 32-662] Processed net hb823/reg_file_instance/ALU_out0_carry__2_i_20_n_0.  Did not re-place instance hb823/reg_file_instance/ALU_out0_carry__2_i_20
INFO: [Physopt 32-662] Processed net hb823/reg_file_instance/memory_reg_i_124_n_0.  Did not re-place instance hb823/reg_file_instance/memory_reg_i_124
INFO: [Physopt 32-662] Processed net hb823/reg_file_instance/registers_reg[15][7].  Did not re-place instance hb823/reg_file_instance/registers_reg[15][7]
INFO: [Physopt 32-662] Processed net hb823/reg_file_instance/registers_reg[11][7].  Did not re-place instance hb823/reg_file_instance/registers_reg[11][7]
INFO: [Physopt 32-662] Processed net hb823/reg_file_instance/memory_reg_i_143_n_0.  Did not re-place instance hb823/reg_file_instance/memory_reg_i_143
INFO: [Physopt 32-662] Processed net hb823/reg_file_instance/memory_reg_i_123_n_0.  Did not re-place instance hb823/reg_file_instance/memory_reg_i_123
INFO: [Physopt 32-662] Processed net instruction_mem_instance/D[12].  Did not re-place instance instruction_mem_instance/registers[14][12]_i_1
INFO: [Physopt 32-662] Processed net instruction_mem_instance/hb823/main_alu/ALU_out__101[12].  Did not re-place instance instruction_mem_instance/registers[14][12]_i_2
INFO: [Physopt 32-662] Processed net instruction_mem_instance/registers[14][12]_i_3_n_0.  Did not re-place instance instruction_mem_instance/registers[14][12]_i_3
INFO: [Physopt 32-662] Processed net hb823/reg_file_instance/registers_reg[14][12].  Did not re-place instance hb823/reg_file_instance/registers_reg[14][12]
INFO: [Physopt 32-662] Processed net hb823/reg_file_instance/registers_reg[7][14].  Did not re-place instance hb823/reg_file_instance/registers_reg[7][14]
INFO: [Physopt 32-662] Processed net hb823/reg_file_instance/memory_reg_i_144_n_0.  Did not re-place instance hb823/reg_file_instance/memory_reg_i_144
INFO: [Physopt 32-662] Processed net instruction_mem_instance/PC_reg[14][13].  Did not re-place instance instruction_mem_instance/ALU_out0_carry__2_i_2
INFO: [Physopt 32-662] Processed net hb823/reg_file_instance/ALU_out0_carry__2_i_23_n_0.  Did not re-place instance hb823/reg_file_instance/ALU_out0_carry__2_i_23
INFO: [Physopt 32-662] Processed net hb823/reg_file_instance/ALU_out0_carry__2_i_22_n_0.  Did not re-place instance hb823/reg_file_instance/ALU_out0_carry__2_i_22
INFO: [Physopt 32-662] Processed net instruction_mem_instance/D[9].  Did not re-place instance instruction_mem_instance/registers[14][9]_i_1
INFO: [Physopt 32-662] Processed net hb823/reg_file_instance/registers_reg[11][12].  Did not re-place instance hb823/reg_file_instance/registers_reg[11][12]
INFO: [Physopt 32-662] Processed net hb823/reg_file_instance/registers_reg[14][9].  Did not re-place instance hb823/reg_file_instance/registers_reg[14][9]
INFO: [Physopt 32-662] Processed net hb823/reg_file_instance/registers_reg[10][9].  Did not re-place instance hb823/reg_file_instance/registers_reg[10][9]
INFO: [Physopt 32-662] Processed net hb823/reg_file_instance/registers_reg[10][7].  Did not re-place instance hb823/reg_file_instance/registers_reg[10][7]
INFO: [Physopt 32-662] Processed net hb823/reg_file_instance/registers_reg[3][7].  Did not re-place instance hb823/reg_file_instance/registers_reg[3][7]
INFO: [Physopt 32-662] Processed net hb823/reg_file_instance/ALU_out0_carry__1_i_28_n_0.  Did not re-place instance hb823/reg_file_instance/ALU_out0_carry__1_i_28
INFO: [Physopt 32-662] Processed net hb823/reg_file_instance/registers_reg[4][9].  Did not re-place instance hb823/reg_file_instance/registers_reg[4][9]
INFO: [Physopt 32-662] Processed net hb823/reg_file_instance/registers_reg[1][14].  Did not re-place instance hb823/reg_file_instance/registers_reg[1][14]
INFO: [Physopt 32-662] Processed net hb823/reg_file_instance/registers_reg[2][14].  Did not re-place instance hb823/reg_file_instance/registers_reg[2][14]
INFO: [Physopt 32-662] Processed net hb823/reg_file_instance/registers_reg[9][14].  Did not re-place instance hb823/reg_file_instance/registers_reg[9][14]
INFO: [Physopt 32-662] Processed net hb823/reg_file_instance/registers_reg[10][5].  Did not re-place instance hb823/reg_file_instance/registers_reg[10][5]
INFO: [Physopt 32-661] Optimized 2 nets.  Re-placed 2 instances.
INFO: [Physopt 32-775] End 1 Pass. Optimized 2 nets or cells. Created 0 new cell, deleted 0 existing cell and moved 2 existing cells
INFO: [Physopt 32-619] Estimated Timing Summary | WNS=-2.262 | TNS=-448.392 |
Netlist sorting complete. Time (s): cpu = 00:00:00 ; elapsed = 00:00:00 . Memory (MB): peak = 2316.531 ; gain = 0.000
Phase 29 Single Cell Placement Optimization | Checksum: 21c278aa0

Time (s): cpu = 00:03:14 ; elapsed = 00:01:56 . Memory (MB): peak = 2316.531 ; gain = 0.000

Phase 30 Multi Cell Placement Optimization
INFO: [Physopt 32-660] Identified 100 candidate nets for placement-based optimization.
INFO: [Physopt 32-662] Processed net instruction_mem_instance/PC_reg[14][1].  Did not re-place instance instruction_mem_instance/ALU_out0_carry_i_3/O
INFO: [Physopt 32-662] Processed net instruction_mem_instance/ADDRARDADDR[9].  Did not re-place instance instruction_mem_instance/memory_reg_i_3/O
INFO: [Physopt 32-662] Processed net instruction_mem_instance/memory_reg_i_34_n_0.  Did not re-place instance instruction_mem_instance/memory_reg_i_34/O
INFO: [Physopt 32-662] Processed net instruction_mem_instance/PC_reg[14][2].  Did not re-place instance instruction_mem_instance/ALU_out0_carry_i_2/O
INFO: [Physopt 32-662] Processed net instruction_mem_instance/hb823/main_alu/ALU_out__101[15].  Did not re-place instance instruction_mem_instance/registers[14][15]_i_7/O
INFO: [Physopt 32-662] Processed net instruction_mem_instance/registers[14][15]_i_10_n_0.  Did not re-place instance instruction_mem_instance/registers[14][15]_i_10/O
INFO: [Physopt 32-662] Processed net instruction_mem_instance/PC_reg[14][3].  Did not re-place instance instruction_mem_instance/ALU_out0_carry_i_1/O
INFO: [Physopt 32-662] Processed net instruction_mem_instance/PC_reg[14][6].  Did not re-place instance instruction_mem_instance/ALU_out0_carry__0_i_2/O
INFO: [Physopt 32-662] Processed net instruction_mem_instance/PC_reg[14][4].  Did not re-place instance instruction_mem_instance/ALU_out0_carry__0_i_4/O
INFO: [Physopt 32-662] Processed net instruction_mem_instance/hb823/main_alu/ALU_out__101[13].  Did not re-place instance instruction_mem_instance/registers[14][13]_i_2/O
INFO: [Physopt 32-662] Processed net instruction_mem_instance/registers[14][13]_i_3_n_0.  Did not re-place instance instruction_mem_instance/registers[14][13]_i_3/O
INFO: [Physopt 32-662] Processed net instruction_mem_instance/PC_reg[14][5].  Did not re-place instance instruction_mem_instance/ALU_out0_carry__0_i_3/O
INFO: [Physopt 32-662] Processed net instruction_mem_instance/PC_reg[14][0].  Did not re-place instance instruction_mem_instance/ALU_out0_carry_i_4/O
INFO: [Physopt 32-662] Processed net instruction_mem_instance/PC_reg[14][12].  Did not re-place instance instruction_mem_instance/ALU_out0_carry__2_i_3/O
INFO: [Physopt 32-662] Processed net instruction_mem_instance/PC_reg[14][9].  Did not re-place instance instruction_mem_instance/ALU_out0_carry__1_i_3/O
INFO: [Physopt 32-662] Processed net instruction_mem_instance/PC_reg[14][8].  Did not re-place instance instruction_mem_instance/ALU_out0_carry__1_i_4/O
INFO: [Physopt 32-662] Processed net instruction_mem_instance/PC_reg[14][7].  Did not re-place instance instruction_mem_instance/ALU_out0_carry__0_i_1/O
INFO: [Physopt 32-662] Processed net instruction_mem_instance/ADDRARDADDR[7].  Did not re-place instance instruction_mem_instance/memory_reg_i_5/O
INFO: [Physopt 32-662] Processed net instruction_mem_instance/memory_reg_i_38_n_0.  Did not re-place instance instruction_mem_instance/memory_reg_i_38/O
INFO: [Physopt 32-662] Processed net instruction_mem_instance/ADDRARDADDR[10].  Did not re-place instance instruction_mem_instance/memory_reg_i_2/O
INFO: [Physopt 32-662] Processed net instruction_mem_instance/memory_reg_i_29_n_0.  Did not re-place instance instruction_mem_instance/memory_reg_i_29/O
INFO: [Physopt 32-662] Processed net instruction_mem_instance/PC_reg[14][11].  Did not re-place instance instruction_mem_instance/ALU_out0_carry__1_i_1/O
INFO: [Physopt 32-662] Processed net instruction_mem_instance/ADDRARDADDR[5].  Did not re-place instance instruction_mem_instance/memory_reg_i_7/O
INFO: [Physopt 32-662] Processed net instruction_mem_instance/memory_reg_i_42_n_0.  Did not re-place instance instruction_mem_instance/memory_reg_i_42/O
INFO: [Physopt 32-662] Processed net instruction_mem_instance/hb823/ALU_A[15].  Did not re-place instance instruction_mem_instance/ALU_out0_carry__2_i_11/O
INFO: [Physopt 32-662] Processed net instruction_mem_instance/PC_reg[14][10].  Did not re-place instance instruction_mem_instance/ALU_out0_carry__1_i_2/O
INFO: [Physopt 32-662] Processed net instruction_mem_instance/ADDRARDADDR[2].  Did not re-place instance instruction_mem_instance/memory_reg_i_10/O
INFO: [Physopt 32-662] Processed net instruction_mem_instance/memory_reg_i_48_n_0.  Did not re-place instance instruction_mem_instance/memory_reg_i_48/O
INFO: [Physopt 32-662] Processed net instruction_mem_instance/ADDRARDADDR[6].  Did not re-place instance instruction_mem_instance/memory_reg_i_6/O
INFO: [Physopt 32-662] Processed net instruction_mem_instance/memory_reg_i_40_n_0.  Did not re-place instance instruction_mem_instance/memory_reg_i_40/O
INFO: [Physopt 32-662] Processed net instruction_mem_instance/hb823/main_alu/ALU_out__101[11].  Did not re-place instance instruction_mem_instance/registers[14][11]_i_2/O
INFO: [Physopt 32-662] Processed net instruction_mem_instance/registers[14][11]_i_3_n_0.  Did not re-place instance instruction_mem_instance/registers[14][11]_i_3/O
INFO: [Physopt 32-662] Processed net instruction_mem_instance/hb823/main_alu/ALU_out__101[14].  Did not re-place instance instruction_mem_instance/registers[14][14]_i_2/O
INFO: [Physopt 32-662] Processed net instruction_mem_instance/registers[14][14]_i_3_n_0.  Did not re-place instance instruction_mem_instance/registers[14][14]_i_3/O
INFO: [Physopt 32-661] Optimized 0 net.  Re-placed 0 instance.
INFO: [Physopt 32-775] End 1 Pass. Optimized 0 net or cell. Created 0 new cell, deleted 0 existing cell and moved 0 existing cell
Netlist sorting complete. Time (s): cpu = 00:00:00 ; elapsed = 00:00:00 . Memory (MB): peak = 2316.531 ; gain = 0.000
Phase 30 Multi Cell Placement Optimization | Checksum: 1f93b7074

Time (s): cpu = 00:03:32 ; elapsed = 00:02:07 . Memory (MB): peak = 2316.531 ; gain = 0.000

Phase 31 SLR Crossing Optimization
Phase 31 SLR Crossing Optimization | Checksum: 1f93b7074

Time (s): cpu = 00:03:32 ; elapsed = 00:02:07 . Memory (MB): peak = 2316.531 ; gain = 0.000

Phase 32 Critical Path Optimization
INFO: [Physopt 32-619] Estimated Timing Summary | WNS=-2.262 | TNS=-448.392 |
INFO: [Physopt 32-702] Processed net data_mem_instance/DOBDO[0]. Optimizations did not improve timing on the net.
INFO: [Physopt 32-702] Processed net clk_64/inst/clk_out1_clk_64_mhz. Optimizations did not improve timing on the net.
INFO: [Physopt 32-702] Processed net instruction_mem_instance/memory_reg_i_34_n_0. Optimizations did not improve timing on the net.
INFO: [Physopt 32-702] Processed net hb823/main_alu/data1[9]. Optimizations did not improve timing on the net.
INFO: [Physopt 32-702] Processed net hb823/main_alu/ALU_out0_inferred__0/i__carry__0_n_0. Optimizations did not improve timing on the net.
INFO: [Physopt 32-702] Processed net hb823/main_alu/ALU_out0_inferred__0/i__carry_n_0. Optimizations did not improve timing on the net.
INFO: [Physopt 32-702] Processed net instruction_mem_instance/inst_reg_15[1]. Optimizations did not improve timing on the net.
INFO: [Physopt 32-710] Processed net instruction_mem_instance/inst_reg_15[1]. Critical path length was reduced through logic transformation on cell instruction_mem_instance/i__carry_i_3_comp.
INFO: [Physopt 32-735] Processed net instruction_mem_instance/PC_reg[14][1]. Optimization improves timing on the net.
INFO: [Physopt 32-619] Estimated Timing Summary | WNS=-2.258 | TNS=-447.853 |
INFO: [Physopt 32-702] Processed net instruction_mem_instance/inst_reg_15[2]. Optimizations did not improve timing on the net.
INFO: [Physopt 32-710] Processed net instruction_mem_instance/inst_reg_15[2]. Critical path length was reduced through logic transformation on cell instruction_mem_instance/i__carry_i_2_comp.
INFO: [Physopt 32-735] Processed net instruction_mem_instance/PC_reg[14][2]. Optimization improves timing on the net.
INFO: [Physopt 32-619] Estimated Timing Summary | WNS=-2.256 | TNS=-443.406 |
INFO: [Physopt 32-702] Processed net hb823/main_alu/data0[9]. Optimizations did not improve timing on the net.
INFO: [Physopt 32-702] Processed net hb823/main_alu/ALU_out0_carry__0_n_0. Optimizations did not improve timing on the net.
INFO: [Physopt 32-702] Processed net hb823/main_alu/ALU_out0_carry_n_0. Optimizations did not improve timing on the net.
INFO: [Physopt 32-702] Processed net instruction_mem_instance/S[2]. Optimizations did not improve timing on the net.
INFO: [Physopt 32-710] Processed net instruction_mem_instance/S[2]. Critical path length was reduced through logic transformation on cell instruction_mem_instance/ALU_out0_carry_i_6_comp.
INFO: [Physopt 32-735] Processed net instruction_mem_instance/PC_reg[14][2]. Optimization improves timing on the net.
INFO: [Physopt 32-619] Estimated Timing Summary | WNS=-2.196 | TNS=-434.900 |
INFO: [Physopt 32-702] Processed net instruction_mem_instance/PC_reg[7][2]. Optimizations did not improve timing on the net.
INFO: [Physopt 32-702] Processed net hb823/reg_file_instance/inst_reg_11. Optimizations did not improve timing on the net.
INFO: [Physopt 32-702] Processed net hb823/reg_file_instance/inst_reg_43. Optimizations did not improve timing on the net.
INFO: [Physopt 32-702] Processed net hb823/reg_file_instance/memory_reg_i_130_n_0. Optimizations did not improve timing on the net.
INFO: [Physopt 32-702] Processed net instruction_mem_instance/rsR2_addr__39[2]. Optimizations did not improve timing on the net.
INFO: [Physopt 32-702] Processed net instruction_mem_instance/memory_reg_i_161_n_0. Optimizations did not improve timing on the net.
INFO: [Physopt 32-702] Processed net instruction_mem_instance/ADDRARDADDR[9]. Optimizations did not improve timing on the net.
INFO: [Physopt 32-614] Property 'READ_WIDTH_B' on BRAM cell 'instruction_mem_instance/inst_reg' Port 'B' is 0. Skip BRAM Register Optimization on the port
INFO: [Physopt 32-614] Property 'READ_WIDTH_B' on BRAM cell 'instruction_mem_instance/inst_reg' Port 'B' is 0. Skip BRAM Register Optimization on the port
INFO: [Physopt 32-702] Processed net instruction_mem_instance/inst[10]. Optimizations did not improve timing on the net.
INFO: [Physopt 32-702] Processed net data_mem_instance/DOBDO[0]. Optimizations did not improve timing on the net.
INFO: [Physopt 32-702] Processed net clk_64/inst/clk_out1_clk_64_mhz. Optimizations did not improve timing on the net.
INFO: [Physopt 32-702] Processed net instruction_mem_instance/memory_reg_i_34_n_0. Optimizations did not improve timing on the net.
INFO: [Physopt 32-702] Processed net hb823/main_alu/data0[9]. Optimizations did not improve timing on the net.
INFO: [Physopt 32-702] Processed net instruction_mem_instance/PC_reg[7][2]. Optimizations did not improve timing on the net.
INFO: [Physopt 32-702] Processed net hb823/reg_file_instance/inst_reg_11. Optimizations did not improve timing on the net.
INFO: [Physopt 32-702] Processed net hb823/reg_file_instance/inst_reg_43. Optimizations did not improve timing on the net.
INFO: [Physopt 32-702] Processed net hb823/reg_file_instance/memory_reg_i_130_n_0. Optimizations did not improve timing on the net.
INFO: [Physopt 32-702] Processed net instruction_mem_instance/rsR2_addr__39[2]. Optimizations did not improve timing on the net.
INFO: [Physopt 32-702] Processed net instruction_mem_instance/memory_reg_i_161_n_0. Optimizations did not improve timing on the net.
INFO: [Physopt 32-702] Processed net instruction_mem_instance/ADDRARDADDR[9]. Optimizations did not improve timing on the net.
INFO: [Physopt 32-702] Processed net instruction_mem_instance/inst[10]. Optimizations did not improve timing on the net.
INFO: [Physopt 32-619] Estimated Timing Summary | WNS=-2.196 | TNS=-434.900 |
Netlist sorting complete. Time (s): cpu = 00:00:00 ; elapsed = 00:00:00.002 . Memory (MB): peak = 2316.531 ; gain = 0.000
Phase 32 Critical Path Optimization | Checksum: 1f93b7074

Time (s): cpu = 00:03:40 ; elapsed = 00:02:12 . Memory (MB): peak = 2316.531 ; gain = 0.000

Phase 33 Critical Path Optimization
INFO: [Physopt 32-619] Estimated Timing Summary | WNS=-2.196 | TNS=-434.900 |
INFO: [Physopt 32-702] Processed net data_mem_instance/DOBDO[0]. Optimizations did not improve timing on the net.
INFO: [Physopt 32-702] Processed net clk_64/inst/clk_out1_clk_64_mhz. Optimizations did not improve timing on the net.
INFO: [Physopt 32-702] Processed net instruction_mem_instance/memory_reg_i_34_n_0. Optimizations did not improve timing on the net.
INFO: [Physopt 32-702] Processed net hb823/main_alu/data0[9]. Optimizations did not improve timing on the net.
INFO: [Physopt 32-702] Processed net hb823/main_alu/ALU_out0_carry__0_n_0. Optimizations did not improve timing on the net.
INFO: [Physopt 32-702] Processed net instruction_mem_instance/PC_reg[7][2]. Optimizations did not improve timing on the net.
INFO: [Physopt 32-702] Processed net hb823/reg_file_instance/inst_reg_11. Optimizations did not improve timing on the net.
INFO: [Physopt 32-702] Processed net hb823/reg_file_instance/inst_reg_43. Optimizations did not improve timing on the net.
INFO: [Physopt 32-702] Processed net hb823/reg_file_instance/memory_reg_i_130_n_0. Optimizations did not improve timing on the net.
INFO: [Physopt 32-702] Processed net instruction_mem_instance/rsR2_addr__39[2]. Optimizations did not improve timing on the net.
INFO: [Physopt 32-702] Processed net instruction_mem_instance/memory_reg_i_161_n_0. Optimizations did not improve timing on the net.
INFO: [Physopt 32-702] Processed net instruction_mem_instance/ADDRARDADDR[9]. Optimizations did not improve timing on the net.
INFO: [Physopt 32-614] Property 'READ_WIDTH_B' on BRAM cell 'instruction_mem_instance/inst_reg' Port 'B' is 0. Skip BRAM Register Optimization on the port
INFO: [Physopt 32-614] Property 'READ_WIDTH_B' on BRAM cell 'instruction_mem_instance/inst_reg' Port 'B' is 0. Skip BRAM Register Optimization on the port
INFO: [Physopt 32-702] Processed net instruction_mem_instance/inst[10]. Optimizations did not improve timing on the net.
INFO: [Physopt 32-702] Processed net data_mem_instance/DOBDO[0]. Optimizations did not improve timing on the net.
INFO: [Physopt 32-702] Processed net clk_64/inst/clk_out1_clk_64_mhz. Optimizations did not improve timing on the net.
INFO: [Physopt 32-702] Processed net instruction_mem_instance/memory_reg_i_34_n_0. Optimizations did not improve timing on the net.
INFO: [Physopt 32-702] Processed net hb823/main_alu/data0[9]. Optimizations did not improve timing on the net.
INFO: [Physopt 32-702] Processed net instruction_mem_instance/PC_reg[7][2]. Optimizations did not improve timing on the net.
INFO: [Physopt 32-702] Processed net hb823/reg_file_instance/inst_reg_11. Optimizations did not improve timing on the net.
INFO: [Physopt 32-702] Processed net hb823/reg_file_instance/inst_reg_43. Optimizations did not improve timing on the net.
INFO: [Physopt 32-702] Processed net hb823/reg_file_instance/memory_reg_i_130_n_0. Optimizations did not improve timing on the net.
INFO: [Physopt 32-702] Processed net instruction_mem_instance/rsR2_addr__39[2]. Optimizations did not improve timing on the net.
INFO: [Physopt 32-702] Processed net instruction_mem_instance/memory_reg_i_161_n_0. Optimizations did not improve timing on the net.
INFO: [Physopt 32-702] Processed net instruction_mem_instance/ADDRARDADDR[9]. Optimizations did not improve timing on the net.
INFO: [Physopt 32-702] Processed net instruction_mem_instance/inst[10]. Optimizations did not improve timing on the net.
INFO: [Physopt 32-619] Estimated Timing Summary | WNS=-2.196 | TNS=-434.900 |
Netlist sorting complete. Time (s): cpu = 00:00:00 ; elapsed = 00:00:00.001 . Memory (MB): peak = 2316.531 ; gain = 0.000
Phase 33 Critical Path Optimization | Checksum: 1f93b7074

Time (s): cpu = 00:03:44 ; elapsed = 00:02:14 . Memory (MB): peak = 2316.531 ; gain = 0.000

Phase 34 BRAM Enable Optimization
Phase 34 BRAM Enable Optimization | Checksum: 1f93b7074

Time (s): cpu = 00:03:44 ; elapsed = 00:02:14 . Memory (MB): peak = 2316.531 ; gain = 0.000
INFO: [Physopt 32-960] Skip hold-fix as initial WHS does not violate hold threshold 250 ps
Netlist sorting complete. Time (s): cpu = 00:00:00 ; elapsed = 00:00:00 . Memory (MB): peak = 2316.531 ; gain = 0.000
INFO: [Physopt 32-603] Post Physical Optimization Timing Summary | WNS=-2.196 | TNS=-434.900 |

Summary of Physical Synthesis Optimizations
============================================


----------------------------------------------------------------------------------------------------------------------------------------------------------------------
|  Optimization            |  WNS Gain (ns)  |  TNS Gain (ns)  |  Added Cells  |  Removed Cells  |  Optimized Cells/Nets  |  Dont Touch  |  Iterations  |  Elapsed   |
----------------------------------------------------------------------------------------------------------------------------------------------------------------------
|  Fanout                  |          0.000  |          0.000  |            0  |              0  |                     0  |           0  |           3  |  00:00:01  |
|  Single Cell Placement   |          0.000  |         25.876  |            0  |              0  |                   116  |           0  |           4  |  00:00:57  |
|  Multi Cell Placement    |          0.000  |          0.000  |            0  |              0  |                     0  |           0  |           4  |  00:00:39  |
|  Rewire                  |          0.000  |          0.000  |            0  |              0  |                     0  |           0  |           3  |  00:00:00  |
|  Critical Cell           |          0.000  |          0.000  |            0  |              0  |                     0  |           0  |           3  |  00:00:29  |
|  SLR Crossing            |          0.000  |          0.000  |            0  |              0  |                     0  |           0  |           3  |  00:00:00  |
|  DSP Register            |          0.000  |          0.000  |            0  |              0  |                     0  |           0  |           2  |  00:00:00  |
|  BRAM Register           |          0.000  |          0.000  |            0  |              0  |                     0  |           0  |           2  |  00:00:00  |
|  URAM Register           |          0.000  |          0.000  |            0  |              0  |                     0  |           0  |           2  |  00:00:00  |
|  Shift Register          |          0.000  |          0.000  |            0  |              0  |                     0  |           0  |           2  |  00:00:00  |
|  Critical Pin            |          0.166  |         44.921  |            0  |              0  |                    21  |           0  |           1  |  00:00:00  |
|  Very High Fanout        |          0.000  |          0.000  |            0  |              0  |                     0  |           0  |           1  |  00:00:00  |
|  BRAM Enable             |          0.000  |          0.000  |            0  |              0  |                     0  |           0  |           1  |  00:00:00  |
|  Critical Path           |          0.066  |         13.492  |            0  |              0  |                     3  |           0  |           2  |  00:00:07  |
|  Total                   |          0.232  |         84.289  |            0  |              0  |                   140  |           0  |          33  |  00:02:14  |
----------------------------------------------------------------------------------------------------------------------------------------------------------------------


Netlist sorting complete. Time (s): cpu = 00:00:00 ; elapsed = 00:00:00.001 . Memory (MB): peak = 2316.531 ; gain = 0.000
Ending Physical Synthesis Task | Checksum: 2c23ff6b4

Time (s): cpu = 00:03:44 ; elapsed = 00:02:14 . Memory (MB): peak = 2316.531 ; gain = 0.000
INFO: [Common 17-83] Releasing license: Implementation
1459 Infos, 30 Warnings, 30 Critical Warnings and 0 Errors encountered.
phys_opt_design completed successfully
phys_opt_design: Time (s): cpu = 00:03:44 ; elapsed = 00:02:14 . Memory (MB): peak = 2316.531 ; gain = 0.000
INFO: [Timing 38-480] Writing timing data to binary archive.
Wrote PlaceDB: Time (s): cpu = 00:00:00 ; elapsed = 00:00:00 . Memory (MB): peak = 2316.531 ; gain = 0.000
Wrote PulsedLatchDB: Time (s): cpu = 00:00:00 ; elapsed = 00:00:00 . Memory (MB): peak = 2316.531 ; gain = 0.000
Write ShapeDB Complete: Time (s): cpu = 00:00:00 ; elapsed = 00:00:00.003 . Memory (MB): peak = 2316.531 ; gain = 0.000
Writing XDEF routing.
Writing XDEF routing logical nets.
Writing XDEF routing special nets.
Wrote RouteStorage: Time (s): cpu = 00:00:00 ; elapsed = 00:00:00.028 . Memory (MB): peak = 2316.531 ; gain = 0.000
Wrote PlaceStorage: Time (s): cpu = 00:00:00 ; elapsed = 00:00:00.049 . Memory (MB): peak = 2316.531 ; gain = 0.000
Wrote Netlist Cache: Time (s): cpu = 00:00:00 ; elapsed = 00:00:00.002 . Memory (MB): peak = 2316.531 ; gain = 0.000
Wrote Device Cache: Time (s): cpu = 00:00:00 ; elapsed = 00:00:00.010 . Memory (MB): peak = 2316.531 ; gain = 0.000
Write Physdb Complete: Time (s): cpu = 00:00:00 ; elapsed = 00:00:00.097 . Memory (MB): peak = 2316.531 ; gain = 0.000
INFO: [Common 17-1381] The checkpoint 'D:/Development/School/computer_arch/cpu_project/nexys-a7/nexys-a7.runs/impl_1/nexys_a7_top_physopt.dcp' has been generated.
Command: route_design -directive NoTimingRelaxation -tns_cleanup
Attempting to get a license for feature 'Implementation' and/or device 'xc7a100t'
INFO: [Common 17-349] Got license for feature 'Implementation' and/or device 'xc7a100t'
INFO: [DRC 23-27] Running DRC with 2 threads
INFO: [Vivado_Tcl 4-198] DRC finished with 0 Errors
INFO: [Vivado_Tcl 4-199] Please refer to the DRC report (report_drc) for more information.


Starting Routing Task
INFO: [Route 35-270] Using Router directive 'NoTimingRelaxation'.
INFO: [Route 35-254] Multithreading enabled for route_design using a maximum of 2 CPUs

Phase 1 Build RT Design
Checksum: PlaceDB: 2a869bd6 ConstDB: 0 ShapeSum: f7b5b7b1 RouteDB: b1d25f96
Post Restoration Checksum: NetGraph: 9e86b704 | NumContArr: 521fa38c | Constraints: c2a8fa9d | Timing: c2a8fa9d
Phase 1 Build RT Design | Checksum: 275f84fca

Time (s): cpu = 00:00:39 ; elapsed = 00:00:35 . Memory (MB): peak = 2358.164 ; gain = 41.633

Phase 2 Router Initialization

Phase 2.1 Fix Topology Constraints
Phase 2.1 Fix Topology Constraints | Checksum: 275f84fca

Time (s): cpu = 00:00:39 ; elapsed = 00:00:35 . Memory (MB): peak = 2358.238 ; gain = 41.707

Phase 2.2 Pre Route Cleanup
Phase 2.2 Pre Route Cleanup | Checksum: 275f84fca

Time (s): cpu = 00:00:39 ; elapsed = 00:00:35 . Memory (MB): peak = 2358.238 ; gain = 41.707
 Number of Nodes with overlaps = 0

Phase 2.3 Update Timing
Phase 2.3 Update Timing | Checksum: 1f3ae9ded

Time (s): cpu = 00:00:40 ; elapsed = 00:00:36 . Memory (MB): peak = 2385.914 ; gain = 69.383
INFO: [Route 35-416] Intermediate Timing Summary | WNS=-2.100 | TNS=-392.986| WHS=-0.145 | THS=-0.145 |


Phase 2.4 Soft Constraint Pins - Fast Budgeting
Phase 2.4 Soft Constraint Pins - Fast Budgeting | Checksum: 1ff3ae40e

Time (s): cpu = 00:00:40 ; elapsed = 00:00:36 . Memory (MB): peak = 2409.953 ; gain = 93.422

Router Utilization Summary
  Global Vertical Routing Utilization    = 0 %
  Global Horizontal Routing Utilization  = 0 %
  Routable Net Status*
  *Does not include unroutable nets such as driverless and loadless.
  Run report_route_status for detailed report.
  Number of Failed Nets               = 555
    (Failed Nets is the sum of unrouted and partially routed nets)
  Number of Unrouted Nets             = 555
  Number of Partially Routed Nets     = 0
  Number of Node Overlaps             = 0

Phase 2 Router Initialization | Checksum: 1ff3ae40e

Time (s): cpu = 00:00:41 ; elapsed = 00:00:36 . Memory (MB): peak = 2409.953 ; gain = 93.422

Phase 3 Global Routing
Phase 3 Global Routing | Checksum: 1ff3ae40e

Time (s): cpu = 00:00:41 ; elapsed = 00:00:36 . Memory (MB): peak = 2409.953 ; gain = 93.422

Phase 4 Initial Routing

Phase 4.1 Initial Net Routing Pass
Phase 4.1 Initial Net Routing Pass | Checksum: 2e34d14ed

Time (s): cpu = 00:00:41 ; elapsed = 00:00:36 . Memory (MB): peak = 2409.953 ; gain = 93.422
Phase 4 Initial Routing | Checksum: 2e34d14ed

Time (s): cpu = 00:00:41 ; elapsed = 00:00:36 . Memory (MB): peak = 2409.953 ; gain = 93.422
INFO: [Route 35-580] Design has 1 pins with tight setup and hold constraints.

The top 5 pins with tight setup and hold constraints:

+=====================+=====================+===========================+
| Launch Setup Clock  | Launch Hold Clock   | Pin                       |
+=====================+=====================+===========================+
| clk_out1_clk_64_mhz | clk_out1_clk_64_mhz | hb823/pc_inst/PC_reg[0]/D |
+---------------------+---------------------+---------------------------+

File with complete list of pins: tight_setup_hold_pins.txt


Phase 5 Rip-up And Reroute

Phase 5.1 Global Iteration 0
 Number of Nodes with overlaps = 332
 Number of Nodes with overlaps = 143
 Number of Nodes with overlaps = 65
 Number of Nodes with overlaps = 49
 Number of Nodes with overlaps = 37
 Number of Nodes with overlaps = 26
 Number of Nodes with overlaps = 18
 Number of Nodes with overlaps = 19
 Number of Nodes with overlaps = 11
 Number of Nodes with overlaps = 11
 Number of Nodes with overlaps = 5
 Number of Nodes with overlaps = 6
 Number of Nodes with overlaps = 4
 Number of Nodes with overlaps = 4
 Number of Nodes with overlaps = 6
 Number of Nodes with overlaps = 5
 Number of Nodes with overlaps = 3
 Number of Nodes with overlaps = 1
 Number of Nodes with overlaps = 3
 Number of Nodes with overlaps = 5
 Number of Nodes with overlaps = 4
 Number of Nodes with overlaps = 1
 Number of Nodes with overlaps = 0
INFO: [Route 35-416] Intermediate Timing Summary | WNS=-2.669 | TNS=-565.780| WHS=N/A    | THS=N/A    |

Phase 5.1 Global Iteration 0 | Checksum: 179b26b74

Time (s): cpu = 00:00:48 ; elapsed = 00:00:41 . Memory (MB): peak = 2420.344 ; gain = 103.812

Phase 5.2 Global Iteration 1
 Number of Nodes with overlaps = 133
 Number of Nodes with overlaps = 55
 Number of Nodes with overlaps = 37
 Number of Nodes with overlaps = 14
 Number of Nodes with overlaps = 14
 Number of Nodes with overlaps = 14
 Number of Nodes with overlaps = 11
 Number of Nodes with overlaps = 0
INFO: [Route 35-416] Intermediate Timing Summary | WNS=-2.573 | TNS=-570.848| WHS=N/A    | THS=N/A    |

Phase 5.2 Global Iteration 1 | Checksum: 23917c378

Time (s): cpu = 00:00:51 ; elapsed = 00:00:44 . Memory (MB): peak = 2420.344 ; gain = 103.812

Phase 5.3 Global Iteration 2
 Number of Nodes with overlaps = 106
 Number of Nodes with overlaps = 38
 Number of Nodes with overlaps = 19
 Number of Nodes with overlaps = 15
 Number of Nodes with overlaps = 8
 Number of Nodes with overlaps = 9
 Number of Nodes with overlaps = 5
 Number of Nodes with overlaps = 6
 Number of Nodes with overlaps = 3
 Number of Nodes with overlaps = 4
 Number of Nodes with overlaps = 2
 Number of Nodes with overlaps = 1
 Number of Nodes with overlaps = 0
INFO: [Route 35-416] Intermediate Timing Summary | WNS=-2.600 | TNS=-582.908| WHS=N/A    | THS=N/A    |

Phase 5.3 Global Iteration 2 | Checksum: 166b35098

Time (s): cpu = 00:00:54 ; elapsed = 00:00:46 . Memory (MB): peak = 2420.344 ; gain = 103.812
Phase 5 Rip-up And Reroute | Checksum: 166b35098

Time (s): cpu = 00:00:54 ; elapsed = 00:00:46 . Memory (MB): peak = 2420.344 ; gain = 103.812

Phase 6 Delay and Skew Optimization

Phase 6.1 TNS Cleanup

Phase 6.1.1 Delay CleanUp

Phase 6.1.1.1 Update Timing
Phase 6.1.1.1 Update Timing | Checksum: 244489150

Time (s): cpu = 00:00:54 ; elapsed = 00:00:46 . Memory (MB): peak = 2420.344 ; gain = 103.812
INFO: [Route 35-416] Intermediate Timing Summary | WNS=-2.476 | TNS=-538.139| WHS=N/A    | THS=N/A    |

 Number of Nodes with overlaps = 0

Phase 6.1.1.2 Update Timing
Phase 6.1.1.2 Update Timing | Checksum: 274cafedd

Time (s): cpu = 00:00:54 ; elapsed = 00:00:47 . Memory (MB): peak = 2420.344 ; gain = 103.812
INFO: [Route 35-416] Intermediate Timing Summary | WNS=-2.476 | TNS=-533.183| WHS=N/A    | THS=N/A    |

 Number of Nodes with overlaps = 0

Phase 6.1.1.3 Update Timing
Phase 6.1.1.3 Update Timing | Checksum: 2d1f6bb0a

Time (s): cpu = 00:00:55 ; elapsed = 00:00:47 . Memory (MB): peak = 2420.344 ; gain = 103.812
INFO: [Route 35-416] Intermediate Timing Summary | WNS=-2.476 | TNS=-529.521| WHS=N/A    | THS=N/A    |

 Number of Nodes with overlaps = 0

Phase 6.1.1.4 Update Timing
Phase 6.1.1.4 Update Timing | Checksum: 19dfed188

Time (s): cpu = 00:00:55 ; elapsed = 00:00:47 . Memory (MB): peak = 2420.344 ; gain = 103.812
INFO: [Route 35-416] Intermediate Timing Summary | WNS=-2.476 | TNS=-529.518| WHS=N/A    | THS=N/A    |

 Number of Nodes with overlaps = 0

Phase 6.1.1.5 Update Timing
Phase 6.1.1.5 Update Timing | Checksum: 1f9415dce

Time (s): cpu = 00:00:55 ; elapsed = 00:00:47 . Memory (MB): peak = 2420.344 ; gain = 103.812
INFO: [Route 35-416] Intermediate Timing Summary | WNS=-2.476 | TNS=-529.517| WHS=N/A    | THS=N/A    |

Phase 6.1.1 Delay CleanUp | Checksum: 1ba6d6647

Time (s): cpu = 00:00:55 ; elapsed = 00:00:47 . Memory (MB): peak = 2420.344 ; gain = 103.812
Phase 6.1 TNS Cleanup | Checksum: 1ba6d6647

Time (s): cpu = 00:00:55 ; elapsed = 00:00:47 . Memory (MB): peak = 2420.344 ; gain = 103.812

Phase 6.2 Clock Skew Optimization
Phase 6.2 Clock Skew Optimization | Checksum: 1ba6d6647

Time (s): cpu = 00:00:55 ; elapsed = 00:00:47 . Memory (MB): peak = 2420.344 ; gain = 103.812
Phase 6 Delay and Skew Optimization | Checksum: 1ba6d6647

Time (s): cpu = 00:00:55 ; elapsed = 00:00:47 . Memory (MB): peak = 2420.344 ; gain = 103.812

Phase 7 Post Hold Fix

Phase 7.1 Hold Fix Iter
INFO: [Route 35-416] Intermediate Timing Summary | WNS=-2.476 | TNS=-529.517| WHS=0.181  | THS=0.000  |

Phase 7.1 Hold Fix Iter | Checksum: 225145df6

Time (s): cpu = 00:00:55 ; elapsed = 00:00:47 . Memory (MB): peak = 2420.344 ; gain = 103.812
Phase 7 Post Hold Fix | Checksum: 225145df6

Time (s): cpu = 00:00:55 ; elapsed = 00:00:47 . Memory (MB): peak = 2420.344 ; gain = 103.812

Phase 8 Timing Verification

Phase 8.1 Update Timing
Phase 8.1 Update Timing | Checksum: 225145df6

Time (s): cpu = 00:00:56 ; elapsed = 00:00:47 . Memory (MB): peak = 2420.344 ; gain = 103.812
INFO: [Route 35-416] Intermediate Timing Summary | WNS=-2.476 | TNS=-529.517| WHS=0.181  | THS=0.000  |

Phase 8 Timing Verification | Checksum: 225145df6

Time (s): cpu = 00:00:56 ; elapsed = 00:00:47 . Memory (MB): peak = 2420.344 ; gain = 103.812

Phase 9 Route finalize

Router Utilization Summary
  Global Vertical Routing Utilization    = 0.268703 %
  Global Horizontal Routing Utilization  = 0.281685 %
  Routable Net Status*
  *Does not include unroutable nets such as driverless and loadless.
  Run report_route_status for detailed report.
  Number of Failed Nets               = 0
    (Failed Nets is the sum of unrouted and partially routed nets)
  Number of Unrouted Nets             = 0
  Number of Partially Routed Nets     = 0
  Number of Node Overlaps             = 0


--GLOBAL Congestion:
Utilization threshold used for congestion level computation: 0.85
Congestion Report
North Dir 1x1 Area, Max Cong = 58.5586%, No Congested Regions.
South Dir 1x1 Area, Max Cong = 85.5856%, Congestion bounded by tiles (Lower Left Tile -> Upper Right Tile):
   INT_R_X7Y87 -> INT_R_X7Y87
East Dir 1x1 Area, Max Cong = 64.7059%, No Congested Regions.
West Dir 1x1 Area, Max Cong = 57.3529%, No Congested Regions.

------------------------------
Reporting congestion hotspots
------------------------------
Direction: North
----------------
Congested clusters found at Level 0
Effective congestion level: 0 Aspect Ratio: 1 Sparse Ratio: 0
Direction: South
----------------
Congested clusters found at Level 0
Effective congestion level: 0 Aspect Ratio: 1 Sparse Ratio: 1
Direction: East
----------------
Congested clusters found at Level 0
Effective congestion level: 0 Aspect Ratio: 1 Sparse Ratio: 0
Direction: West
----------------
Congested clusters found at Level 0
Effective congestion level: 0 Aspect Ratio: 1 Sparse Ratio: 0

Phase 9 Route finalize | Checksum: 225145df6

Time (s): cpu = 00:00:56 ; elapsed = 00:00:47 . Memory (MB): peak = 2420.344 ; gain = 103.812

Phase 10 Verifying routed nets

 Verification completed successfully
Phase 10 Verifying routed nets | Checksum: 225145df6

Time (s): cpu = 00:00:56 ; elapsed = 00:00:47 . Memory (MB): peak = 2420.344 ; gain = 103.812

Phase 11 Depositing Routes
Phase 11 Depositing Routes | Checksum: 290571713

Time (s): cpu = 00:00:56 ; elapsed = 00:00:48 . Memory (MB): peak = 2420.344 ; gain = 103.812

Phase 12 Incr Placement Change
Netlist sorting complete. Time (s): cpu = 00:00:00 ; elapsed = 00:00:00.001 . Memory (MB): peak = 2420.344 ; gain = 0.000
INFO: [Place 30-746] Post Placement Timing Summary WNS=-2.470. For the most accurate timing information please run report_timing.
Ending IncrPlace Task | Checksum: 1851c3415

Time (s): cpu = 00:00:41 ; elapsed = 00:00:40 . Memory (MB): peak = 2420.344 ; gain = 0.000
Google Cpuprofiler is only supported on Linux.
Phase 12 Incr Placement Change | Checksum: 1851c3415

Time (s): cpu = 00:01:37 ; elapsed = 00:01:27 . Memory (MB): peak = 2420.344 ; gain = 103.812

Phase 13 Build RT Design
Checksum: PlaceDB: 4b57b695 ConstDB: 0 ShapeSum: 83892104 RouteDB: b63b5c7c
Post Restoration Checksum: NetGraph: dc598eeb | NumContArr: 444d984d | Constraints: c2a8fa9d | Timing: c2a8fa9d
Phase 13 Build RT Design | Checksum: 2a5f91c72

Time (s): cpu = 00:01:38 ; elapsed = 00:01:27 . Memory (MB): peak = 2420.344 ; gain = 103.812

Phase 14 Router Initialization

Phase 14.1 Fix Topology Constraints
Phase 14.1 Fix Topology Constraints | Checksum: 2a5f91c72

Time (s): cpu = 00:01:38 ; elapsed = 00:01:27 . Memory (MB): peak = 2420.344 ; gain = 103.812

Phase 14.2 Pre Route Cleanup
Phase 14.2 Pre Route Cleanup | Checksum: 2c5d27ce9

Time (s): cpu = 00:01:38 ; elapsed = 00:01:27 . Memory (MB): peak = 2420.344 ; gain = 103.812
 Number of Nodes with overlaps = 0

Phase 14.3 Update Timing
Phase 14.3 Update Timing | Checksum: 36f39dba1

Time (s): cpu = 00:01:39 ; elapsed = 00:01:28 . Memory (MB): peak = 2420.344 ; gain = 103.812
INFO: [Route 35-416] Intermediate Timing Summary | WNS=-2.554 | TNS=-556.471| WHS=-0.145 | THS=-0.145 |


Phase 14.4 Soft Constraint Pins - Fast Budgeting
Phase 14.4 Soft Constraint Pins - Fast Budgeting | Checksum: 326799876

Time (s): cpu = 00:01:39 ; elapsed = 00:01:28 . Memory (MB): peak = 2421.199 ; gain = 104.668

Router Utilization Summary
  Global Vertical Routing Utilization    = 0.26174 %
  Global Horizontal Routing Utilization  = 0.274155 %
  Routable Net Status*
  *Does not include unroutable nets such as driverless and loadless.
  Run report_route_status for detailed report.
  Number of Failed Nets               = 66
    (Failed Nets is the sum of unrouted and partially routed nets)
  Number of Unrouted Nets             = 5
  Number of Partially Routed Nets     = 61
  Number of Node Overlaps             = 0

Phase 14 Router Initialization | Checksum: 326799876

Time (s): cpu = 00:01:39 ; elapsed = 00:01:28 . Memory (MB): peak = 2421.199 ; gain = 104.668

Phase 15 Global Routing
Phase 15 Global Routing | Checksum: 326799876

Time (s): cpu = 00:01:39 ; elapsed = 00:01:28 . Memory (MB): peak = 2421.199 ; gain = 104.668

Phase 16 Initial Routing

Phase 16.1 Initial Net Routing Pass
Phase 16.1 Initial Net Routing Pass | Checksum: 264fc0469

Time (s): cpu = 00:01:39 ; elapsed = 00:01:29 . Memory (MB): peak = 2421.199 ; gain = 104.668
Phase 16 Initial Routing | Checksum: 264fc0469

Time (s): cpu = 00:01:40 ; elapsed = 00:01:29 . Memory (MB): peak = 2421.199 ; gain = 104.668
INFO: [Route 35-580] Design has 1 pins with tight setup and hold constraints.

The top 5 pins with tight setup and hold constraints:

+=====================+=====================+===========================+
| Launch Setup Clock  | Launch Hold Clock   | Pin                       |
+=====================+=====================+===========================+
| clk_out1_clk_64_mhz | clk_out1_clk_64_mhz | hb823/pc_inst/PC_reg[0]/D |
+---------------------+---------------------+---------------------------+

File with complete list of pins: tight_setup_hold_pins.txt


Phase 17 Rip-up And Reroute

Phase 17.1 Global Iteration 0
 Number of Nodes with overlaps = 157
 Number of Nodes with overlaps = 77
 Number of Nodes with overlaps = 57
 Number of Nodes with overlaps = 55
 Number of Nodes with overlaps = 22
 Number of Nodes with overlaps = 20
 Number of Nodes with overlaps = 20
 Number of Nodes with overlaps = 15
 Number of Nodes with overlaps = 8
 Number of Nodes with overlaps = 7
 Number of Nodes with overlaps = 11
 Number of Nodes with overlaps = 5
 Number of Nodes with overlaps = 5
 Number of Nodes with overlaps = 3
 Number of Nodes with overlaps = 4
 Number of Nodes with overlaps = 5
 Number of Nodes with overlaps = 2
 Number of Nodes with overlaps = 2
 Number of Nodes with overlaps = 0
INFO: [Route 35-416] Intermediate Timing Summary | WNS=-2.701 | TNS=-572.357| WHS=N/A    | THS=N/A    |

Phase 17.1 Global Iteration 0 | Checksum: 291c2dda5

Time (s): cpu = 00:01:44 ; elapsed = 00:01:32 . Memory (MB): peak = 2421.199 ; gain = 104.668

Phase 17.2 Global Iteration 1
 Number of Nodes with overlaps = 172
 Number of Nodes with overlaps = 54
 Number of Nodes with overlaps = 54
 Number of Nodes with overlaps = 28
 Number of Nodes with overlaps = 26
 Number of Nodes with overlaps = 33
 Number of Nodes with overlaps = 7
 Number of Nodes with overlaps = 12
 Number of Nodes with overlaps = 6
 Number of Nodes with overlaps = 5
 Number of Nodes with overlaps = 4
 Number of Nodes with overlaps = 1
 Number of Nodes with overlaps = 0
INFO: [Route 35-416] Intermediate Timing Summary | WNS=-2.553 | TNS=-594.049| WHS=N/A    | THS=N/A    |

Phase 17.2 Global Iteration 1 | Checksum: 22a091d1f

Time (s): cpu = 00:01:48 ; elapsed = 00:01:35 . Memory (MB): peak = 2421.199 ; gain = 104.668

Phase 17.3 Global Iteration 2
 Number of Nodes with overlaps = 161
 Number of Nodes with overlaps = 28
 Number of Nodes with overlaps = 16
 Number of Nodes with overlaps = 24
 Number of Nodes with overlaps = 14
 Number of Nodes with overlaps = 6
 Number of Nodes with overlaps = 5
 Number of Nodes with overlaps = 3
 Number of Nodes with overlaps = 2
 Number of Nodes with overlaps = 0
INFO: [Route 35-416] Intermediate Timing Summary | WNS=-2.532 | TNS=-598.338| WHS=N/A    | THS=N/A    |

Phase 17.3 Global Iteration 2 | Checksum: 1e12fd9fb

Time (s): cpu = 00:01:51 ; elapsed = 00:01:38 . Memory (MB): peak = 2421.203 ; gain = 104.672

Phase 17.4 Global Iteration 3
 Number of Nodes with overlaps = 86
 Number of Nodes with overlaps = 27
 Number of Nodes with overlaps = 23
 Number of Nodes with overlaps = 19
 Number of Nodes with overlaps = 2
 Number of Nodes with overlaps = 5
 Number of Nodes with overlaps = 5
 Number of Nodes with overlaps = 3
 Number of Nodes with overlaps = 2
 Number of Nodes with overlaps = 1
 Number of Nodes with overlaps = 0
INFO: [Route 35-416] Intermediate Timing Summary | WNS=-2.666 | TNS=-626.740| WHS=N/A    | THS=N/A    |

Phase 17.4 Global Iteration 3 | Checksum: 267908992

Time (s): cpu = 00:01:53 ; elapsed = 00:01:39 . Memory (MB): peak = 2421.203 ; gain = 104.672
Phase 17 Rip-up And Reroute | Checksum: 267908992

Time (s): cpu = 00:01:53 ; elapsed = 00:01:39 . Memory (MB): peak = 2421.203 ; gain = 104.672

Phase 18 Delay and Skew Optimization

Phase 18.1 TNS Cleanup

Phase 18.1.1 Delay CleanUp

Phase 18.1.1.1 Update Timing
Phase 18.1.1.1 Update Timing | Checksum: 22f4e7822

Time (s): cpu = 00:01:53 ; elapsed = 00:01:39 . Memory (MB): peak = 2421.203 ; gain = 104.672
INFO: [Route 35-416] Intermediate Timing Summary | WNS=-2.438 | TNS=-560.075| WHS=N/A    | THS=N/A    |

 Number of Nodes with overlaps = 0

Phase 18.1.1.2 Update Timing
Phase 18.1.1.2 Update Timing | Checksum: 28c7a3821

Time (s): cpu = 00:01:53 ; elapsed = 00:01:40 . Memory (MB): peak = 2421.203 ; gain = 104.672
INFO: [Route 35-416] Intermediate Timing Summary | WNS=-2.435 | TNS=-547.035| WHS=N/A    | THS=N/A    |

 Number of Nodes with overlaps = 0

Phase 18.1.1.3 Update Timing
Phase 18.1.1.3 Update Timing | Checksum: 1d3c1029d

Time (s): cpu = 00:01:53 ; elapsed = 00:01:40 . Memory (MB): peak = 2421.203 ; gain = 104.672
INFO: [Route 35-416] Intermediate Timing Summary | WNS=-2.435 | TNS=-545.321| WHS=N/A    | THS=N/A    |

 Number of Nodes with overlaps = 0

Phase 18.1.1.4 Update Timing
Phase 18.1.1.4 Update Timing | Checksum: 20bbda845

Time (s): cpu = 00:01:54 ; elapsed = 00:01:40 . Memory (MB): peak = 2421.203 ; gain = 104.672
INFO: [Route 35-416] Intermediate Timing Summary | WNS=-2.435 | TNS=-545.266| WHS=N/A    | THS=N/A    |

 Number of Nodes with overlaps = 0

Phase 18.1.1.5 Update Timing
Phase 18.1.1.5 Update Timing | Checksum: 22819691a

Time (s): cpu = 00:01:54 ; elapsed = 00:01:40 . Memory (MB): peak = 2421.203 ; gain = 104.672
INFO: [Route 35-416] Intermediate Timing Summary | WNS=-2.435 | TNS=-545.266| WHS=N/A    | THS=N/A    |

Phase 18.1.1 Delay CleanUp | Checksum: 21039ba00

Time (s): cpu = 00:01:54 ; elapsed = 00:01:40 . Memory (MB): peak = 2421.203 ; gain = 104.672
Phase 18.1 TNS Cleanup | Checksum: 21039ba00

Time (s): cpu = 00:01:54 ; elapsed = 00:01:40 . Memory (MB): peak = 2421.203 ; gain = 104.672

Phase 18.2 Clock Skew Optimization
Phase 18.2 Clock Skew Optimization | Checksum: 21039ba00

Time (s): cpu = 00:01:54 ; elapsed = 00:01:40 . Memory (MB): peak = 2421.203 ; gain = 104.672
Phase 18 Delay and Skew Optimization | Checksum: 21039ba00

Time (s): cpu = 00:01:54 ; elapsed = 00:01:40 . Memory (MB): peak = 2421.203 ; gain = 104.672

Phase 19 Post Hold Fix

Phase 19.1 Hold Fix Iter
INFO: [Route 35-416] Intermediate Timing Summary | WNS=-2.435 | TNS=-545.266| WHS=0.181  | THS=0.000  |

Phase 19.1 Hold Fix Iter | Checksum: 2212e2bc7

Time (s): cpu = 00:01:54 ; elapsed = 00:01:40 . Memory (MB): peak = 2421.203 ; gain = 104.672
Phase 19 Post Hold Fix | Checksum: 2212e2bc7

Time (s): cpu = 00:01:54 ; elapsed = 00:01:40 . Memory (MB): peak = 2421.203 ; gain = 104.672

Phase 20 Timing Verification

Phase 20.1 Update Timing
Phase 20.1 Update Timing | Checksum: 2212e2bc7

Time (s): cpu = 00:01:54 ; elapsed = 00:01:40 . Memory (MB): peak = 2421.203 ; gain = 104.672
INFO: [Route 35-416] Intermediate Timing Summary | WNS=-2.435 | TNS=-545.266| WHS=0.181  | THS=0.000  |

Phase 20 Timing Verification | Checksum: 2212e2bc7

Time (s): cpu = 00:01:54 ; elapsed = 00:01:40 . Memory (MB): peak = 2421.203 ; gain = 104.672

Phase 21 Route finalize

Router Utilization Summary
  Global Vertical Routing Utilization    = 0.267398 %
  Global Horizontal Routing Utilization  = 0.286871 %
  Routable Net Status*
  *Does not include unroutable nets such as driverless and loadless.
  Run report_route_status for detailed report.
  Number of Failed Nets               = 0
    (Failed Nets is the sum of unrouted and partially routed nets)
  Number of Unrouted Nets             = 0
  Number of Partially Routed Nets     = 0
  Number of Node Overlaps             = 0


--GLOBAL Congestion:
Utilization threshold used for congestion level computation: 0.85
Congestion Report
North Dir 1x1 Area, Max Cong = 49.5495%, No Congested Regions.
South Dir 1x1 Area, Max Cong = 62.1622%, No Congested Regions.
East Dir 1x1 Area, Max Cong = 64.7059%, No Congested Regions.
West Dir 1x1 Area, Max Cong = 69.1176%, No Congested Regions.

------------------------------
Reporting congestion hotspots
------------------------------
Direction: North
----------------
Congested clusters found at Level 0
Effective congestion level: 0 Aspect Ratio: 1 Sparse Ratio: 0
Direction: South
----------------
Congested clusters found at Level 0
Effective congestion level: 0 Aspect Ratio: 1 Sparse Ratio: 0
Direction: East
----------------
Congested clusters found at Level 0
Effective congestion level: 0 Aspect Ratio: 1 Sparse Ratio: 0
Direction: West
----------------
Congested clusters found at Level 0
Effective congestion level: 0 Aspect Ratio: 1 Sparse Ratio: 0

Phase 21 Route finalize | Checksum: 2212e2bc7

Time (s): cpu = 00:01:54 ; elapsed = 00:01:40 . Memory (MB): peak = 2421.203 ; gain = 104.672

Phase 22 Verifying routed nets

 Verification completed successfully
Phase 22 Verifying routed nets | Checksum: 2212e2bc7

Time (s): cpu = 00:01:54 ; elapsed = 00:01:40 . Memory (MB): peak = 2421.203 ; gain = 104.672

Phase 23 Depositing Routes
Phase 23 Depositing Routes | Checksum: 14b2fac0a

Time (s): cpu = 00:01:54 ; elapsed = 00:01:41 . Memory (MB): peak = 2421.203 ; gain = 104.672

Phase 24 Post Process Routing
Phase 24 Post Process Routing | Checksum: 14b2fac0a

Time (s): cpu = 00:01:54 ; elapsed = 00:01:41 . Memory (MB): peak = 2421.203 ; gain = 104.672

Phase 25 Post Router Timing
INFO: [Route 35-20] Post Routing Timing Summary | WNS=-2.431 | TNS=-544.330| WHS=0.195  | THS=0.000  |

Phase 25 Post Router Timing | Checksum: f64cd592

Time (s): cpu = 00:01:55 ; elapsed = 00:01:41 . Memory (MB): peak = 2421.203 ; gain = 104.672
WARNING: [Route 35-39] The design did not meet timing requirements. Please run report_timing_summary for detailed reports.
Resolution: Verify that the timing was met or had small violations at all previous steps (synthesis, placement, power_opt, and phys_opt). Run report_timing_summary and analyze individual timing paths.
INFO: [Route 35-253] TNS is the sum of the worst slack violation on every endpoint in the design. Review the paths with the biggest WNS violations in the timing reports and modify your constraints or your design to improve both WNS and TNS.
Total Elapsed time in route_design: 101.075 secs

Phase 26 Post-Route Event Processing
Phase 26 Post-Route Event Processing | Checksum: 262c3d7f8

Time (s): cpu = 00:01:55 ; elapsed = 00:01:41 . Memory (MB): peak = 2421.203 ; gain = 104.672
INFO: [Route 35-16] Router Completed Successfully
Ending Routing Task | Checksum: 262c3d7f8

Time (s): cpu = 00:01:55 ; elapsed = 00:01:41 . Memory (MB): peak = 2421.203 ; gain = 104.672

Routing Is Done.
INFO: [Common 17-83] Releasing license: Implementation
1497 Infos, 31 Warnings, 30 Critical Warnings and 0 Errors encountered.
route_design completed successfully
route_design: Time (s): cpu = 00:01:55 ; elapsed = 00:01:41 . Memory (MB): peak = 2421.203 ; gain = 104.672
INFO: [Vivado 12-24828] Executing command : report_drc -file nexys_a7_top_drc_routed.rpt -pb nexys_a7_top_drc_routed.pb -rpx nexys_a7_top_drc_routed.rpx
Command: report_drc -file nexys_a7_top_drc_routed.rpt -pb nexys_a7_top_drc_routed.pb -rpx nexys_a7_top_drc_routed.rpx
INFO: [IP_Flow 19-1839] IP Catalog is up to date.
INFO: [DRC 23-27] Running DRC with 2 threads
INFO: [Vivado_Tcl 2-168] The results of DRC are in file D:/Development/School/computer_arch/cpu_project/nexys-a7/nexys-a7.runs/impl_1/nexys_a7_top_drc_routed.rpt.
report_drc completed successfully
INFO: [Vivado 12-24828] Executing command : report_methodology -file nexys_a7_top_methodology_drc_routed.rpt -pb nexys_a7_top_methodology_drc_routed.pb -rpx nexys_a7_top_methodology_drc_routed.rpx
Command: report_methodology -file nexys_a7_top_methodology_drc_routed.rpt -pb nexys_a7_top_methodology_drc_routed.pb -rpx nexys_a7_top_methodology_drc_routed.rpx
INFO: [Timing 38-35] Done setting XDC timing constraints.
INFO: [DRC 23-133] Running Methodology with 2 threads
INFO: [Vivado_Tcl 2-1520] The results of Report Methodology are in file D:/Development/School/computer_arch/cpu_project/nexys-a7/nexys-a7.runs/impl_1/nexys_a7_top_methodology_drc_routed.rpt.
report_methodology completed successfully
INFO: [Vivado 12-24828] Executing command : report_timing_summary -max_paths 10 -routable_nets -report_unconstrained -file nexys_a7_top_timing_summary_routed.rpt -pb nexys_a7_top_timing_summary_routed.pb -rpx nexys_a7_top_timing_summary_routed.rpx
INFO: [Timing 38-35] Done setting XDC timing constraints.
INFO: [Timing 38-91] UpdateTimingParams: Speed grade: -1, Delay Type: min_max.
INFO: [Timing 38-191] Multithreading enabled for timing update using a maximum of 2 CPUs
INFO: [Vivado 12-24838] Running report commands "report_incremental_reuse, report_route_status" in parallel.
Running report generation with 2 threads.
INFO: [Vivado 12-24828] Executing command : report_route_status -file nexys_a7_top_route_status.rpt -pb nexys_a7_top_route_status.pb
INFO: [Vivado 12-24828] Executing command : report_incremental_reuse -file nexys_a7_top_incremental_reuse_routed.rpt
INFO: [Vivado_Tcl 4-1062] Incremental flow is disabled. No incremental reuse Info to report.
INFO: [Vivado 12-24828] Executing command : report_power -file nexys_a7_top_power_routed.rpt -pb nexys_a7_top_power_summary_routed.pb -rpx nexys_a7_top_power_routed.rpx
Command: report_power -file nexys_a7_top_power_routed.rpt -pb nexys_a7_top_power_summary_routed.pb -rpx nexys_a7_top_power_routed.rpx
Running Vector-less Activity Propagation...

Finished Running Vector-less Activity Propagation
1514 Infos, 31 Warnings, 30 Critical Warnings and 0 Errors encountered.
report_power completed successfully
INFO: [Vivado 12-24828] Executing command : report_clock_utilization -file nexys_a7_top_clock_utilization_routed.rpt
INFO: [Vivado 12-24828] Executing command : report_bus_skew -warn_on_violation -file nexys_a7_top_bus_skew_routed.rpt -pb nexys_a7_top_bus_skew_routed.pb -rpx nexys_a7_top_bus_skew_routed.rpx
INFO: [Timing 38-91] UpdateTimingParams: Speed grade: -1, Delay Type: min_max.
INFO: [Timing 38-191] Multithreading enabled for timing update using a maximum of 2 CPUs
generate_parallel_reports: Time (s): cpu = 00:00:07 ; elapsed = 00:00:05 . Memory (MB): peak = 2421.203 ; gain = 0.000
INFO: [Timing 38-480] Writing timing data to binary archive.
Wrote PlaceDB: Time (s): cpu = 00:00:00 ; elapsed = 00:00:00 . Memory (MB): peak = 2421.203 ; gain = 0.000
Write ShapeDB Complete: Time (s): cpu = 00:00:00 ; elapsed = 00:00:00.004 . Memory (MB): peak = 2421.203 ; gain = 0.000
Wrote PulsedLatchDB: Time (s): cpu = 00:00:00 ; elapsed = 00:00:00 . Memory (MB): peak = 2421.203 ; gain = 0.000
Writing XDEF routing.
Writing XDEF routing logical nets.
Writing XDEF routing special nets.
Wrote RouteStorage: Time (s): cpu = 00:00:01 ; elapsed = 00:00:00.033 . Memory (MB): peak = 2421.203 ; gain = 0.000
Wrote PlaceStorage: Time (s): cpu = 00:00:00 ; elapsed = 00:00:00.051 . Memory (MB): peak = 2421.203 ; gain = 0.000
Wrote Netlist Cache: Time (s): cpu = 00:00:00 ; elapsed = 00:00:00.003 . Memory (MB): peak = 2421.203 ; gain = 0.000
Wrote Device Cache: Time (s): cpu = 00:00:00 ; elapsed = 00:00:00.009 . Memory (MB): peak = 2421.203 ; gain = 0.000
Write Physdb Complete: Time (s): cpu = 00:00:01 ; elapsed = 00:00:00.108 . Memory (MB): peak = 2421.203 ; gain = 0.000
INFO: [Common 17-1381] The checkpoint 'D:/Development/School/computer_arch/cpu_project/nexys-a7/nexys-a7.runs/impl_1/nexys_a7_top_routed.dcp' has been generated.
Command: phys_opt_design -directive Explore
Attempting to get a license for feature 'Implementation' and/or device 'xc7a100t'
INFO: [Common 17-349] Got license for feature 'Implementation' and/or device 'xc7a100t'
INFO: [Vivado_Tcl 4-241] Physical synthesis in post route mode 
INFO: [Vivado_Tcl 4-137] Directive used for phys_opt_design is: Explore
INFO: [Vivado_Tcl 4-1435] PhysOpt_Tcl_Interface Runtime Before Starting Physical Synthesis Task | CPU: 0.00s |  WALL: 0.03s
INFO: [DRC 23-27] Running DRC with 2 threads
INFO: [Vivado_Tcl 4-198] DRC finished with 0 Errors
INFO: [Vivado_Tcl 4-199] Please refer to the DRC report (report_drc) for more information.
Netlist sorting complete. Time (s): cpu = 00:00:00 ; elapsed = 00:00:00 . Memory (MB): peak = 2421.203 ; gain = 0.000

Starting Physical Synthesis Task

Phase 1 Physical Synthesis Initialization
INFO: [Physopt 32-721] Multithreading enabled for phys_opt_design using a maximum of 2 CPUs
INFO: [Physopt 32-668] Current Timing Summary | WNS=-2.431 | TNS=-544.331 | WHS=0.195 | THS=0.000 |
Phase 1 Physical Synthesis Initialization | Checksum: 3c521b23c

Time (s): cpu = 00:00:01 ; elapsed = 00:00:00.347 . Memory (MB): peak = 2421.203 ; gain = 0.000
WARNING: [Physopt 32-745] Physical Optimization has determined that the magnitude of the negative slack is too large and it is highly unlikely that slack will be improved. Post-Route Physical Optimization is most effective when WNS is above -0.5ns

Phase 2 Critical Path Optimization
INFO: [Physopt 32-668] Current Timing Summary | WNS=-2.431 | TNS=-544.331 | WHS=0.195 | THS=0.000 |
INFO: [Physopt 32-953] Path group WNS did not improve. Path group: clk_out1_clk_64_mhz. Processed net: data_mem_instance/DOBDO[0].
INFO: [Physopt 32-953] Path group WNS did not improve. Path group: clk_out1_clk_64_mhz. Processed net: clk_64/inst/clk_out1_clk_64_mhz.
